<kml xmlns="http://www.opengis.net/kml/2.2" xmlns:atom="http://www.w3.org/2005/Atom" xmlns:gx="http://www.google.com/kml/ext/2.2">
  <Document>
    <Style id="QueryArea">
      <LineStyle>
        <color>ffc0c000</color>
        <width>3</width>
      </LineStyle>
      <PolyStyle>
        <color>80ffffaa</color>
      </PolyStyle>
    </Style>
    <Style id="F3548v21Accepted">
      <LineStyle>
        <color>ff00c000</color>
        <width>3</width>
      </LineStyle>
      <PolyStyle>
        <color>80c0c0c0</color>
      </PolyStyle>
    </Style>
    <Style id="F3548v21Activated">
      <LineStyle>
        <color>ff00c000</color>
        <width>3</width>
      </LineStyle>
      <PolyStyle>
        <color>8000ff00</color>
      </PolyStyle>
    </Style>
    <Style id="F3548v21Nonconforming">
      <LineStyle>
        <color>ff00ffff</color>
        <width>5</width>
      </LineStyle>
      <PolyStyle>
        <color>8000ffff</color>
      </PolyStyle>
    </Style>
    <Style id="F3548v21Contingent">
      <LineStyle>
        <color>ff0000ff</color>
        <width>5</width>
      </LineStyle>
      <PolyStyle>
        <color>80ff0000ff</color>
      </PolyStyle>
    </Style>
    <Style id="F3548v21AcceptedFuture">
      <LineStyle>
        <color>80c0c0c0</color>
        <width>1</width>
      </LineStyle>
      <PolyStyle>
        <color>00000000</color>
      </PolyStyle>
    </Style>
    <Style id="F3548v21ActivatedFuture">
      <LineStyle>
        <color>8040c040</color>
        <width>1</width>
      </LineStyle>
      <PolyStyle>
        <color>00000000</color>
      </PolyStyle>
    </Style>
    <Style id="F3548v21NonconformingFuture">
      <LineStyle>
        <color>8000ffff</color>
        <width>1</width>
      </LineStyle>
      <PolyStyle>
        <color>00000000</color>
      </PolyStyle>
    </Style>
    <Style id="F3548v21ContingentFuture">
      <LineStyle>
        <color>80ff0000ff</color>
        <width>1</width>
      </LineStyle>
      <PolyStyle>
        <color>00000000</color>
      </PolyStyle>
    </Style>
    <Style id="Planned_Nominal">
      <LineStyle>
        <color>ff00c000</color>
        <width>3</width>
      </LineStyle>
      <PolyStyle>
        <color>80808080</color>
      </PolyStyle>
    </Style>
    <Style id="InUse_Nominal">
      <LineStyle>
        <color>ff00c000</color>
        <width>3</width>
      </LineStyle>
      <PolyStyle>
        <color>8000ff00</color>
      </PolyStyle>
    </Style>
    <Style id="InUse_OffNominal">
      <LineStyle>
        <color>ff00ffff</color>
        <width>5</width>
      </LineStyle>
      <PolyStyle>
        <color>8000ff00</color>
      </PolyStyle>
    </Style>
    <Style id="InUse_Contingent">
      <LineStyle>
        <color>ff0000ff</color>
        <width>5</width>
      </LineStyle>
      <PolyStyle>
        <color>8000ff00</color>
      </PolyStyle>
    </Style>
    <Style id="unmodifiedtelemetry">
      <IconStyle>
        <scale>1.4</scale>
        <Icon>
          <href>http://maps.google.com/mapfiles/kml/shapes/placemark_circle.png</href>
        </Icon>
      </IconStyle>
    </Style>
    <Style id="modifiedtelemetry">
      <IconStyle>
        <scale>1.4</scale>
        <Icon>
          <href>http://maps.google.com/mapfiles/kml/shapes/placemark_square.png</href>
        </Icon>
      </IconStyle>
    </Style>
    <Style id="aircraft">
      <IconStyle>
        <scale>1.4</scale>
        <Icon>
          <href>http://maps.google.com/mapfiles/kml/shapes/airports.png</href>
        </Icon>
      </IconStyle>
    </Style>
    <Folder>
      <name>Nominal planning: conflict with higher priority</name>
      <Folder>
        <name>Prerequisites check</name>
        <Folder>
          <name>Verify area is clear</name>
          <Folder>
            <name>E3: uss1 astm.f3548.v21.dss.queryOperationalIntentReferences</name>
            <Placemark>
              <name>area_of_interest</name>
              <styleUrl>#QueryArea</styleUrl>
              <description><![CDATA[(no operational intent references found)]]></description>
              <TimeSpan>
                <begin>2026-10-08T16:10:27.263110+00:00</begin>
                <end>2026-10-08T17:40:28.263110+00:00</end>
              </TimeSpan>
              <MultiGeometry>
                <Polygon>
                  <altitudeMode>absolute</altitudeMode>
                  <outerBoundaryIs>
                    <LinearRing>
                      <coordinates>7.477046661060006,46.974528046030414,526.2715922017426 7.477046661060006,46.97530804909576,526.2715922017426 7.47810665524113,46.97530804909576,526.2715922017426 7.47810665524113,46.974528046030414,526.2715922017426</coordinates>
                    </LinearRing>
                  </outerBoundaryIs>
                </Polygon>
                <Polygon>
                  <altitudeMode>absolute</altitudeMode>
                  <outerBoundaryIs>
                    <LinearRing>
                      <coordinates>7.477046661060006,46.974528046030414,606.3215922017425 7.477046661060006,46.97530804909576,606.3215922017425 7.47810665524113,46.97530804909576,606.3215922017425 7.47810665524113,46.974528046030414,606.3215922017425</coordinates>
                    </LinearRing>
                  </outerBoundaryIs>
                </Polygon>
                <Polygon>
                  <altitudeMode>absolute</altitudeMode>
                  <outerBoundaryIs>
                    <LinearRing>
                      <coordinates>7.477046661060006,46.974528046030414,526.2715922017426 7.477046661060006,46.974528046030414,606.3215922017425 7.477046661060006,46.97530804909576,606.3215922017425 7.477046661060006,46.97530804909576,526.2715922017426</coordinates>
                    </LinearRing>
                  </outerBoundaryIs>
                </Polygon>
                <Polygon>
                  <altitudeMode>absolute</altitudeMode>
                  <outerBoundaryIs>
                    <LinearRing>
                      <coordinates>7.477046661060006,46.97530804909576,526.2715922017426 7.477046661060006,46.97530804909576,606.3215922017425 7.47810665524113,46.97530804909576,606.3215922017425 7.47810665524113,46.97530804909576,526.2715922017426</coordinates>
                    </LinearRing>
                  </outerBoundaryIs>
                </Polygon>
                <Polygon>
                  <altitudeMode>absolute</altitudeMode>
                  <outerBoundaryIs>
                    <LinearRing>
                      <coordinates>7.47810665524113,46.97530804909576,526.2715922017426 7.47810665524113,46.97530804909576,606.3215922017425 7.47810665524113,46.974528046030414,606.3215922017425 7.47810665524113,46.974528046030414,526.2715922017426</coordinates>
                    </LinearRing>
                  </outerBoundaryIs>
                </Polygon>
                <Polygon>
                  <altitudeMode>absolute</altitudeMode>
                  <outerBoundaryIs>
                    <LinearRing>
                      <coordinates>7.47810665524113,46.974528046030414,526.2715922017426 7.47810665524113,46.974528046030414,606.3215922017425 7.477046661060006,46.974528046030414,606.3215922017425 7.477046661060006,46.974528046030414,526.2715922017426</coordinates>
                    </LinearRing>
                  </outerBoundaryIs>
                </Polygon>
              </MultiGeometry>
            </Placemark>
          </Folder>
        </Folder>
      </Folder>
      <Folder>
        <name>Attempt to plan flight in conflict</name>
        <Folder>
          <name>Plan Flight 2</name>
          <Folder>
            <name>E6: uss1 astm.f3548.v21.dss.queryOperationalIntentReferences</name>
            <Placemark>
              <name>area_of_interest</name>
              <styleUrl>#QueryArea</styleUrl>
              <description><![CDATA[(no operational intent references found)]]></description>
              <TimeSpan>
                <begin>2026-10-08T16:10:27.330842+00:00</begin>
                <end>2026-10-08T16:55:28.330842+00:00</end>
              </TimeSpan>
              <MultiGeometry>
                <Polygon>
                  <altitudeMode>absolute</altitudeMode>
                  <outerBoundaryIs>
                    <LinearRing>
                      <coordinates>7.477046661060006,46.97455925749912,555.2513975997226 7.477046661060006,46.97530804909576,555.2513975997226 7.477627795613881,46.97530804909576,555.2513975997226 7.477627795613881,46.97455925749912,555.2513975997226</coordinates>
                    </LinearRing>
                  </outerBoundaryIs>
                </Polygon>
                <Polygon>
                  <altitudeMode>absolute</altitudeMode>
                  <outerBoundaryIs>
                    <LinearRing>
                      <coordinates>7.477046661060006,46.97455925749912,584.3213975997227 7.477046661060006,46.97530804909576,584.3213975997227 7.477627795613881,46.97530804909576,584.3213975997227 7.477627795613881,46.97455925749912,584.3213975997227</coordinates>
                    </LinearRing>
                  </outerBoundaryIs>
                </Polygon>
                <Polygon>
                  <altitudeMode>absolute</altitudeMode>
                  <outerBoundaryIs>
                    <LinearRing>
                      <coordinates>7.477046661060006,46.97455925749912,555.2513975997226 7.477046661060006,46.97455925749912,584.3213975997227 7.477046661060006,46.97530804909576,584.3213975997227 7.477046661060006,46.97530804909576,555.2513975997226</coordinates>
                    </LinearRing>
                  </outerBoundaryIs>
                </Polygon>
                <Polygon>
                  <altitudeMode>absolute</altitudeMode>
                  <outerBoundaryIs>
                    <LinearRing>
                      <coordinates>7.477046661060006,46.97530804909576,555.2513975997226 7.477046661060006,46.97530804909576,584.3213975997227 7.477627795613881,46.97530804909576,584.3213975997227 7.477627795613881,46.97530804909576,555.2513975997226</coordinates>
                    </LinearRing>
                  </outerBoundaryIs>
                </Polygon>
                <Polygon>
                  <altitudeMode>absolute</altitudeMode>
                  <outerBoundaryIs>
                    <LinearRing>
                      <coordinates>7.477627795613881,46.97530804909576,555.2513975997226 7.477627795613881,46.97530804909576,584.3213975997227 7.477627795613881,46.97455925749912,584.3213975997227 7.477627795613881,46.97455925749912,555.2513975997226</coordinates>
                    </LinearRing>
                  </outerBoundaryIs>
                </Polygon>
                <Polygon>
                  <altitudeMode>absolute</altitudeMode>
                  <outerBoundaryIs>
                    <LinearRing>
                      <coordinates>7.477627795613881,46.97455925749912,555.2513975997226 7.477627795613881,46.97455925749912,584.3213975997227 7.477046661060006,46.97455925749912,584.3213975997227 7.477046661060006,46.97455925749912,555.2513975997226</coordinates>
                    </LinearRing>
                  </outerBoundaryIs>
                </Polygon>
              </MultiGeometry>
            </Placemark>
          </Folder>
          <Folder>
            <name>E8: uss1 interuss.automated_testing.flight_planning.v1.UpsertFlightPlan</name>
            <Folder>
              <name>Activity Completed, flight Planned</name>
              <Placemark>
                <name>Volume 0</name>
                <styleUrl>#Planned_Nominal</styleUrl>
                <TimeSpan>
                  <begin>2026-10-08T16:10:27.330842+00:00</begin>
                  <end>2026-10-08T16:55:28.330842+00:00</end>
                </TimeSpan>
                <MultiGeometry>
                  <Polygon>
                    <altitudeMode>absolute</altitudeMode>
                    <outerBoundaryIs>
                      <LinearRing>
                        <coordinates>7.477046661060006,46.97501988078352,555.2514246078914 7.477301884621132,46.97455925749912,555.2514246078914 7.477627795613881,46.97494726396419,555.2514246078914 7.477364256610934,46.97530804909575,555.2514246078914</coordinates>
                      </LinearRing>
                    </outerBoundaryIs>
                  </Polygon>
                  <Polygon>
                    <altitudeMode>absolute</altitudeMode>
                    <outerBoundaryIs>
                      <LinearRing>
                        <coordinates>7.477046661060006,46.97501988078352,584.3214246078915 7.477301884621132,46.97455925749912,584.3214246078915 7.477627795613881,46.97494726396419,584.3214246078915 7.477364256610934,46.97530804909575,584.3214246078915</coordinates>
                      </LinearRing>
                    </outerBoundaryIs>
                  </Polygon>
                  <Polygon>
                    <altitudeMode>absolute</altitudeMode>
                    <outerBoundaryIs>
                      <LinearRing>
                        <coordinates>7.477046661060006,46.97501988078352,555.2514246078914 7.477046661060006,46.97501988078352,584.3214246078915 7.477301884621132,46.97455925749912,584.3214246078915 7.477301884621132,46.97455925749912,555.2514246078914</coordinates>
                      </LinearRing>
                    </outerBoundaryIs>
                  </Polygon>
                  <Polygon>
                    <altitudeMode>absolute</altitudeMode>
                    <outerBoundaryIs>
                      <LinearRing>
                        <coordinates>7.477301884621132,46.97455925749912,555.2514246078914 7.477301884621132,46.97455925749912,584.3214246078915 7.477627795613881,46.97494726396419,584.3214246078915 7.477627795613881,46.97494726396419,555.2514246078914</coordinates>
                      </LinearRing>
                    </outerBoundaryIs>
                  </Polygon>
                  <Polygon>
                    <altitudeMode>absolute</altitudeMode>
                    <outerBoundaryIs>
                      <LinearRing>
                        <coordinates>7.477627795613881,46.97494726396419,555.2514246078914 7.477627795613881,46.97494726396419,584.3214246078915 7.477364256610934,46.97530804909575,584.3214246078915 7.477364256610934,46.97530804909575,555.2514246078914</coordinates>
                      </LinearRing>
                    </outerBoundaryIs>
                  </Polygon>
                  <Polygon>
                    <altitudeMode>absolute</altitudeMode>
                    <outerBoundaryIs>
                      <LinearRing>
                        <coordinates>7.477364256610934,46.97530804909575,555.2514246078914 7.477364256610934,46.97530804909575,584.3214246078915 7.477046661060006,46.97501988078352,584.3214246078915 7.477046661060006,46.97501988078352,555.2514246078914</coordinates>
                      </LinearRing>
                    </outerBoundaryIs>
                  </Polygon>
                </MultiGeometry>
              </Placemark>
            </Folder>
          </Folder>
          <Folder>
            <name>E12: uss1 astm.f3548.v21.dss.queryOperationalIntentReferences</name>
            <Placemark>
              <name>area_of_interest</name>
              <styleUrl>#QueryArea</styleUrl>
              <description><![CDATA[<ul><li>uss1's Accepted a3d9698e-216f-495d-935e-d3653ef995dd[1]</li></ul>]]></description>
              <TimeSpan>
                <begin>2026-10-08T16:10:27.330842+00:00</begin>
                <end>2026-10-08T16:55:28.330842+00:00</end>
              </TimeSpan>
              <MultiGeometry>
                <Polygon>
                  <altitudeMode>absolute</altitudeMode>
                  <outerBoundaryIs>
                    <LinearRing>
                      <coordinates>7.477046661060006,46.97455925749912,555.2513975997226 7.477046661060006,46.97530804909576,555.2513975997226 7.477627795613881,46.97530804909576,555.2513975997226 7.477627795613881,46.97455925749912,555.2513975997226</coordinates>
                    </LinearRing>
                  </outerBoundaryIs>
                </Polygon>
                <Polygon>
                  <altitudeMode>absolute</altitudeMode>
                  <outerBoundaryIs>
                    <LinearRing>
                      <coordinates>7.477046661060006,46.97455925749912,584.3213975997227 7.477046661060006,46.97530804909576,584.3213975997227 7.477627795613881,46.97530804909576,584.3213975997227 7.477627795613881,46.97455925749912,584.3213975997227</coordinates>
                    </LinearRing>
                  </outerBoundaryIs>
                </Polygon>
                <Polygon>
                  <altitudeMode>absolute</altitudeMode>
                  <outerBoundaryIs>
                    <LinearRing>
                      <coordinates>7.477046661060006,46.97455925749912,555.2513975997226 7.477046661060006,46.97455925749912,584.3213975997227 7.477046661060006,46.97530804909576,584.3213975997227 7.477046661060006,46.97530804909576,555.2513975997226</coordinates>
                    </LinearRing>
                  </outerBoundaryIs>
                </Polygon>
                <Polygon>
                  <altitudeMode>absolute</altitudeMode>
                  <outerBoundaryIs>
                    <LinearRing>
                      <coordinates>7.477046661060006,46.97530804909576,555.2513975997226 7.477046661060006,46.97530804909576,584.3213975997227 7.477627795613881,46.97530804909576,584.3213975997227 7.477627795613881,46.97530804909576,555.2513975997226</coordinates>
                    </LinearRing>
                  </outerBoundaryIs>
                </Polygon>
                <Polygon>
                  <altitudeMode>absolute</altitudeMode>
                  <outerBoundaryIs>
                    <LinearRing>
                      <coordinates>7.477627795613881,46.97530804909576,555.2513975997226 7.477627795613881,46.97530804909576,584.3213975997227 7.477627795613881,46.97455925749912,584.3213975997227 7.477627795613881,46.97455925749912,555.2513975997226</coordinates>
                    </LinearRing>
                  </outerBoundaryIs>
                </Polygon>
                <Polygon>
                  <altitudeMode>absolute</altitudeMode>
                  <outerBoundaryIs>
                    <LinearRing>
                      <coordinates>7.477627795613881,46.97455925749912,555.2513975997226 7.477627795613881,46.97455925749912,584.3213975997227 7.477046661060006,46.97455925749912,584.3213975997227 7.477046661060006,46.97455925749912,555.2513975997226</coordinates>
                    </LinearRing>
                  </outerBoundaryIs>
                </Polygon>
              </MultiGeometry>
            </Placemark>
          </Folder>
          <Folder>
            <name>E16: uss1 astm.f3548.v21.uss.getOperationalIntentDetails</name>
            <Folder>
              <name>uss1's P100 Accepted a3d9698e-216f-495d-935e-d3653ef995dd[1] @ MOcflCg668gsp9lLEpnxM19VHitzlaZrMsM9W7TC-Yo_</name>
              <Placemark>
                <name>Nominal volume 0</name>
                <styleUrl>#F3548v21Accepted</styleUrl>
                <TimeSpan>
                  <begin>2026-10-08T16:10:28.348446+00:00</begin>
                  <end>2026-10-08T16:55:28.330842+00:00</end>
                </TimeSpan>
                <MultiGeometry>
                  <Polygon>
                    <altitudeMode>absolute</altitudeMode>
                    <outerBoundaryIs>
                      <LinearRing>
                        <coordinates>7.477046661060006,46.97501988078352,555.2514246078914 7.477301884621132,46.97455925749912,555.2514246078914 7.477627795613881,46.97494726396419,555.2514246078914 7.477364256610934,46.97530804909575,555.2514246078914</coordinates>
                      </LinearRing>
                    </outerBoundaryIs>
                  </Polygon>
                  <Polygon>
                    <altitudeMode>absolute</altitudeMode>
                    <outerBoundaryIs>
                      <LinearRing>
                        <coordinates>7.477046661060006,46.97501988078352,584.3214246078915 7.477301884621132,46.97455925749912,584.3214246078915 7.477627795613881,46.97494726396419,584.3214246078915 7.477364256610934,46.97530804909575,584.3214246078915</coordinates>
                      </LinearRing>
                    </outerBoundaryIs>
                  </Polygon>
                  <Polygon>
                    <altitudeMode>absolute</altitudeMode>
                    <outerBoundaryIs>
                      <LinearRing>
                        <coordinates>7.477046661060006,46.97501988078352,555.2514246078914 7.477046661060006,46.97501988078352,584.3214246078915 7.477301884621132,46.97455925749912,584.3214246078915 7.477301884621132,46.97455925749912,555.2514246078914</coordinates>
                      </LinearRing>
                    </outerBoundaryIs>
                  </Polygon>
                  <Polygon>
                    <altitudeMode>absolute</altitudeMode>
                    <outerBoundaryIs>
                      <LinearRing>
                        <coordinates>7.477301884621132,46.97455925749912,555.2514246078914 7.477301884621132,46.97455925749912,584.3214246078915 7.477627795613881,46.97494726396419,584.3214246078915 7.477627795613881,46.97494726396419,555.2514246078914</coordinates>
                      </LinearRing>
                    </outerBoundaryIs>
                  </Polygon>
                  <Polygon>
                    <altitudeMode>absolute</altitudeMode>
                    <outerBoundaryIs>
                      <LinearRing>
                        <coordinates>7.477627795613881,46.97494726396419,555.2514246078914 7.477627795613881,46.97494726396419,584.3214246078915 7.477364256610934,46.97530804909575,584.3214246078915 7.477364256610934,46.97530804909575,555.2514246078914</coordinates>
                      </LinearRing>
                    </outerBoundaryIs>
                  </Polygon>
                  <Polygon>
                    <altitudeMode>absolute</altitudeMode>
                    <outerBoundaryIs>
                      <LinearRing>
                        <coordinates>7.477364256610934,46.97530804909575,555.2514246078914 7.477364256610934,46.97530804909575,584.3214246078915 7.477046661060006,46.97501988078352,584.3214246078915 7.477046661060006,46.97501988078352,555.2514246078914</coordinates>
                      </LinearRing>
                    </outerBoundaryIs>
                  </Polygon>
                </MultiGeometry>
              </Placemark>
            </Folder>
          </Folder>
        </Folder>
        <Folder>
          <name>Attempt to plan Flight 1</name>
          <Folder>
            <name>E25: uss1 astm.f3548.v21.dss.queryOperationalIntentReferences</name>
            <Placemark>
              <name>area_of_interest</name>
              <styleUrl>#QueryArea</styleUrl>
              <description><![CDATA[<ul><li>uss1's Accepted a3d9698e-216f-495d-935e-d3653ef995dd[1]</li></ul>]]></description>
              <TimeSpan>
                <begin>2026-10-08T16:10:27.431658+00:00</begin>
                <end>2026-10-08T16:55:28.431658+00:00</end>
              </TimeSpan>
              <MultiGeometry>
                <Polygon>
                  <altitudeMode>absolute</altitudeMode>
                  <outerBoundaryIs>
                    <LinearRing>
                      <coordinates>7.477086559435829,46.974528046030414,556.3313835555317 7.477086559435829,46.97491720487753,556.3313835555317 7.47810665524113,46.97491720487753,556.3313835555317 7.47810665524113,46.974528046030414,556.3313835555317</coordinates>
                    </LinearRing>
                  </outerBoundaryIs>
                </Polygon>
                <Polygon>
                  <altitudeMode>absolute</altitudeMode>
                  <outerBoundaryIs>
                    <LinearRing>
                      <coordinates>7.477086559435829,46.974528046030414,586.3213835555317 7.477086559435829,46.97491720487753,586.3213835555317 7.47810665524113,46.97491720487753,586.3213835555317 7.47810665524113,46.974528046030414,586.3213835555317</coordinates>
                    </LinearRing>
                  </outerBoundaryIs>
                </Polygon>
                <Polygon>
                  <altitudeMode>absolute</altitudeMode>
                  <outerBoundaryIs>
                    <LinearRing>
                      <coordinates>7.477086559435829,46.974528046030414,556.3313835555317 7.477086559435829,46.974528046030414,586.3213835555317 7.477086559435829,46.97491720487753,586.3213835555317 7.477086559435829,46.97491720487753,556.3313835555317</coordinates>
                    </LinearRing>
                  </outerBoundaryIs>
                </Polygon>
                <Polygon>
                  <altitudeMode>absolute</altitudeMode>
                  <outerBoundaryIs>
                    <LinearRing>
                      <coordinates>7.477086559435829,46.97491720487753,556.3313835555317 7.477086559435829,46.97491720487753,586.3213835555317 7.47810665524113,46.97491720487753,586.3213835555317 7.47810665524113,46.97491720487753,556.3313835555317</coordinates>
                    </LinearRing>
                  </outerBoundaryIs>
                </Polygon>
                <Polygon>
                  <altitudeMode>absolute</altitudeMode>
                  <outerBoundaryIs>
                    <LinearRing>
                      <coordinates>7.47810665524113,46.97491720487753,556.3313835555317 7.47810665524113,46.97491720487753,586.3213835555317 7.47810665524113,46.974528046030414,586.3213835555317 7.47810665524113,46.974528046030414,556.3313835555317</coordinates>
                    </LinearRing>
                  </outerBoundaryIs>
                </Polygon>
                <Polygon>
                  <altitudeMode>absolute</altitudeMode>
                  <outerBoundaryIs>
                    <LinearRing>
                      <coordinates>7.47810665524113,46.974528046030414,556.3313835555317 7.47810665524113,46.974528046030414,586.3213835555317 7.477086559435829,46.974528046030414,586.3213835555317 7.477086559435829,46.974528046030414,556.3313835555317</coordinates>
                    </LinearRing>
                  </outerBoundaryIs>
                </Polygon>
              </MultiGeometry>
            </Placemark>
          </Folder>
          <Folder>
            <name>E27: uss1 interuss.automated_testing.flight_planning.v1.UpsertFlightPlan</name>
            <Folder>
              <name>Activity Rejected, flight NotPlanned</name>
              <Placemark>
                <name>Volume 0</name>
                <styleUrl>#Planned_Nominal</styleUrl>
                <TimeSpan>
                  <begin>2026-10-08T16:10:27.431658+00:00</begin>
                  <end>2026-10-08T16:55:28.431658+00:00</end>
                </TimeSpan>
                <MultiGeometry>
                  <Polygon>
                    <altitudeMode>absolute</altitudeMode>
                    <outerBoundaryIs>
                      <LinearRing>
                        <coordinates>7.477086559435829,46.97461768818806,556.3313946064567 7.4771115068433796,46.97491720487753,556.3313946064567 7.478062605790899,46.974880319566886,556.3313946064567 7.47810665524113,46.974528046030414,556.3313946064567</coordinates>
                      </LinearRing>
                    </outerBoundaryIs>
                  </Polygon>
                  <Polygon>
                    <altitudeMode>absolute</altitudeMode>
                    <outerBoundaryIs>
                      <LinearRing>
                        <coordinates>7.477086559435829,46.97461768818806,586.3213946064567 7.4771115068433796,46.97491720487753,586.3213946064567 7.478062605790899,46.974880319566886,586.3213946064567 7.47810665524113,46.974528046030414,586.3213946064567</coordinates>
                      </LinearRing>
                    </outerBoundaryIs>
                  </Polygon>
                  <Polygon>
                    <altitudeMode>absolute</altitudeMode>
                    <outerBoundaryIs>
                      <LinearRing>
                        <coordinates>7.477086559435829,46.97461768818806,556.3313946064567 7.477086559435829,46.97461768818806,586.3213946064567 7.4771115068433796,46.97491720487753,586.3213946064567 7.4771115068433796,46.97491720487753,556.3313946064567</coordinates>
                      </LinearRing>
                    </outerBoundaryIs>
                  </Polygon>
                  <Polygon>
                    <altitudeMode>absolute</altitudeMode>
                    <outerBoundaryIs>
                      <LinearRing>
                        <coordinates>7.4771115068433796,46.97491720487753,556.3313946064567 7.4771115068433796,46.97491720487753,586.3213946064567 7.478062605790899,46.974880319566886,586.3213946064567 7.478062605790899,46.974880319566886,556.3313946064567</coordinates>
                      </LinearRing>
                    </outerBoundaryIs>
                  </Polygon>
                  <Polygon>
                    <altitudeMode>absolute</altitudeMode>
                    <outerBoundaryIs>
                      <LinearRing>
                        <coordinates>7.478062605790899,46.974880319566886,556.3313946064567 7.478062605790899,46.974880319566886,586.3213946064567 7.47810665524113,46.974528046030414,586.3213946064567 7.47810665524113,46.974528046030414,556.3313946064567</coordinates>
                      </LinearRing>
                    </outerBoundaryIs>
                  </Polygon>
                  <Polygon>
                    <altitudeMode>absolute</altitudeMode>
                    <outerBoundaryIs>
                      <LinearRing>
                        <coordinates>7.47810665524113,46.974528046030414,556.3313946064567 7.47810665524113,46.974528046030414,586.3213946064567 7.477086559435829,46.97461768818806,586.3213946064567 7.477086559435829,46.97461768818806,556.3313946064567</coordinates>
                      </LinearRing>
                    </outerBoundaryIs>
                  </Polygon>
                </MultiGeometry>
              </Placemark>
            </Folder>
          </Folder>
          <Folder>
            <name>E30: uss1 astm.f3548.v21.dss.queryOperationalIntentReferences</name>
            <Placemark>
              <name>area_of_interest</name>
              <styleUrl>#QueryArea</styleUrl>
              <description><![CDATA[<ul><li>uss1's Accepted a3d9698e-216f-495d-935e-d3653ef995dd[1]</li></ul>]]></description>
              <TimeSpan>
                <begin>2026-10-08T16:10:27.431658+00:00</begin>
                <end>2026-10-08T16:55:28.431658+00:00</end>
              </TimeSpan>
              <MultiGeometry>
                <Polygon>
                  <altitudeMode>absolute</altitudeMode>
                  <outerBoundaryIs>
                    <LinearRing>
                      <coordinates>7.477086559435829,46.974528046030414,556.3313835555317 7.477086559435829,46.97491720487753,556.3313835555317 7.47810665524113,46.97491720487753,556.3313835555317 7.47810665524113,46.974528046030414,556.3313835555317</coordinates>
                    </LinearRing>
                  </outerBoundaryIs>
                </Polygon>
                <Polygon>
                  <altitudeMode>absolute</altitudeMode>
                  <outerBoundaryIs>
                    <LinearRing>
                      <coordinates>7.477086559435829,46.974528046030414,586.3213835555317 7.477086559435829,46.97491720487753,586.3213835555317 7.47810665524113,46.97491720487753,586.3213835555317 7.47810665524113,46.974528046030414,586.3213835555317</coordinates>
                    </LinearRing>
                  </outerBoundaryIs>
                </Polygon>
                <Polygon>
                  <altitudeMode>absolute</altitudeMode>
                  <outerBoundaryIs>
                    <LinearRing>
                      <coordinates>7.477086559435829,46.974528046030414,556.3313835555317 7.477086559435829,46.974528046030414,586.3213835555317 7.477086559435829,46.97491720487753,586.3213835555317 7.477086559435829,46.97491720487753,556.3313835555317</coordinates>
                    </LinearRing>
                  </outerBoundaryIs>
                </Polygon>
                <Polygon>
                  <altitudeMode>absolute</altitudeMode>
                  <outerBoundaryIs>
                    <LinearRing>
                      <coordinates>7.477086559435829,46.97491720487753,556.3313835555317 7.477086559435829,46.97491720487753,586.3213835555317 7.47810665524113,46.97491720487753,586.3213835555317 7.47810665524113,46.97491720487753,556.3313835555317</coordinates>
                    </LinearRing>
                  </outerBoundaryIs>
                </Polygon>
                <Polygon>
                  <altitudeMode>absolute</altitudeMode>
                  <outerBoundaryIs>
                    <LinearRing>
                      <coordinates>7.47810665524113,46.97491720487753,556.3313835555317 7.47810665524113,46.97491720487753,586.3213835555317 7.47810665524113,46.974528046030414,586.3213835555317 7.47810665524113,46.974528046030414,556.3313835555317</coordinates>
                    </LinearRing>
                  </outerBoundaryIs>
                </Polygon>
                <Polygon>
                  <altitudeMode>absolute</altitudeMode>
                  <outerBoundaryIs>
                    <LinearRing>
                      <coordinates>7.47810665524113,46.974528046030414,556.3313835555317 7.47810665524113,46.974528046030414,586.3213835555317 7.477086559435829,46.974528046030414,586.3213835555317 7.477086559435829,46.974528046030414,556.3313835555317</coordinates>
                    </LinearRing>
                  </outerBoundaryIs>
                </Polygon>
              </MultiGeometry>
            </Placemark>
          </Folder>
        </Folder>
        <Folder>
          <name>Delete Flight 2</name>
        </Folder>
      </Folder>
      <Folder>
        <name>Attempt to modify planned flight in conflict</name>
        <Folder>
          <name>Plan Flight 1</name>
          <Folder>
            <name>E35: uss1 astm.f3548.v21.dss.queryOperationalIntentReferences</name>
            <Placemark>
              <name>area_of_interest</name>
              <styleUrl>#QueryArea</styleUrl>
              <description><![CDATA[(no operational intent references found)]]></description>
              <TimeSpan>
                <begin>2026-10-08T16:10:27.515039+00:00</begin>
                <end>2026-10-08T16:55:28.515039+00:00</end>
              </TimeSpan>
              <MultiGeometry>
                <Polygon>
                  <altitudeMode>absolute</altitudeMode>
                  <outerBoundaryIs>
                    <LinearRing>
                      <coordinates>7.477086559435829,46.974528046030414,556.3313835555317 7.477086559435829,46.97491720487753,556.3313835555317 7.47810665524113,46.97491720487753,556.3313835555317 7.47810665524113,46.974528046030414,556.3313835555317</coordinates>
                    </LinearRing>
                  </outerBoundaryIs>
                </Polygon>
                <Polygon>
                  <altitudeMode>absolute</altitudeMode>
                  <outerBoundaryIs>
                    <LinearRing>
                      <coordinates>7.477086559435829,46.974528046030414,586.3213835555317 7.477086559435829,46.97491720487753,586.3213835555317 7.47810665524113,46.97491720487753,586.3213835555317 7.47810665524113,46.974528046030414,586.3213835555317</coordinates>
                    </LinearRing>
                  </outerBoundaryIs>
                </Polygon>
                <Polygon>
                  <altitudeMode>absolute</altitudeMode>
                  <outerBoundaryIs>
                    <LinearRing>
                      <coordinates>7.477086559435829,46.974528046030414,556.3313835555317 7.477086559435829,46.974528046030414,586.3213835555317 7.477086559435829,46.97491720487753,586.3213835555317 7.477086559435829,46.97491720487753,556.3313835555317</coordinates>
                    </LinearRing>
                  </outerBoundaryIs>
                </Polygon>
                <Polygon>
                  <altitudeMode>absolute</altitudeMode>
                  <outerBoundaryIs>
                    <LinearRing>
                      <coordinates>7.477086559435829,46.97491720487753,556.3313835555317 7.477086559435829,46.97491720487753,586.3213835555317 7.47810665524113,46.97491720487753,586.3213835555317 7.47810665524113,46.97491720487753,556.3313835555317</coordinates>
                    </LinearRing>
                  </outerBoundaryIs>
                </Polygon>
                <Polygon>
                  <altitudeMode>absolute</altitudeMode>
                  <outerBoundaryIs>
                    <LinearRing>
                      <coordinates>7.47810665524113,46.97491720487753,556.3313835555317 7.47810665524113,46.97491720487753,586.3213835555317 7.47810665524113,46.974528046030414,586.3213835555317 7.47810665524113,46.974528046030414,556.3313835555317</coordinates>
                    </LinearRing>
                  </outerBoundaryIs>
                </Polygon>
                <Polygon>
                  <altitudeMode>absolute</altitudeMode>
                  <outerBoundaryIs>
                    <LinearRing>
                      <coordinates>7.47810665524113,46.974528046030414,556.3313835555317 7.47810665524113,46.974528046030414,586.3213835555317 7.477086559435829,46.974528046030414,586.3213835555317 7.477086559435829,46.974528046030414,556.3313835555317</coordinates>
                    </LinearRing>
                  </outerBoundaryIs>
                </Polygon>
              </MultiGeometry>
            </Placemark>
          </Folder>
          <Folder>
            <name>E37: uss1 interuss.automated_testing.flight_planning.v1.UpsertFlightPlan</name>
            <Folder>
              <name>Activity Completed, flight Planned</name>
              <Placemark>
                <name>Volume 0</name>
                <styleUrl>#Planned_Nominal</styleUrl>
                <TimeSpan>
                  <begin>2026-10-08T16:10:27.515039+00:00</begin>
                  <end>2026-10-08T16:55:28.515039+00:00</end>
                </TimeSpan>
                <MultiGeometry>
                  <Polygon>
                    <altitudeMode>absolute</altitudeMode>
                    <outerBoundaryIs>
                      <LinearRing>
                        <coordinates>7.477086559435829,46.97461768818806,556.3313946064567 7.4771115068433796,46.97491720487753,556.3313946064567 7.478062605790899,46.974880319566886,556.3313946064567 7.47810665524113,46.974528046030414,556.3313946064567</coordinates>
                      </LinearRing>
                    </outerBoundaryIs>
                  </Polygon>
                  <Polygon>
                    <altitudeMode>absolute</altitudeMode>
                    <outerBoundaryIs>
                      <LinearRing>
                        <coordinates>7.477086559435829,46.97461768818806,586.3213946064567 7.4771115068433796,46.97491720487753,586.3213946064567 7.478062605790899,46.974880319566886,586.3213946064567 7.47810665524113,46.974528046030414,586.3213946064567</coordinates>
                      </LinearRing>
                    </outerBoundaryIs>
                  </Polygon>
                  <Polygon>
                    <altitudeMode>absolute</altitudeMode>
                    <outerBoundaryIs>
                      <LinearRing>
                        <coordinates>7.477086559435829,46.97461768818806,556.3313946064567 7.477086559435829,46.97461768818806,586.3213946064567 7.4771115068433796,46.97491720487753,586.3213946064567 7.4771115068433796,46.97491720487753,556.3313946064567</coordinates>
                      </LinearRing>
                    </outerBoundaryIs>
                  </Polygon>
                  <Polygon>
                    <altitudeMode>absolute</altitudeMode>
                    <outerBoundaryIs>
                      <LinearRing>
                        <coordinates>7.4771115068433796,46.97491720487753,556.3313946064567 7.4771115068433796,46.97491720487753,586.3213946064567 7.478062605790899,46.974880319566886,586.3213946064567 7.478062605790899,46.974880319566886,556.3313946064567</coordinates>
                      </LinearRing>
                    </outerBoundaryIs>
                  </Polygon>
                  <Polygon>
                    <altitudeMode>absolute</altitudeMode>
                    <outerBoundaryIs>
                      <LinearRing>
                        <coordinates>7.478062605790899,46.974880319566886,556.3313946064567 7.478062605790899,46.974880319566886,586.3213946064567 7.47810665524113,46.974528046030414,586.3213946064567 7.47810665524113,46.974528046030414,556.3313946064567</coordinates>
                      </LinearRing>
                    </outerBoundaryIs>
                  </Polygon>
                  <Polygon>
                    <altitudeMode>absolute</altitudeMode>
                    <outerBoundaryIs>
                      <LinearRing>
                        <coordinates>7.47810665524113,46.974528046030414,556.3313946064567 7.47810665524113,46.974528046030414,586.3213946064567 7.477086559435829,46.97461768818806,586.3213946064567 7.477086559435829,46.97461768818806,556.3313946064567</coordinates>
                      </LinearRing>
                    </outerBoundaryIs>
                  </Polygon>
                </MultiGeometry>
              </Placemark>
            </Folder>
          </Folder>
          <Folder>
            <name>E41: uss1 astm.f3548.v21.dss.queryOperationalIntentReferences</name>
            <Placemark>
              <name>area_of_interest</name>
              <styleUrl>#QueryArea</styleUrl>
              <description><![CDATA[<ul><li>uss1's Accepted fd85476f-5deb-43b7-9fbf-db479f08b436[1]</li></ul>]]></description>
              <TimeSpan>
                <begin>2026-10-08T16:10:27.515039+00:00</begin>
                <end>2026-10-08T16:55:28.515039+00:00</end>
              </TimeSpan>
              <MultiGeometry>
                <Polygon>
                  <altitudeMode>absolute</altitudeMode>
                  <outerBoundaryIs>
                    <LinearRing>
                      <coordinates>7.477086559435829,46.974528046030414,556.3313835555317 7.477086559435829,46.97491720487753,556.3313835555317 7.47810665524113,46.97491720487753,556.3313835555317 7.47810665524113,46.974528046030414,556.3313835555317</coordinates>
                    </LinearRing>
                  </outerBoundaryIs>
                </Polygon>
                <Polygon>
                  <altitudeMode>absolute</altitudeMode>
                  <outerBoundaryIs>
                    <LinearRing>
                      <coordinates>7.477086559435829,46.974528046030414,586.3213835555317 7.477086559435829,46.97491720487753,586.3213835555317 7.47810665524113,46.97491720487753,586.3213835555317 7.47810665524113,46.974528046030414,586.3213835555317</coordinates>
                    </LinearRing>
                  </outerBoundaryIs>
                </Polygon>
                <Polygon>
                  <altitudeMode>absolute</altitudeMode>
                  <outerBoundaryIs>
                    <LinearRing>
                      <coordinates>7.477086559435829,46.974528046030414,556.3313835555317 7.477086559435829,46.974528046030414,586.3213835555317 7.477086559435829,46.97491720487753,586.3213835555317 7.477086559435829,46.97491720487753,556.3313835555317</coordinates>
                    </LinearRing>
                  </outerBoundaryIs>
                </Polygon>
                <Polygon>
                  <altitudeMode>absolute</altitudeMode>
                  <outerBoundaryIs>
                    <LinearRing>
                      <coordinates>7.477086559435829,46.97491720487753,556.3313835555317 7.477086559435829,46.97491720487753,586.3213835555317 7.47810665524113,46.97491720487753,586.3213835555317 7.47810665524113,46.97491720487753,556.3313835555317</coordinates>
                    </LinearRing>
                  </outerBoundaryIs>
                </Polygon>
                <Polygon>
                  <altitudeMode>absolute</altitudeMode>
                  <outerBoundaryIs>
                    <LinearRing>
                      <coordinates>7.47810665524113,46.97491720487753,556.3313835555317 7.47810665524113,46.97491720487753,586.3213835555317 7.47810665524113,46.974528046030414,586.3213835555317 7.47810665524113,46.974528046030414,556.3313835555317</coordinates>
                    </LinearRing>
                  </outerBoundaryIs>
                </Polygon>
                <Polygon>
                  <altitudeMode>absolute</altitudeMode>
                  <outerBoundaryIs>
                    <LinearRing>
                      <coordinates>7.47810665524113,46.974528046030414,556.3313835555317 7.47810665524113,46.974528046030414,586.3213835555317 7.477086559435829,46.974528046030414,586.3213835555317 7.477086559435829,46.974528046030414,556.3313835555317</coordinates>
                    </LinearRing>
                  </outerBoundaryIs>
                </Polygon>
              </MultiGeometry>
            </Placemark>
          </Folder>
          <Folder>
            <name>E45: uss1 astm.f3548.v21.uss.getOperationalIntentDetails</name>
            <Folder>
              <name>uss1's P0 Accepted fd85476f-5deb-43b7-9fbf-db479f08b436[1] @ YrUJguT.AuUucsBn6Lw9eYhJnvThokoVcPhlkEpZQLY_</name>
              <Placemark>
                <name>Nominal volume 0</name>
                <styleUrl>#F3548v21Accepted</styleUrl>
                <TimeSpan>
                  <begin>2026-10-08T16:10:28.541160+00:00</begin>
                  <end>2026-10-08T16:55:28.515039+00:00</end>
                </TimeSpan>
                <MultiGeometry>
                  <Polygon>
                    <altitudeMode>absolute</altitudeMode>
                    <outerBoundaryIs>
                      <LinearRing>
                        <coordinates>7.477086559435829,46.97461768818806,556.3313946064567 7.4771115068433796,46.97491720487753,556.3313946064567 7.478062605790899,46.974880319566886,556.3313946064567 7.47810665524113,46.974528046030414,556.3313946064567</coordinates>
                      </LinearRing>
                    </outerBoundaryIs>
                  </Polygon>
                  <Polygon>
                    <altitudeMode>absolute</altitudeMode>
                    <outerBoundaryIs>
                      <LinearRing>
                        <coordinates>7.477086559435829,46.97461768818806,586.3213946064567 7.4771115068433796,46.97491720487753,586.3213946064567 7.478062605790899,46.974880319566886,586.3213946064567 7.47810665524113,46.974528046030414,586.3213946064567</coordinates>
                      </LinearRing>
                    </outerBoundaryIs>
                  </Polygon>
                  <Polygon>
                    <altitudeMode>absolute</altitudeMode>
                    <outerBoundaryIs>
                      <LinearRing>
                        <coordinates>7.477086559435829,46.97461768818806,556.3313946064567 7.477086559435829,46.97461768818806,586.3213946064567 7.4771115068433796,46.97491720487753,586.3213946064567 7.4771115068433796,46.97491720487753,556.3313946064567</coordinates>
                      </LinearRing>
                    </outerBoundaryIs>
                  </Polygon>
                  <Polygon>
                    <altitudeMode>absolute</altitudeMode>
                    <outerBoundaryIs>
                      <LinearRing>
                        <coordinates>7.4771115068433796,46.97491720487753,556.3313946064567 7.4771115068433796,46.97491720487753,586.3213946064567 7.478062605790899,46.974880319566886,586.3213946064567 7.478062605790899,46.974880319566886,556.3313946064567</coordinates>
                      </LinearRing>
                    </outerBoundaryIs>
                  </Polygon>
                  <Polygon>
                    <altitudeMode>absolute</altitudeMode>
                    <outerBoundaryIs>
                      <LinearRing>
                        <coordinates>7.478062605790899,46.974880319566886,556.3313946064567 7.478062605790899,46.974880319566886,586.3213946064567 7.47810665524113,46.974528046030414,586.3213946064567 7.47810665524113,46.974528046030414,556.3313946064567</coordinates>
                      </LinearRing>
                    </outerBoundaryIs>
                  </Polygon>
                  <Polygon>
                    <altitudeMode>absolute</altitudeMode>
                    <outerBoundaryIs>
                      <LinearRing>
                        <coordinates>7.47810665524113,46.974528046030414,556.3313946064567 7.47810665524113,46.974528046030414,586.3213946064567 7.477086559435829,46.97461768818806,586.3213946064567 7.477086559435829,46.97461768818806,556.3313946064567</coordinates>
                      </LinearRing>
                    </outerBoundaryIs>
                  </Polygon>
                </MultiGeometry>
              </Placemark>
            </Folder>
          </Folder>
        </Folder>
        <Folder>
          <name>Plan Flight 2</name>
          <Folder>
            <name>E58: uss1 astm.f3548.v21.dss.queryOperationalIntentReferences</name>
            <Placemark>
              <name>area_of_interest</name>
              <styleUrl>#QueryArea</styleUrl>
              <description><![CDATA[<ul><li>uss1's Accepted fd85476f-5deb-43b7-9fbf-db479f08b436[1]</li></ul>]]></description>
              <TimeSpan>
                <begin>2026-10-08T16:10:27.636321+00:00</begin>
                <end>2026-10-08T16:55:28.636321+00:00</end>
              </TimeSpan>
              <MultiGeometry>
                <Polygon>
                  <altitudeMode>absolute</altitudeMode>
                  <outerBoundaryIs>
                    <LinearRing>
                      <coordinates>7.477046661060006,46.97455925749912,555.2513975997226 7.477046661060006,46.97530804909576,555.2513975997226 7.477627795613881,46.97530804909576,555.2513975997226 7.477627795613881,46.97455925749912,555.2513975997226</coordinates>
                    </LinearRing>
                  </outerBoundaryIs>
                </Polygon>
                <Polygon>
                  <altitudeMode>absolute</altitudeMode>
                  <outerBoundaryIs>
                    <LinearRing>
                      <coordinates>7.477046661060006,46.97455925749912,584.3213975997227 7.477046661060006,46.97530804909576,584.3213975997227 7.477627795613881,46.97530804909576,584.3213975997227 7.477627795613881,46.97455925749912,584.3213975997227</coordinates>
                    </LinearRing>
                  </outerBoundaryIs>
                </Polygon>
                <Polygon>
                  <altitudeMode>absolute</altitudeMode>
                  <outerBoundaryIs>
                    <LinearRing>
                      <coordinates>7.477046661060006,46.97455925749912,555.2513975997226 7.477046661060006,46.97455925749912,584.3213975997227 7.477046661060006,46.97530804909576,584.3213975997227 7.477046661060006,46.97530804909576,555.2513975997226</coordinates>
                    </LinearRing>
                  </outerBoundaryIs>
                </Polygon>
                <Polygon>
                  <altitudeMode>absolute</altitudeMode>
                  <outerBoundaryIs>
                    <LinearRing>
                      <coordinates>7.477046661060006,46.97530804909576,555.2513975997226 7.477046661060006,46.97530804909576,584.3213975997227 7.477627795613881,46.97530804909576,584.3213975997227 7.477627795613881,46.97530804909576,555.2513975997226</coordinates>
                    </LinearRing>
                  </outerBoundaryIs>
                </Polygon>
                <Polygon>
                  <altitudeMode>absolute</altitudeMode>
                  <outerBoundaryIs>
                    <LinearRing>
                      <coordinates>7.477627795613881,46.97530804909576,555.2513975997226 7.477627795613881,46.97530804909576,584.3213975997227 7.477627795613881,46.97455925749912,584.3213975997227 7.477627795613881,46.97455925749912,555.2513975997226</coordinates>
                    </LinearRing>
                  </outerBoundaryIs>
                </Polygon>
                <Polygon>
                  <altitudeMode>absolute</altitudeMode>
                  <outerBoundaryIs>
                    <LinearRing>
                      <coordinates>7.477627795613881,46.97455925749912,555.2513975997226 7.477627795613881,46.97455925749912,584.3213975997227 7.477046661060006,46.97455925749912,584.3213975997227 7.477046661060006,46.97455925749912,555.2513975997226</coordinates>
                    </LinearRing>
                  </outerBoundaryIs>
                </Polygon>
              </MultiGeometry>
            </Placemark>
          </Folder>
          <Folder>
            <name>E60: uss1 interuss.automated_testing.flight_planning.v1.UpsertFlightPlan</name>
            <Folder>
              <name>Activity Completed, flight Planned</name>
              <Placemark>
                <name>Volume 0</name>
                <styleUrl>#Planned_Nominal</styleUrl>
                <TimeSpan>
                  <begin>2026-10-08T16:10:27.636321+00:00</begin>
                  <end>2026-10-08T16:55:28.636321+00:00</end>
                </TimeSpan>
                <MultiGeometry>
                  <Polygon>
                    <altitudeMode>absolute</altitudeMode>
                    <outerBoundaryIs>
                      <LinearRing>
                        <coordinates>7.477046661060006,46.97501988078352,555.2514246078914 7.477301884621132,46.97455925749912,555.2514246078914 7.477627795613881,46.97494726396419,555.2514246078914 7.477364256610934,46.97530804909575,555.2514246078914</coordinates>
                      </LinearRing>
                    </outerBoundaryIs>
                  </Polygon>
                  <Polygon>
                    <altitudeMode>absolute</altitudeMode>
                    <outerBoundaryIs>
                      <LinearRing>
                        <coordinates>7.477046661060006,46.97501988078352,584.3214246078915 7.477301884621132,46.97455925749912,584.3214246078915 7.477627795613881,46.97494726396419,584.3214246078915 7.477364256610934,46.97530804909575,584.3214246078915</coordinates>
                      </LinearRing>
                    </outerBoundaryIs>
                  </Polygon>
                  <Polygon>
                    <altitudeMode>absolute</altitudeMode>
                    <outerBoundaryIs>
                      <LinearRing>
                        <coordinates>7.477046661060006,46.97501988078352,555.2514246078914 7.477046661060006,46.97501988078352,584.3214246078915 7.477301884621132,46.97455925749912,584.3214246078915 7.477301884621132,46.97455925749912,555.2514246078914</coordinates>
                      </LinearRing>
                    </outerBoundaryIs>
                  </Polygon>
                  <Polygon>
                    <altitudeMode>absolute</altitudeMode>
                    <outerBoundaryIs>
                      <LinearRing>
                        <coordinates>7.477301884621132,46.97455925749912,555.2514246078914 7.477301884621132,46.97455925749912,584.3214246078915 7.477627795613881,46.97494726396419,584.3214246078915 7.477627795613881,46.97494726396419,555.2514246078914</coordinates>
                      </LinearRing>
                    </outerBoundaryIs>
                  </Polygon>
                  <Polygon>
                    <altitudeMode>absolute</altitudeMode>
                    <outerBoundaryIs>
                      <LinearRing>
                        <coordinates>7.477627795613881,46.97494726396419,555.2514246078914 7.477627795613881,46.97494726396419,584.3214246078915 7.477364256610934,46.97530804909575,584.3214246078915 7.477364256610934,46.97530804909575,555.2514246078914</coordinates>
                      </LinearRing>
                    </outerBoundaryIs>
                  </Polygon>
                  <Polygon>
                    <altitudeMode>absolute</altitudeMode>
                    <outerBoundaryIs>
                      <LinearRing>
                        <coordinates>7.477364256610934,46.97530804909575,555.2514246078914 7.477364256610934,46.97530804909575,584.3214246078915 7.477046661060006,46.97501988078352,584.3214246078915 7.477046661060006,46.97501988078352,555.2514246078914</coordinates>
                      </LinearRing>
                    </outerBoundaryIs>
                  </Polygon>
                </MultiGeometry>
              </Placemark>
            </Folder>
          </Folder>
          <Folder>
            <name>E64: uss1 astm.f3548.v21.dss.queryOperationalIntentReferences</name>
            <Placemark>
              <name>area_of_interest</name>
              <styleUrl>#QueryArea</styleUrl>
              <description><![CDATA[<ul><li>uss1's Accepted 9f398c52-e78f-4927-93b5-37607b5cfa2f[1]</li><li>uss1's Accepted fd85476f-5deb-43b7-9fbf-db479f08b436[1]</li></ul>]]></description>
              <TimeSpan>
                <begin>2026-10-08T16:10:27.636321+00:00</begin>
                <end>2026-10-08T16:55:28.636321+00:00</end>
              </TimeSpan>
              <MultiGeometry>
                <Polygon>
                  <altitudeMode>absolute</altitudeMode>
                  <outerBoundaryIs>
                    <LinearRing>
                      <coordinates>7.477046661060006,46.97455925749912,555.2513975997226 7.477046661060006,46.97530804909576,555.2513975997226 7.477627795613881,46.97530804909576,555.2513975997226 7.477627795613881,46.97455925749912,555.2513975997226</coordinates>
                    </LinearRing>
                  </outerBoundaryIs>
                </Polygon>
                <Polygon>
                  <altitudeMode>absolute</altitudeMode>
                  <outerBoundaryIs>
                    <LinearRing>
                      <coordinates>7.477046661060006,46.97455925749912,584.3213975997227 7.477046661060006,46.97530804909576,584.3213975997227 7.477627795613881,46.97530804909576,584.3213975997227 7.477627795613881,46.97455925749912,584.3213975997227</coordinates>
                    </LinearRing>
                  </outerBoundaryIs>
                </Polygon>
                <Polygon>
                  <altitudeMode>absolute</altitudeMode>
                  <outerBoundaryIs>
                    <LinearRing>
                      <coordinates>7.477046661060006,46.97455925749912,555.2513975997226 7.477046661060006,46.97455925749912,584.3213975997227 7.477046661060006,46.97530804909576,584.3213975997227 7.477046661060006,46.97530804909576,555.2513975997226</coordinates>
                    </LinearRing>
                  </outerBoundaryIs>
                </Polygon>
                <Polygon>
                  <altitudeMode>absolute</altitudeMode>
                  <outerBoundaryIs>
                    <LinearRing>
                      <coordinates>7.477046661060006,46.97530804909576,555.2513975997226 7.477046661060006,46.97530804909576,584.3213975997227 7.477627795613881,46.97530804909576,584.3213975997227 7.477627795613881,46.97530804909576,555.2513975997226</coordinates>
                    </LinearRing>
                  </outerBoundaryIs>
                </Polygon>
                <Polygon>
                  <altitudeMode>absolute</altitudeMode>
                  <outerBoundaryIs>
                    <LinearRing>
                      <coordinates>7.477627795613881,46.97530804909576,555.2513975997226 7.477627795613881,46.97530804909576,584.3213975997227 7.477627795613881,46.97455925749912,584.3213975997227 7.477627795613881,46.97455925749912,555.2513975997226</coordinates>
                    </LinearRing>
                  </outerBoundaryIs>
                </Polygon>
                <Polygon>
                  <altitudeMode>absolute</altitudeMode>
                  <outerBoundaryIs>
                    <LinearRing>
                      <coordinates>7.477627795613881,46.97455925749912,555.2513975997226 7.477627795613881,46.97455925749912,584.3213975997227 7.477046661060006,46.97455925749912,584.3213975997227 7.477046661060006,46.97455925749912,555.2513975997226</coordinates>
                    </LinearRing>
                  </outerBoundaryIs>
                </Polygon>
              </MultiGeometry>
            </Placemark>
          </Folder>
          <Folder>
            <name>E68: uss1 astm.f3548.v21.uss.getOperationalIntentDetails</name>
            <Folder>
              <name>uss1's P100 Accepted 9f398c52-e78f-4927-93b5-37607b5cfa2f[1] @ v-BoCGzy.ZOW2YAG-A.5thkVEA-zQmZk9iWG3X67zQ0_</name>
              <Placemark>
                <name>Nominal volume 0</name>
                <styleUrl>#F3548v21Accepted</styleUrl>
                <TimeSpan>
                  <begin>2026-10-08T16:10:28.659542+00:00</begin>
                  <end>2026-10-08T16:55:28.636321+00:00</end>
                </TimeSpan>
                <MultiGeometry>
                  <Polygon>
                    <altitudeMode>absolute</altitudeMode>
                    <outerBoundaryIs>
                      <LinearRing>
                        <coordinates>7.477046661060006,46.97501988078352,555.2514246078914 7.477301884621132,46.97455925749912,555.2514246078914 7.477627795613881,46.97494726396419,555.2514246078914 7.477364256610934,46.97530804909575,555.2514246078914</coordinates>
                      </LinearRing>
                    </outerBoundaryIs>
                  </Polygon>
                  <Polygon>
                    <altitudeMode>absolute</altitudeMode>
                    <outerBoundaryIs>
                      <LinearRing>
                        <coordinates>7.477046661060006,46.97501988078352,584.3214246078915 7.477301884621132,46.97455925749912,584.3214246078915 7.477627795613881,46.97494726396419,584.3214246078915 7.477364256610934,46.97530804909575,584.3214246078915</coordinates>
                      </LinearRing>
                    </outerBoundaryIs>
                  </Polygon>
                  <Polygon>
                    <altitudeMode>absolute</altitudeMode>
                    <outerBoundaryIs>
                      <LinearRing>
                        <coordinates>7.477046661060006,46.97501988078352,555.2514246078914 7.477046661060006,46.97501988078352,584.3214246078915 7.477301884621132,46.97455925749912,584.3214246078915 7.477301884621132,46.97455925749912,555.2514246078914</coordinates>
                      </LinearRing>
                    </outerBoundaryIs>
                  </Polygon>
                  <Polygon>
                    <altitudeMode>absolute</altitudeMode>
                    <outerBoundaryIs>
                      <LinearRing>
                        <coordinates>7.477301884621132,46.97455925749912,555.2514246078914 7.477301884621132,46.97455925749912,584.3214246078915 7.477627795613881,46.97494726396419,584.3214246078915 7.477627795613881,46.97494726396419,555.2514246078914</coordinates>
                      </LinearRing>
                    </outerBoundaryIs>
                  </Polygon>
                  <Polygon>
                    <altitudeMode>absolute</altitudeMode>
                    <outerBoundaryIs>
                      <LinearRing>
                        <coordinates>7.477627795613881,46.97494726396419,555.2514246078914 7.477627795613881,46.97494726396419,584.3214246078915 7.477364256610934,46.97530804909575,584.3214246078915 7.477364256610934,46.97530804909575,555.2514246078914</coordinates>
                      </LinearRing>
                    </outerBoundaryIs>
                  </Polygon>
                  <Polygon>
                    <altitudeMode>absolute</altitudeMode>
                    <outerBoundaryIs>
                      <LinearRing>
                        <coordinates>7.477364256610934,46.97530804909575,555.2514246078914 7.477364256610934,46.97530804909575,584.3214246078915 7.477046661060006,46.97501988078352,584.3214246078915 7.477046661060006,46.97501988078352,555.2514246078914</coordinates>
                      </LinearRing>
                    </outerBoundaryIs>
                  </Polygon>
                </MultiGeometry>
              </Placemark>
            </Folder>
          </Folder>
        </Folder>
        <Folder>
          <name>Check for conflict notifications</name>
        </Folder>
        <Folder>
          <name>Attempt to modify planned Flight 1 in conflict</name>
          <Folder>
            <name>E83: uss1 astm.f3548.v21.dss.queryOperationalIntentReferences</name>
            <Placemark>
              <name>area_of_interest</name>
              <styleUrl>#QueryArea</styleUrl>
              <description><![CDATA[<ul><li>uss1's Accepted 9f398c52-e78f-4927-93b5-37607b5cfa2f[1]</li><li>uss1's Accepted fd85476f-5deb-43b7-9fbf-db479f08b436[1]</li></ul>]]></description>
              <TimeSpan>
                <begin>2026-10-08T16:10:27.778892+00:00</begin>
                <end>2026-10-08T16:55:28.778892+00:00</end>
              </TimeSpan>
              <MultiGeometry>
                <Polygon>
                  <altitudeMode>absolute</altitudeMode>
                  <outerBoundaryIs>
                    <LinearRing>
                      <coordinates>7.477086559435829,46.974528046030414,526.2913835555318 7.477086559435829,46.97491720487753,526.2913835555318 7.47810665524113,46.97491720487753,526.2913835555318 7.47810665524113,46.974528046030414,526.2913835555318</coordinates>
                    </LinearRing>
                  </outerBoundaryIs>
                </Polygon>
                <Polygon>
                  <altitudeMode>absolute</altitudeMode>
                  <outerBoundaryIs>
                    <LinearRing>
                      <coordinates>7.477086559435829,46.974528046030414,586.3213835555317 7.477086559435829,46.97491720487753,586.3213835555317 7.47810665524113,46.97491720487753,586.3213835555317 7.47810665524113,46.974528046030414,586.3213835555317</coordinates>
                    </LinearRing>
                  </outerBoundaryIs>
                </Polygon>
                <Polygon>
                  <altitudeMode>absolute</altitudeMode>
                  <outerBoundaryIs>
                    <LinearRing>
                      <coordinates>7.477086559435829,46.974528046030414,526.2913835555318 7.477086559435829,46.974528046030414,586.3213835555317 7.477086559435829,46.97491720487753,586.3213835555317 7.477086559435829,46.97491720487753,526.2913835555318</coordinates>
                    </LinearRing>
                  </outerBoundaryIs>
                </Polygon>
                <Polygon>
                  <altitudeMode>absolute</altitudeMode>
                  <outerBoundaryIs>
                    <LinearRing>
                      <coordinates>7.477086559435829,46.97491720487753,526.2913835555318 7.477086559435829,46.97491720487753,586.3213835555317 7.47810665524113,46.97491720487753,586.3213835555317 7.47810665524113,46.97491720487753,526.2913835555318</coordinates>
                    </LinearRing>
                  </outerBoundaryIs>
                </Polygon>
                <Polygon>
                  <altitudeMode>absolute</altitudeMode>
                  <outerBoundaryIs>
                    <LinearRing>
                      <coordinates>7.47810665524113,46.97491720487753,526.2913835555318 7.47810665524113,46.97491720487753,586.3213835555317 7.47810665524113,46.974528046030414,586.3213835555317 7.47810665524113,46.974528046030414,526.2913835555318</coordinates>
                    </LinearRing>
                  </outerBoundaryIs>
                </Polygon>
                <Polygon>
                  <altitudeMode>absolute</altitudeMode>
                  <outerBoundaryIs>
                    <LinearRing>
                      <coordinates>7.47810665524113,46.974528046030414,526.2913835555318 7.47810665524113,46.974528046030414,586.3213835555317 7.477086559435829,46.974528046030414,586.3213835555317 7.477086559435829,46.974528046030414,526.2913835555318</coordinates>
                    </LinearRing>
                  </outerBoundaryIs>
                </Polygon>
              </MultiGeometry>
            </Placemark>
          </Folder>
          <Folder>
            <name>E85: uss1 interuss.automated_testing.flight_planning.v1.UpsertFlightPlan</name>
            <Folder>
              <name>Activity Rejected, flight Planned</name>
              <Placemark>
                <name>Volume 0</name>
                <styleUrl>#Planned_Nominal</styleUrl>
                <TimeSpan>
                  <begin>2026-10-08T16:10:27.778892+00:00</begin>
                  <end>2026-10-08T16:55:28.778892+00:00</end>
                </TimeSpan>
                <MultiGeometry>
                  <Polygon>
                    <altitudeMode>absolute</altitudeMode>
                    <outerBoundaryIs>
                      <LinearRing>
                        <coordinates>7.47745236483637,46.97460350254155,526.2915485664236 7.47747731428616,46.97490301915158,526.2915485664236 7.478062605790899,46.974880319566886,526.2915485664236 7.47810665524113,46.974528046030414,526.2915485664236</coordinates>
                      </LinearRing>
                    </outerBoundaryIs>
                  </Polygon>
                  <Polygon>
                    <altitudeMode>absolute</altitudeMode>
                    <outerBoundaryIs>
                      <LinearRing>
                        <coordinates>7.47745236483637,46.97460350254155,586.3215485664235 7.47747731428616,46.97490301915158,586.3215485664235 7.478062605790899,46.974880319566886,586.3215485664235 7.47810665524113,46.974528046030414,586.3215485664235</coordinates>
                      </LinearRing>
                    </outerBoundaryIs>
                  </Polygon>
                  <Polygon>
                    <altitudeMode>absolute</altitudeMode>
                    <outerBoundaryIs>
                      <LinearRing>
                        <coordinates>7.47745236483637,46.97460350254155,526.2915485664236 7.47745236483637,46.97460350254155,586.3215485664235 7.47747731428616,46.97490301915158,586.3215485664235 7.47747731428616,46.97490301915158,526.2915485664236</coordinates>
                      </LinearRing>
                    </outerBoundaryIs>
                  </Polygon>
                  <Polygon>
                    <altitudeMode>absolute</altitudeMode>
                    <outerBoundaryIs>
                      <LinearRing>
                        <coordinates>7.47747731428616,46.97490301915158,526.2915485664236 7.47747731428616,46.97490301915158,586.3215485664235 7.478062605790899,46.974880319566886,586.3215485664235 7.478062605790899,46.974880319566886,526.2915485664236</coordinates>
                      </LinearRing>
                    </outerBoundaryIs>
                  </Polygon>
                  <Polygon>
                    <altitudeMode>absolute</altitudeMode>
                    <outerBoundaryIs>
                      <LinearRing>
                        <coordinates>7.478062605790899,46.974880319566886,526.2915485664236 7.478062605790899,46.974880319566886,586.3215485664235 7.47810665524113,46.974528046030414,586.3215485664235 7.47810665524113,46.974528046030414,526.2915485664236</coordinates>
                      </LinearRing>
                    </outerBoundaryIs>
                  </Polygon>
                  <Polygon>
                    <altitudeMode>absolute</altitudeMode>
                    <outerBoundaryIs>
                      <LinearRing>
                        <coordinates>7.47810665524113,46.974528046030414,526.2915485664236 7.47810665524113,46.974528046030414,586.3215485664235 7.47745236483637,46.97460350254155,586.3215485664235 7.47745236483637,46.97460350254155,526.2915485664236</coordinates>
                      </LinearRing>
                    </outerBoundaryIs>
                  </Polygon>
                </MultiGeometry>
              </Placemark>
            </Folder>
          </Folder>
          <Folder>
            <name>E88: uss1 astm.f3548.v21.dss.queryOperationalIntentReferences</name>
            <Placemark>
              <name>area_of_interest</name>
              <styleUrl>#QueryArea</styleUrl>
              <description><![CDATA[<ul><li>uss1's Accepted 9f398c52-e78f-4927-93b5-37607b5cfa2f[1]</li><li>uss1's Accepted fd85476f-5deb-43b7-9fbf-db479f08b436[1]</li></ul>]]></description>
              <TimeSpan>
                <begin>2026-10-08T16:10:27.778892+00:00</begin>
                <end>2026-10-08T16:55:28.778892+00:00</end>
              </TimeSpan>
              <MultiGeometry>
                <Polygon>
                  <altitudeMode>absolute</altitudeMode>
                  <outerBoundaryIs>
                    <LinearRing>
                      <coordinates>7.477086559435829,46.974528046030414,526.2913835555318 7.477086559435829,46.97491720487753,526.2913835555318 7.47810665524113,46.97491720487753,526.2913835555318 7.47810665524113,46.974528046030414,526.2913835555318</coordinates>
                    </LinearRing>
                  </outerBoundaryIs>
                </Polygon>
                <Polygon>
                  <altitudeMode>absolute</altitudeMode>
                  <outerBoundaryIs>
                    <LinearRing>
                      <coordinates>7.477086559435829,46.974528046030414,586.3213835555317 7.477086559435829,46.97491720487753,586.3213835555317 7.47810665524113,46.97491720487753,586.3213835555317 7.47810665524113,46.974528046030414,586.3213835555317</coordinates>
                    </LinearRing>
                  </outerBoundaryIs>
                </Polygon>
                <Polygon>
                  <altitudeMode>absolute</altitudeMode>
                  <outerBoundaryIs>
                    <LinearRing>
                      <coordinates>7.477086559435829,46.974528046030414,526.2913835555318 7.477086559435829,46.974528046030414,586.3213835555317 7.477086559435829,46.97491720487753,586.3213835555317 7.477086559435829,46.97491720487753,526.2913835555318</coordinates>
                    </LinearRing>
                  </outerBoundaryIs>
                </Polygon>
                <Polygon>
                  <altitudeMode>absolute</altitudeMode>
                  <outerBoundaryIs>
                    <LinearRing>
                      <coordinates>7.477086559435829,46.97491720487753,526.2913835555318 7.477086559435829,46.97491720487753,586.3213835555317 7.47810665524113,46.97491720487753,586.3213835555317 7.47810665524113,46.97491720487753,526.2913835555318</coordinates>
                    </LinearRing>
                  </outerBoundaryIs>
                </Polygon>
                <Polygon>
                  <altitudeMode>absolute</altitudeMode>
                  <outerBoundaryIs>
                    <LinearRing>
                      <coordinates>7.47810665524113,46.97491720487753,526.2913835555318 7.47810665524113,46.97491720487753,586.3213835555317 7.47810665524113,46.974528046030414,586.3213835555317 7.47810665524113,46.974528046030414,526.2913835555318</coordinates>
                    </LinearRing>
                  </outerBoundaryIs>
                </Polygon>
                <Polygon>
                  <altitudeMode>absolute</altitudeMode>
                  <outerBoundaryIs>
                    <LinearRing>
                      <coordinates>7.47810665524113,46.974528046030414,526.2913835555318 7.47810665524113,46.974528046030414,586.3213835555317 7.477086559435829,46.974528046030414,586.3213835555317 7.477086559435829,46.974528046030414,526.2913835555318</coordinates>
                    </LinearRing>
                  </outerBoundaryIs>
                </Polygon>
              </MultiGeometry>
            </Placemark>
          </Folder>
          <Folder>
            <name>E92: uss1 astm.f3548.v21.uss.getOperationalIntentDetails</name>
            <Folder>
              <name>uss1's P0 Accepted fd85476f-5deb-43b7-9fbf-db479f08b436[1] @ YrUJguT.AuUucsBn6Lw9eYhJnvThokoVcPhlkEpZQLY_</name>
              <Placemark>
                <name>Nominal volume 0</name>
                <styleUrl>#F3548v21Accepted</styleUrl>
                <TimeSpan>
                  <begin>2026-10-08T16:10:28.541160+00:00</begin>
                  <end>2026-10-08T16:55:28.515039+00:00</end>
                </TimeSpan>
                <MultiGeometry>
                  <Polygon>
                    <altitudeMode>absolute</altitudeMode>
                    <outerBoundaryIs>
                      <LinearRing>
                        <coordinates>7.477086559435829,46.97461768818806,556.3313946064567 7.4771115068433796,46.97491720487753,556.3313946064567 7.478062605790899,46.974880319566886,556.3313946064567 7.47810665524113,46.974528046030414,556.3313946064567</coordinates>
                      </LinearRing>
                    </outerBoundaryIs>
                  </Polygon>
                  <Polygon>
                    <altitudeMode>absolute</altitudeMode>
                    <outerBoundaryIs>
                      <LinearRing>
                        <coordinates>7.477086559435829,46.97461768818806,586.3213946064567 7.4771115068433796,46.97491720487753,586.3213946064567 7.478062605790899,46.974880319566886,586.3213946064567 7.47810665524113,46.974528046030414,586.3213946064567</coordinates>
                      </LinearRing>
                    </outerBoundaryIs>
                  </Polygon>
                  <Polygon>
                    <altitudeMode>absolute</altitudeMode>
                    <outerBoundaryIs>
                      <LinearRing>
                        <coordinates>7.477086559435829,46.97461768818806,556.3313946064567 7.477086559435829,46.97461768818806,586.3213946064567 7.4771115068433796,46.97491720487753,586.3213946064567 7.4771115068433796,46.97491720487753,556.3313946064567</coordinates>
                      </LinearRing>
                    </outerBoundaryIs>
                  </Polygon>
                  <Polygon>
                    <altitudeMode>absolute</altitudeMode>
                    <outerBoundaryIs>
                      <LinearRing>
                        <coordinates>7.4771115068433796,46.97491720487753,556.3313946064567 7.4771115068433796,46.97491720487753,586.3213946064567 7.478062605790899,46.974880319566886,586.3213946064567 7.478062605790899,46.974880319566886,556.3313946064567</coordinates>
                      </LinearRing>
                    </outerBoundaryIs>
                  </Polygon>
                  <Polygon>
                    <altitudeMode>absolute</altitudeMode>
                    <outerBoundaryIs>
                      <LinearRing>
                        <coordinates>7.478062605790899,46.974880319566886,556.3313946064567 7.478062605790899,46.974880319566886,586.3213946064567 7.47810665524113,46.974528046030414,586.3213946064567 7.47810665524113,46.974528046030414,556.3313946064567</coordinates>
                      </LinearRing>
                    </outerBoundaryIs>
                  </Polygon>
                  <Polygon>
                    <altitudeMode>absolute</altitudeMode>
                    <outerBoundaryIs>
                      <LinearRing>
                        <coordinates>7.47810665524113,46.974528046030414,556.3313946064567 7.47810665524113,46.974528046030414,586.3213946064567 7.477086559435829,46.97461768818806,586.3213946064567 7.477086559435829,46.97461768818806,556.3313946064567</coordinates>
                      </LinearRing>
                    </outerBoundaryIs>
                  </Polygon>
                </MultiGeometry>
              </Placemark>
            </Folder>
          </Folder>
        </Folder>
      </Folder>
      <Folder>
        <name>Attempt to activate flight in conflict</name>
        <Folder>
          <name>Attempt to activate conflicting Flight 1</name>
          <Folder>
            <name>E101: uss1 astm.f3548.v21.dss.queryOperationalIntentReferences</name>
            <Placemark>
              <name>area_of_interest</name>
              <styleUrl>#QueryArea</styleUrl>
              <description><![CDATA[<ul><li>uss1's Accepted 9f398c52-e78f-4927-93b5-37607b5cfa2f[1]</li><li>uss1's Accepted fd85476f-5deb-43b7-9fbf-db479f08b436[1]</li></ul>]]></description>
              <TimeSpan>
                <begin>2026-10-08T16:10:27.887200+00:00</begin>
                <end>2026-10-08T16:55:28.887200+00:00</end>
              </TimeSpan>
              <MultiGeometry>
                <Polygon>
                  <altitudeMode>absolute</altitudeMode>
                  <outerBoundaryIs>
                    <LinearRing>
                      <coordinates>7.477086559435829,46.974528046030414,556.3313835555317 7.477086559435829,46.97491720487753,556.3313835555317 7.47810665524113,46.97491720487753,556.3313835555317 7.47810665524113,46.974528046030414,556.3313835555317</coordinates>
                    </LinearRing>
                  </outerBoundaryIs>
                </Polygon>
                <Polygon>
                  <altitudeMode>absolute</altitudeMode>
                  <outerBoundaryIs>
                    <LinearRing>
                      <coordinates>7.477086559435829,46.974528046030414,586.3213835555317 7.477086559435829,46.97491720487753,586.3213835555317 7.47810665524113,46.97491720487753,586.3213835555317 7.47810665524113,46.974528046030414,586.3213835555317</coordinates>
                    </LinearRing>
                  </outerBoundaryIs>
                </Polygon>
                <Polygon>
                  <altitudeMode>absolute</altitudeMode>
                  <outerBoundaryIs>
                    <LinearRing>
                      <coordinates>7.477086559435829,46.974528046030414,556.3313835555317 7.477086559435829,46.974528046030414,586.3213835555317 7.477086559435829,46.97491720487753,586.3213835555317 7.477086559435829,46.97491720487753,556.3313835555317</coordinates>
                    </LinearRing>
                  </outerBoundaryIs>
                </Polygon>
                <Polygon>
                  <altitudeMode>absolute</altitudeMode>
                  <outerBoundaryIs>
                    <LinearRing>
                      <coordinates>7.477086559435829,46.97491720487753,556.3313835555317 7.477086559435829,46.97491720487753,586.3213835555317 7.47810665524113,46.97491720487753,586.3213835555317 7.47810665524113,46.97491720487753,556.3313835555317</coordinates>
                    </LinearRing>
                  </outerBoundaryIs>
                </Polygon>
                <Polygon>
                  <altitudeMode>absolute</altitudeMode>
                  <outerBoundaryIs>
                    <LinearRing>
                      <coordinates>7.47810665524113,46.97491720487753,556.3313835555317 7.47810665524113,46.97491720487753,586.3213835555317 7.47810665524113,46.974528046030414,586.3213835555317 7.47810665524113,46.974528046030414,556.3313835555317</coordinates>
                    </LinearRing>
                  </outerBoundaryIs>
                </Polygon>
                <Polygon>
                  <altitudeMode>absolute</altitudeMode>
                  <outerBoundaryIs>
                    <LinearRing>
                      <coordinates>7.47810665524113,46.974528046030414,556.3313835555317 7.47810665524113,46.974528046030414,586.3213835555317 7.477086559435829,46.974528046030414,586.3213835555317 7.477086559435829,46.974528046030414,556.3313835555317</coordinates>
                    </LinearRing>
                  </outerBoundaryIs>
                </Polygon>
              </MultiGeometry>
            </Placemark>
          </Folder>
          <Folder>
            <name>E103: uss1 interuss.automated_testing.flight_planning.v1.UpsertFlightPlan</name>
            <Folder>
              <name>Activity Rejected, flight Planned</name>
              <Placemark>
                <name>Volume 0</name>
                <styleUrl>#InUse_Nominal</styleUrl>
                <TimeSpan>
                  <begin>2026-10-08T16:10:27.887200+00:00</begin>
                  <end>2026-10-08T16:55:28.887200+00:00</end>
                </TimeSpan>
                <MultiGeometry>
                  <Polygon>
                    <altitudeMode>absolute</altitudeMode>
                    <outerBoundaryIs>
                      <LinearRing>
                        <coordinates>7.477086559435829,46.97461768818806,556.3413946064567 7.4771115068433796,46.97491720487753,556.3413946064567 7.478062605790899,46.974880319566886,556.3413946064567 7.47810665524113,46.974528046030414,556.3413946064567</coordinates>
                      </LinearRing>
                    </outerBoundaryIs>
                  </Polygon>
                  <Polygon>
                    <altitudeMode>absolute</altitudeMode>
                    <outerBoundaryIs>
                      <LinearRing>
                        <coordinates>7.477086559435829,46.97461768818806,586.3213946064567 7.4771115068433796,46.97491720487753,586.3213946064567 7.478062605790899,46.974880319566886,586.3213946064567 7.47810665524113,46.974528046030414,586.3213946064567</coordinates>
                      </LinearRing>
                    </outerBoundaryIs>
                  </Polygon>
                  <Polygon>
                    <altitudeMode>absolute</altitudeMode>
                    <outerBoundaryIs>
                      <LinearRing>
                        <coordinates>7.477086559435829,46.97461768818806,556.3413946064567 7.477086559435829,46.97461768818806,586.3213946064567 7.4771115068433796,46.97491720487753,586.3213946064567 7.4771115068433796,46.97491720487753,556.3413946064567</coordinates>
                      </LinearRing>
                    </outerBoundaryIs>
                  </Polygon>
                  <Polygon>
                    <altitudeMode>absolute</altitudeMode>
                    <outerBoundaryIs>
                      <LinearRing>
                        <coordinates>7.4771115068433796,46.97491720487753,556.3413946064567 7.4771115068433796,46.97491720487753,586.3213946064567 7.478062605790899,46.974880319566886,586.3213946064567 7.478062605790899,46.974880319566886,556.3413946064567</coordinates>
                      </LinearRing>
                    </outerBoundaryIs>
                  </Polygon>
                  <Polygon>
                    <altitudeMode>absolute</altitudeMode>
                    <outerBoundaryIs>
                      <LinearRing>
                        <coordinates>7.478062605790899,46.974880319566886,556.3413946064567 7.478062605790899,46.974880319566886,586.3213946064567 7.47810665524113,46.974528046030414,586.3213946064567 7.47810665524113,46.974528046030414,556.3413946064567</coordinates>
                      </LinearRing>
                    </outerBoundaryIs>
                  </Polygon>
                  <Polygon>
                    <altitudeMode>absolute</altitudeMode>
                    <outerBoundaryIs>
                      <LinearRing>
                        <coordinates>7.47810665524113,46.974528046030414,556.3413946064567 7.47810665524113,46.974528046030414,586.3213946064567 7.477086559435829,46.97461768818806,586.3213946064567 7.477086559435829,46.97461768818806,556.3413946064567</coordinates>
                      </LinearRing>
                    </outerBoundaryIs>
                  </Polygon>
                </MultiGeometry>
              </Placemark>
            </Folder>
          </Folder>
          <Folder>
            <name>E106: uss1 astm.f3548.v21.dss.queryOperationalIntentReferences</name>
            <Placemark>
              <name>area_of_interest</name>
              <styleUrl>#QueryArea</styleUrl>
              <description><![CDATA[<ul><li>uss1's Accepted 9f398c52-e78f-4927-93b5-37607b5cfa2f[1]</li><li>uss1's Accepted fd85476f-5deb-43b7-9fbf-db479f08b436[1]</li></ul>]]></description>
              <TimeSpan>
                <begin>2026-10-08T16:10:27.887200+00:00</begin>
                <end>2026-10-08T16:55:28.887200+00:00</end>
              </TimeSpan>
              <MultiGeometry>
                <Polygon>
                  <altitudeMode>absolute</altitudeMode>
                  <outerBoundaryIs>
                    <LinearRing>
                      <coordinates>7.477086559435829,46.974528046030414,556.3313835555317 7.477086559435829,46.97491720487753,556.3313835555317 7.47810665524113,46.97491720487753,556.3313835555317 7.47810665524113,46.974528046030414,556.3313835555317</coordinates>
                    </LinearRing>
                  </outerBoundaryIs>
                </Polygon>
                <Polygon>
                  <altitudeMode>absolute</altitudeMode>
                  <outerBoundaryIs>
                    <LinearRing>
                      <coordinates>7.477086559435829,46.974528046030414,586.3213835555317 7.477086559435829,46.97491720487753,586.3213835555317 7.47810665524113,46.97491720487753,586.3213835555317 7.47810665524113,46.974528046030414,586.3213835555317</coordinates>
                    </LinearRing>
                  </outerBoundaryIs>
                </Polygon>
                <Polygon>
                  <altitudeMode>absolute</altitudeMode>
                  <outerBoundaryIs>
                    <LinearRing>
                      <coordinates>7.477086559435829,46.974528046030414,556.3313835555317 7.477086559435829,46.974528046030414,586.3213835555317 7.477086559435829,46.97491720487753,586.3213835555317 7.477086559435829,46.97491720487753,556.3313835555317</coordinates>
                    </LinearRing>
                  </outerBoundaryIs>
                </Polygon>
                <Polygon>
                  <altitudeMode>absolute</altitudeMode>
                  <outerBoundaryIs>
                    <LinearRing>
                      <coordinates>7.477086559435829,46.97491720487753,556.3313835555317 7.477086559435829,46.97491720487753,586.3213835555317 7.47810665524113,46.97491720487753,586.3213835555317 7.47810665524113,46.97491720487753,556.3313835555317</coordinates>
                    </LinearRing>
                  </outerBoundaryIs>
                </Polygon>
                <Polygon>
                  <altitudeMode>absolute</altitudeMode>
                  <outerBoundaryIs>
                    <LinearRing>
                      <coordinates>7.47810665524113,46.97491720487753,556.3313835555317 7.47810665524113,46.97491720487753,586.3213835555317 7.47810665524113,46.974528046030414,586.3213835555317 7.47810665524113,46.974528046030414,556.3313835555317</coordinates>
                    </LinearRing>
                  </outerBoundaryIs>
                </Polygon>
                <Polygon>
                  <altitudeMode>absolute</altitudeMode>
                  <outerBoundaryIs>
                    <LinearRing>
                      <coordinates>7.47810665524113,46.974528046030414,556.3313835555317 7.47810665524113,46.974528046030414,586.3213835555317 7.477086559435829,46.974528046030414,586.3213835555317 7.477086559435829,46.974528046030414,556.3313835555317</coordinates>
                    </LinearRing>
                  </outerBoundaryIs>
                </Polygon>
              </MultiGeometry>
            </Placemark>
          </Folder>
          <Folder>
            <name>E110: uss1 astm.f3548.v21.uss.getOperationalIntentDetails</name>
            <Folder>
              <name>uss1's P0 Accepted fd85476f-5deb-43b7-9fbf-db479f08b436[1] @ YrUJguT.AuUucsBn6Lw9eYhJnvThokoVcPhlkEpZQLY_</name>
              <Placemark>
                <name>Nominal volume 0</name>
                <styleUrl>#F3548v21Accepted</styleUrl>
                <TimeSpan>
                  <begin>2026-10-08T16:10:28.541160+00:00</begin>
                  <end>2026-10-08T16:55:28.515039+00:00</end>
                </TimeSpan>
                <MultiGeometry>
                  <Polygon>
                    <altitudeMode>absolute</altitudeMode>
                    <outerBoundaryIs>
                      <LinearRing>
                        <coordinates>7.477086559435829,46.97461768818806,556.3313946064567 7.4771115068433796,46.97491720487753,556.3313946064567 7.478062605790899,46.974880319566886,556.3313946064567 7.47810665524113,46.974528046030414,556.3313946064567</coordinates>
                      </LinearRing>
                    </outerBoundaryIs>
                  </Polygon>
                  <Polygon>
                    <altitudeMode>absolute</altitudeMode>
                    <outerBoundaryIs>
                      <LinearRing>
                        <coordinates>7.477086559435829,46.97461768818806,586.3213946064567 7.4771115068433796,46.97491720487753,586.3213946064567 7.478062605790899,46.974880319566886,586.3213946064567 7.47810665524113,46.974528046030414,586.3213946064567</coordinates>
                      </LinearRing>
                    </outerBoundaryIs>
                  </Polygon>
                  <Polygon>
                    <altitudeMode>absolute</altitudeMode>
                    <outerBoundaryIs>
                      <LinearRing>
                        <coordinates>7.477086559435829,46.97461768818806,556.3313946064567 7.477086559435829,46.97461768818806,586.3213946064567 7.4771115068433796,46.97491720487753,586.3213946064567 7.4771115068433796,46.97491720487753,556.3313946064567</coordinates>
                      </LinearRing>
                    </outerBoundaryIs>
                  </Polygon>
                  <Polygon>
                    <altitudeMode>absolute</altitudeMode>
                    <outerBoundaryIs>
                      <LinearRing>
                        <coordinates>7.4771115068433796,46.97491720487753,556.3313946064567 7.4771115068433796,46.97491720487753,586.3213946064567 7.478062605790899,46.974880319566886,586.3213946064567 7.478062605790899,46.974880319566886,556.3313946064567</coordinates>
                      </LinearRing>
                    </outerBoundaryIs>
                  </Polygon>
                  <Polygon>
                    <altitudeMode>absolute</altitudeMode>
                    <outerBoundaryIs>
                      <LinearRing>
                        <coordinates>7.478062605790899,46.974880319566886,556.3313946064567 7.478062605790899,46.974880319566886,586.3213946064567 7.47810665524113,46.974528046030414,586.3213946064567 7.47810665524113,46.974528046030414,556.3313946064567</coordinates>
                      </LinearRing>
                    </outerBoundaryIs>
                  </Polygon>
                  <Polygon>
                    <altitudeMode>absolute</altitudeMode>
                    <outerBoundaryIs>
                      <LinearRing>
                        <coordinates>7.47810665524113,46.974528046030414,556.3313946064567 7.47810665524113,46.974528046030414,586.3213946064567 7.477086559435829,46.97461768818806,586.3213946064567 7.477086559435829,46.97461768818806,556.3313946064567</coordinates>
                      </LinearRing>
                    </outerBoundaryIs>
                  </Polygon>
                </MultiGeometry>
              </Placemark>
            </Folder>
          </Folder>
        </Folder>
      </Folder>
      <Folder>
        <name>Modify activated flight with pre-existing conflict</name>
        <Folder>
          <name>Delete Flight 2</name>
        </Folder>
        <Folder>
          <name>Activate Flight 1</name>
          <Folder>
            <name>E121: uss1 astm.f3548.v21.dss.queryOperationalIntentReferences</name>
            <Placemark>
              <name>area_of_interest</name>
              <styleUrl>#QueryArea</styleUrl>
              <description><![CDATA[<ul><li>uss1's Accepted fd85476f-5deb-43b7-9fbf-db479f08b436[1]</li></ul>]]></description>
              <TimeSpan>
                <begin>2026-10-08T16:10:28.027370+00:00</begin>
                <end>2026-10-08T16:55:29.027370+00:00</end>
              </TimeSpan>
              <MultiGeometry>
                <Polygon>
                  <altitudeMode>absolute</altitudeMode>
                  <outerBoundaryIs>
                    <LinearRing>
                      <coordinates>7.477086559435829,46.974528046030414,556.3413835555317 7.477086559435829,46.97491720487753,556.3413835555317 7.47810665524113,46.97491720487753,556.3413835555317 7.47810665524113,46.974528046030414,556.3413835555317</coordinates>
                    </LinearRing>
                  </outerBoundaryIs>
                </Polygon>
                <Polygon>
                  <altitudeMode>absolute</altitudeMode>
                  <outerBoundaryIs>
                    <LinearRing>
                      <coordinates>7.477086559435829,46.974528046030414,586.3213835555317 7.477086559435829,46.97491720487753,586.3213835555317 7.47810665524113,46.97491720487753,586.3213835555317 7.47810665524113,46.974528046030414,586.3213835555317</coordinates>
                    </LinearRing>
                  </outerBoundaryIs>
                </Polygon>
                <Polygon>
                  <altitudeMode>absolute</altitudeMode>
                  <outerBoundaryIs>
                    <LinearRing>
                      <coordinates>7.477086559435829,46.974528046030414,556.3413835555317 7.477086559435829,46.974528046030414,586.3213835555317 7.477086559435829,46.97491720487753,586.3213835555317 7.477086559435829,46.97491720487753,556.3413835555317</coordinates>
                    </LinearRing>
                  </outerBoundaryIs>
                </Polygon>
                <Polygon>
                  <altitudeMode>absolute</altitudeMode>
                  <outerBoundaryIs>
                    <LinearRing>
                      <coordinates>7.477086559435829,46.97491720487753,556.3413835555317 7.477086559435829,46.97491720487753,586.3213835555317 7.47810665524113,46.97491720487753,586.3213835555317 7.47810665524113,46.97491720487753,556.3413835555317</coordinates>
                    </LinearRing>
                  </outerBoundaryIs>
                </Polygon>
                <Polygon>
                  <altitudeMode>absolute</altitudeMode>
                  <outerBoundaryIs>
                    <LinearRing>
                      <coordinates>7.47810665524113,46.97491720487753,556.3413835555317 7.47810665524113,46.97491720487753,586.3213835555317 7.47810665524113,46.974528046030414,586.3213835555317 7.47810665524113,46.974528046030414,556.3413835555317</coordinates>
                    </LinearRing>
                  </outerBoundaryIs>
                </Polygon>
                <Polygon>
                  <altitudeMode>absolute</altitudeMode>
                  <outerBoundaryIs>
                    <LinearRing>
                      <coordinates>7.47810665524113,46.974528046030414,556.3413835555317 7.47810665524113,46.974528046030414,586.3213835555317 7.477086559435829,46.974528046030414,586.3213835555317 7.477086559435829,46.974528046030414,556.3413835555317</coordinates>
                    </LinearRing>
                  </outerBoundaryIs>
                </Polygon>
              </MultiGeometry>
            </Placemark>
          </Folder>
          <Folder>
            <name>E123: uss1 interuss.automated_testing.flight_planning.v1.UpsertFlightPlan</name>
            <Folder>
              <name>Activity Completed, flight OkToFly</name>
              <Placemark>
                <name>Volume 0</name>
                <styleUrl>#InUse_Nominal</styleUrl>
                <TimeSpan>
                  <begin>2026-10-08T16:10:28.027370+00:00</begin>
                  <end>2026-10-08T16:55:29.027370+00:00</end>
                </TimeSpan>
                <MultiGeometry>
                  <Polygon>
                    <altitudeMode>absolute</altitudeMode>
                    <outerBoundaryIs>
                      <LinearRing>
                        <coordinates>7.477086559435829,46.97461768818806,556.3413946064567 7.4771115068433796,46.97491720487753,556.3413946064567 7.478062605790899,46.974880319566886,556.3413946064567 7.47810665524113,46.974528046030414,556.3413946064567</coordinates>
                      </LinearRing>
                    </outerBoundaryIs>
                  </Polygon>
                  <Polygon>
                    <altitudeMode>absolute</altitudeMode>
                    <outerBoundaryIs>
                      <LinearRing>
                        <coordinates>7.477086559435829,46.97461768818806,586.3213946064567 7.4771115068433796,46.97491720487753,586.3213946064567 7.478062605790899,46.974880319566886,586.3213946064567 7.47810665524113,46.974528046030414,586.3213946064567</coordinates>
                      </LinearRing>
                    </outerBoundaryIs>
                  </Polygon>
                  <Polygon>
                    <altitudeMode>absolute</altitudeMode>
                    <outerBoundaryIs>
                      <LinearRing>
                        <coordinates>7.477086559435829,46.97461768818806,556.3413946064567 7.477086559435829,46.97461768818806,586.3213946064567 7.4771115068433796,46.97491720487753,586.3213946064567 7.4771115068433796,46.97491720487753,556.3413946064567</coordinates>
                      </LinearRing>
                    </outerBoundaryIs>
                  </Polygon>
                  <Polygon>
                    <altitudeMode>absolute</altitudeMode>
                    <outerBoundaryIs>
                      <LinearRing>
                        <coordinates>7.4771115068433796,46.97491720487753,556.3413946064567 7.4771115068433796,46.97491720487753,586.3213946064567 7.478062605790899,46.974880319566886,586.3213946064567 7.478062605790899,46.974880319566886,556.3413946064567</coordinates>
                      </LinearRing>
                    </outerBoundaryIs>
                  </Polygon>
                  <Polygon>
                    <altitudeMode>absolute</altitudeMode>
                    <outerBoundaryIs>
                      <LinearRing>
                        <coordinates>7.478062605790899,46.974880319566886,556.3413946064567 7.478062605790899,46.974880319566886,586.3213946064567 7.47810665524113,46.974528046030414,586.3213946064567 7.47810665524113,46.974528046030414,556.3413946064567</coordinates>
                      </LinearRing>
                    </outerBoundaryIs>
                  </Polygon>
                  <Polygon>
                    <altitudeMode>absolute</altitudeMode>
                    <outerBoundaryIs>
                      <LinearRing>
                        <coordinates>7.47810665524113,46.974528046030414,556.3413946064567 7.47810665524113,46.974528046030414,586.3213946064567 7.477086559435829,46.97461768818806,586.3213946064567 7.477086559435829,46.97461768818806,556.3413946064567</coordinates>
                      </LinearRing>
                    </outerBoundaryIs>
                  </Polygon>
                </MultiGeometry>
              </Placemark>
            </Folder>
          </Folder>
          <Folder>
            <name>E127: uss1 astm.f3548.v21.dss.queryOperationalIntentReferences</name>
            <Placemark>
              <name>area_of_interest</name>
              <styleUrl>#QueryArea</styleUrl>
              <description><![CDATA[<ul><li>uss1's Activated fd85476f-5deb-43b7-9fbf-db479f08b436[2]</li></ul>]]></description>
              <TimeSpan>
                <begin>2026-10-08T16:10:28.027370+00:00</begin>
                <end>2026-10-08T16:55:29.027370+00:00</end>
              </TimeSpan>
              <MultiGeometry>
                <Polygon>
                  <altitudeMode>absolute</altitudeMode>
                  <outerBoundaryIs>
                    <LinearRing>
                      <coordinates>7.477086559435829,46.974528046030414,556.3413835555317 7.477086559435829,46.97491720487753,556.3413835555317 7.47810665524113,46.97491720487753,556.3413835555317 7.47810665524113,46.974528046030414,556.3413835555317</coordinates>
                    </LinearRing>
                  </outerBoundaryIs>
                </Polygon>
                <Polygon>
                  <altitudeMode>absolute</altitudeMode>
                  <outerBoundaryIs>
                    <LinearRing>
                      <coordinates>7.477086559435829,46.974528046030414,586.3213835555317 7.477086559435829,46.97491720487753,586.3213835555317 7.47810665524113,46.97491720487753,586.3213835555317 7.47810665524113,46.974528046030414,586.3213835555317</coordinates>
                    </LinearRing>
                  </outerBoundaryIs>
                </Polygon>
                <Polygon>
                  <altitudeMode>absolute</altitudeMode>
                  <outerBoundaryIs>
                    <LinearRing>
                      <coordinates>7.477086559435829,46.974528046030414,556.3413835555317 7.477086559435829,46.974528046030414,586.3213835555317 7.477086559435829,46.97491720487753,586.3213835555317 7.477086559435829,46.97491720487753,556.3413835555317</coordinates>
                    </LinearRing>
                  </outerBoundaryIs>
                </Polygon>
                <Polygon>
                  <altitudeMode>absolute</altitudeMode>
                  <outerBoundaryIs>
                    <LinearRing>
                      <coordinates>7.477086559435829,46.97491720487753,556.3413835555317 7.477086559435829,46.97491720487753,586.3213835555317 7.47810665524113,46.97491720487753,586.3213835555317 7.47810665524113,46.97491720487753,556.3413835555317</coordinates>
                    </LinearRing>
                  </outerBoundaryIs>
                </Polygon>
                <Polygon>
                  <altitudeMode>absolute</altitudeMode>
                  <outerBoundaryIs>
                    <LinearRing>
                      <coordinates>7.47810665524113,46.97491720487753,556.3413835555317 7.47810665524113,46.97491720487753,586.3213835555317 7.47810665524113,46.974528046030414,586.3213835555317 7.47810665524113,46.974528046030414,556.3413835555317</coordinates>
                    </LinearRing>
                  </outerBoundaryIs>
                </Polygon>
                <Polygon>
                  <altitudeMode>absolute</altitudeMode>
                  <outerBoundaryIs>
                    <LinearRing>
                      <coordinates>7.47810665524113,46.974528046030414,556.3413835555317 7.47810665524113,46.974528046030414,586.3213835555317 7.477086559435829,46.974528046030414,586.3213835555317 7.477086559435829,46.974528046030414,556.3413835555317</coordinates>
                    </LinearRing>
                  </outerBoundaryIs>
                </Polygon>
              </MultiGeometry>
            </Placemark>
          </Folder>
          <Folder>
            <name>E132: uss1 astm.f3548.v21.uss.getOperationalIntentDetails</name>
            <Folder>
              <name>uss1's P0 Activated fd85476f-5deb-43b7-9fbf-db479f08b436[2] @ 2lWgITE5H9DRSsRrXXLG1LFRIKzDbCFliAl8eyuyln0_</name>
              <Placemark>
                <name>Nominal volume 0</name>
                <styleUrl>#F3548v21Activated</styleUrl>
                <TimeSpan>
                  <begin>2026-10-08T16:10:29.050823+00:00</begin>
                  <end>2026-10-08T16:55:29.027370+00:00</end>
                </TimeSpan>
                <MultiGeometry>
                  <Polygon>
                    <altitudeMode>absolute</altitudeMode>
                    <outerBoundaryIs>
                      <LinearRing>
                        <coordinates>7.477086559435829,46.97461768818806,556.3413946064567 7.4771115068433796,46.97491720487753,556.3413946064567 7.478062605790899,46.974880319566886,556.3413946064567 7.47810665524113,46.974528046030414,556.3413946064567</coordinates>
                      </LinearRing>
                    </outerBoundaryIs>
                  </Polygon>
                  <Polygon>
                    <altitudeMode>absolute</altitudeMode>
                    <outerBoundaryIs>
                      <LinearRing>
                        <coordinates>7.477086559435829,46.97461768818806,586.3213946064567 7.4771115068433796,46.97491720487753,586.3213946064567 7.478062605790899,46.974880319566886,586.3213946064567 7.47810665524113,46.974528046030414,586.3213946064567</coordinates>
                      </LinearRing>
                    </outerBoundaryIs>
                  </Polygon>
                  <Polygon>
                    <altitudeMode>absolute</altitudeMode>
                    <outerBoundaryIs>
                      <LinearRing>
                        <coordinates>7.477086559435829,46.97461768818806,556.3413946064567 7.477086559435829,46.97461768818806,586.3213946064567 7.4771115068433796,46.97491720487753,586.3213946064567 7.4771115068433796,46.97491720487753,556.3413946064567</coordinates>
                      </LinearRing>
                    </outerBoundaryIs>
                  </Polygon>
                  <Polygon>
                    <altitudeMode>absolute</altitudeMode>
                    <outerBoundaryIs>
                      <LinearRing>
                        <coordinates>7.4771115068433796,46.97491720487753,556.3413946064567 7.4771115068433796,46.97491720487753,586.3213946064567 7.478062605790899,46.974880319566886,586.3213946064567 7.478062605790899,46.974880319566886,556.3413946064567</coordinates>
                      </LinearRing>
                    </outerBoundaryIs>
                  </Polygon>
                  <Polygon>
                    <altitudeMode>absolute</altitudeMode>
                    <outerBoundaryIs>
                      <LinearRing>
                        <coordinates>7.478062605790899,46.974880319566886,556.3413946064567 7.478062605790899,46.974880319566886,586.3213946064567 7.47810665524113,46.974528046030414,586.3213946064567 7.47810665524113,46.974528046030414,556.3413946064567</coordinates>
                      </LinearRing>
                    </outerBoundaryIs>
                  </Polygon>
                  <Polygon>
                    <altitudeMode>absolute</altitudeMode>
                    <outerBoundaryIs>
                      <LinearRing>
                        <coordinates>7.47810665524113,46.974528046030414,556.3413946064567 7.47810665524113,46.974528046030414,586.3213946064567 7.477086559435829,46.97461768818806,586.3213946064567 7.477086559435829,46.97461768818806,556.3413946064567</coordinates>
                      </LinearRing>
                    </outerBoundaryIs>
                  </Polygon>
                </MultiGeometry>
              </Placemark>
            </Folder>
          </Folder>
        </Folder>
        <Folder>
          <name>Plan Flight 2</name>
          <Folder>
            <name>E141: uss1 astm.f3548.v21.dss.queryOperationalIntentReferences</name>
            <Placemark>
              <name>area_of_interest</name>
              <styleUrl>#QueryArea</styleUrl>
              <description><![CDATA[<ul><li>uss1's Activated fd85476f-5deb-43b7-9fbf-db479f08b436[2]</li></ul>]]></description>
              <TimeSpan>
                <begin>2026-10-08T16:10:28.159606+00:00</begin>
                <end>2026-10-08T16:55:29.159606+00:00</end>
              </TimeSpan>
              <MultiGeometry>
                <Polygon>
                  <altitudeMode>absolute</altitudeMode>
                  <outerBoundaryIs>
                    <LinearRing>
                      <coordinates>7.477046661060006,46.97455925749912,555.2513975997226 7.477046661060006,46.97530804909576,555.2513975997226 7.477627795613881,46.97530804909576,555.2513975997226 7.477627795613881,46.97455925749912,555.2513975997226</coordinates>
                    </LinearRing>
                  </outerBoundaryIs>
                </Polygon>
                <Polygon>
                  <altitudeMode>absolute</altitudeMode>
                  <outerBoundaryIs>
                    <LinearRing>
                      <coordinates>7.477046661060006,46.97455925749912,584.3213975997227 7.477046661060006,46.97530804909576,584.3213975997227 7.477627795613881,46.97530804909576,584.3213975997227 7.477627795613881,46.97455925749912,584.3213975997227</coordinates>
                    </LinearRing>
                  </outerBoundaryIs>
                </Polygon>
                <Polygon>
                  <altitudeMode>absolute</altitudeMode>
                  <outerBoundaryIs>
                    <LinearRing>
                      <coordinates>7.477046661060006,46.97455925749912,555.2513975997226 7.477046661060006,46.97455925749912,584.3213975997227 7.477046661060006,46.97530804909576,584.3213975997227 7.477046661060006,46.97530804909576,555.2513975997226</coordinates>
                    </LinearRing>
                  </outerBoundaryIs>
                </Polygon>
                <Polygon>
                  <altitudeMode>absolute</altitudeMode>
                  <outerBoundaryIs>
                    <LinearRing>
                      <coordinates>7.477046661060006,46.97530804909576,555.2513975997226 7.477046661060006,46.97530804909576,584.3213975997227 7.477627795613881,46.97530804909576,584.3213975997227 7.477627795613881,46.97530804909576,555.2513975997226</coordinates>
                    </LinearRing>
                  </outerBoundaryIs>
                </Polygon>
                <Polygon>
                  <altitudeMode>absolute</altitudeMode>
                  <outerBoundaryIs>
                    <LinearRing>
                      <coordinates>7.477627795613881,46.97530804909576,555.2513975997226 7.477627795613881,46.97530804909576,584.3213975997227 7.477627795613881,46.97455925749912,584.3213975997227 7.477627795613881,46.97455925749912,555.2513975997226</coordinates>
                    </LinearRing>
                  </outerBoundaryIs>
                </Polygon>
                <Polygon>
                  <altitudeMode>absolute</altitudeMode>
                  <outerBoundaryIs>
                    <LinearRing>
                      <coordinates>7.477627795613881,46.97455925749912,555.2513975997226 7.477627795613881,46.97455925749912,584.3213975997227 7.477046661060006,46.97455925749912,584.3213975997227 7.477046661060006,46.97455925749912,555.2513975997226</coordinates>
                    </LinearRing>
                  </outerBoundaryIs>
                </Polygon>
              </MultiGeometry>
            </Placemark>
          </Folder>
          <Folder>
            <name>E143: uss1 interuss.automated_testing.flight_planning.v1.UpsertFlightPlan</name>
            <Folder>
              <name>Activity Completed, flight Planned</name>
              <Placemark>
                <name>Volume 0</name>
                <styleUrl>#Planned_Nominal</styleUrl>
                <TimeSpan>
                  <begin>2026-10-08T16:10:28.159606+00:00</begin>
                  <end>2026-10-08T16:55:29.159606+00:00</end>
                </TimeSpan>
                <MultiGeometry>
                  <Polygon>
                    <altitudeMode>absolute</altitudeMode>
                    <outerBoundaryIs>
                      <LinearRing>
                        <coordinates>7.477046661060006,46.97501988078352,555.2514246078914 7.477301884621132,46.97455925749912,555.2514246078914 7.477627795613881,46.97494726396419,555.2514246078914 7.477364256610934,46.97530804909575,555.2514246078914</coordinates>
                      </LinearRing>
                    </outerBoundaryIs>
                  </Polygon>
                  <Polygon>
                    <altitudeMode>absolute</altitudeMode>
                    <outerBoundaryIs>
                      <LinearRing>
                        <coordinates>7.477046661060006,46.97501988078352,584.3214246078915 7.477301884621132,46.97455925749912,584.3214246078915 7.477627795613881,46.97494726396419,584.3214246078915 7.477364256610934,46.97530804909575,584.3214246078915</coordinates>
                      </LinearRing>
                    </outerBoundaryIs>
                  </Polygon>
                  <Polygon>
                    <altitudeMode>absolute</altitudeMode>
                    <outerBoundaryIs>
                      <LinearRing>
                        <coordinates>7.477046661060006,46.97501988078352,555.2514246078914 7.477046661060006,46.97501988078352,584.3214246078915 7.477301884621132,46.97455925749912,584.3214246078915 7.477301884621132,46.97455925749912,555.2514246078914</coordinates>
                      </LinearRing>
                    </outerBoundaryIs>
                  </Polygon>
                  <Polygon>
                    <altitudeMode>absolute</altitudeMode>
                    <outerBoundaryIs>
                      <LinearRing>
                        <coordinates>7.477301884621132,46.97455925749912,555.2514246078914 7.477301884621132,46.97455925749912,584.3214246078915 7.477627795613881,46.97494726396419,584.3214246078915 7.477627795613881,46.97494726396419,555.2514246078914</coordinates>
                      </LinearRing>
                    </outerBoundaryIs>
                  </Polygon>
                  <Polygon>
                    <altitudeMode>absolute</altitudeMode>
                    <outerBoundaryIs>
                      <LinearRing>
                        <coordinates>7.477627795613881,46.97494726396419,555.2514246078914 7.477627795613881,46.97494726396419,584.3214246078915 7.477364256610934,46.97530804909575,584.3214246078915 7.477364256610934,46.97530804909575,555.2514246078914</coordinates>
                      </LinearRing>
                    </outerBoundaryIs>
                  </Polygon>
                  <Polygon>
                    <altitudeMode>absolute</altitudeMode>
                    <outerBoundaryIs>
                      <LinearRing>
                        <coordinates>7.477364256610934,46.97530804909575,555.2514246078914 7.477364256610934,46.97530804909575,584.3214246078915 7.477046661060006,46.97501988078352,584.3214246078915 7.477046661060006,46.97501988078352,555.2514246078914</coordinates>
                      </LinearRing>
                    </outerBoundaryIs>
                  </Polygon>
                </MultiGeometry>
              </Placemark>
            </Folder>
          </Folder>
          <Folder>
            <name>E147: uss1 astm.f3548.v21.dss.queryOperationalIntentReferences</name>
            <Placemark>
              <name>area_of_interest</name>
              <styleUrl>#QueryArea</styleUrl>
              <description><![CDATA[<ul><li>uss1's Accepted 4e1e6105-3995-49f9-b594-3b2b1f1fa45a[1]</li><li>uss1's Activated fd85476f-5deb-43b7-9fbf-db479f08b436[2]</li></ul>]]></description>
              <TimeSpan>
                <begin>2026-10-08T16:10:28.159606+00:00</begin>
                <end>2026-10-08T16:55:29.159606+00:00</end>
              </TimeSpan>
              <MultiGeometry>
                <Polygon>
                  <altitudeMode>absolute</altitudeMode>
                  <outerBoundaryIs>
                    <LinearRing>
                      <coordinates>7.477046661060006,46.97455925749912,555.2513975997226 7.477046661060006,46.97530804909576,555.2513975997226 7.477627795613881,46.97530804909576,555.2513975997226 7.477627795613881,46.97455925749912,555.2513975997226</coordinates>
                    </LinearRing>
                  </outerBoundaryIs>
                </Polygon>
                <Polygon>
                  <altitudeMode>absolute</altitudeMode>
                  <outerBoundaryIs>
                    <LinearRing>
                      <coordinates>7.477046661060006,46.97455925749912,584.3213975997227 7.477046661060006,46.97530804909576,584.3213975997227 7.477627795613881,46.97530804909576,584.3213975997227 7.477627795613881,46.97455925749912,584.3213975997227</coordinates>
                    </LinearRing>
                  </outerBoundaryIs>
                </Polygon>
                <Polygon>
                  <altitudeMode>absolute</altitudeMode>
                  <outerBoundaryIs>
                    <LinearRing>
                      <coordinates>7.477046661060006,46.97455925749912,555.2513975997226 7.477046661060006,46.97455925749912,584.3213975997227 7.477046661060006,46.97530804909576,584.3213975997227 7.477046661060006,46.97530804909576,555.2513975997226</coordinates>
                    </LinearRing>
                  </outerBoundaryIs>
                </Polygon>
                <Polygon>
                  <altitudeMode>absolute</altitudeMode>
                  <outerBoundaryIs>
                    <LinearRing>
                      <coordinates>7.477046661060006,46.97530804909576,555.2513975997226 7.477046661060006,46.97530804909576,584.3213975997227 7.477627795613881,46.97530804909576,584.3213975997227 7.477627795613881,46.97530804909576,555.2513975997226</coordinates>
                    </LinearRing>
                  </outerBoundaryIs>
                </Polygon>
                <Polygon>
                  <altitudeMode>absolute</altitudeMode>
                  <outerBoundaryIs>
                    <LinearRing>
                      <coordinates>7.477627795613881,46.97530804909576,555.2513975997226 7.477627795613881,46.97530804909576,584.3213975997227 7.477627795613881,46.97455925749912,584.3213975997227 7.477627795613881,46.97455925749912,555.2513975997226</coordinates>
                    </LinearRing>
                  </outerBoundaryIs>
                </Polygon>
                <Polygon>
                  <altitudeMode>absolute</altitudeMode>
                  <outerBoundaryIs>
                    <LinearRing>
                      <coordinates>7.477627795613881,46.97455925749912,555.2513975997226 7.477627795613881,46.97455925749912,584.3213975997227 7.477046661060006,46.97455925749912,584.3213975997227 7.477046661060006,46.97455925749912,555.2513975997226</coordinates>
                    </LinearRing>
                  </outerBoundaryIs>
                </Polygon>
              </MultiGeometry>
            </Placemark>
          </Folder>
          <Folder>
            <name>E151: uss1 astm.f3548.v21.uss.getOperationalIntentDetails</name>
            <Folder>
              <name>uss1's P100 Accepted 4e1e6105-3995-49f9-b594-3b2b1f1fa45a[1] @ rn0H9jkA487yvocdebDVcI4F7pfTzOGqslliP7anHqk_</name>
              <Placemark>
                <name>Nominal volume 0</name>
                <styleUrl>#F3548v21Accepted</styleUrl>
                <TimeSpan>
                  <begin>2026-10-08T16:10:29.187909+00:00</begin>
                  <end>2026-10-08T16:55:29.159606+00:00</end>
                </TimeSpan>
                <MultiGeometry>
                  <Polygon>
                    <altitudeMode>absolute</altitudeMode>
                    <outerBoundaryIs>
                      <LinearRing>
                        <coordinates>7.477046661060006,46.97501988078352,555.2514246078914 7.477301884621132,46.97455925749912,555.2514246078914 7.477627795613881,46.97494726396419,555.2514246078914 7.477364256610934,46.97530804909575,555.2514246078914</coordinates>
                      </LinearRing>
                    </outerBoundaryIs>
                  </Polygon>
                  <Polygon>
                    <altitudeMode>absolute</altitudeMode>
                    <outerBoundaryIs>
                      <LinearRing>
                        <coordinates>7.477046661060006,46.97501988078352,584.3214246078915 7.477301884621132,46.97455925749912,584.3214246078915 7.477627795613881,46.97494726396419,584.3214246078915 7.477364256610934,46.97530804909575,584.3214246078915</coordinates>
                      </LinearRing>
                    </outerBoundaryIs>
                  </Polygon>
                  <Polygon>
                    <altitudeMode>absolute</altitudeMode>
                    <outerBoundaryIs>
                      <LinearRing>
                        <coordinates>7.477046661060006,46.97501988078352,555.2514246078914 7.477046661060006,46.97501988078352,584.3214246078915 7.477301884621132,46.97455925749912,584.3214246078915 7.477301884621132,46.97455925749912,555.2514246078914</coordinates>
                      </LinearRing>
                    </outerBoundaryIs>
                  </Polygon>
                  <Polygon>
                    <altitudeMode>absolute</altitudeMode>
                    <outerBoundaryIs>
                      <LinearRing>
                        <coordinates>7.477301884621132,46.97455925749912,555.2514246078914 7.477301884621132,46.97455925749912,584.3214246078915 7.477627795613881,46.97494726396419,584.3214246078915 7.477627795613881,46.97494726396419,555.2514246078914</coordinates>
                      </LinearRing>
                    </outerBoundaryIs>
                  </Polygon>
                  <Polygon>
                    <altitudeMode>absolute</altitudeMode>
                    <outerBoundaryIs>
                      <LinearRing>
                        <coordinates>7.477627795613881,46.97494726396419,555.2514246078914 7.477627795613881,46.97494726396419,584.3214246078915 7.477364256610934,46.97530804909575,584.3214246078915 7.477364256610934,46.97530804909575,555.2514246078914</coordinates>
                      </LinearRing>
                    </outerBoundaryIs>
                  </Polygon>
                  <Polygon>
                    <altitudeMode>absolute</altitudeMode>
                    <outerBoundaryIs>
                      <LinearRing>
                        <coordinates>7.477364256610934,46.97530804909575,555.2514246078914 7.477364256610934,46.97530804909575,584.3214246078915 7.477046661060006,46.97501988078352,584.3214246078915 7.477046661060006,46.97501988078352,555.2514246078914</coordinates>
                      </LinearRing>
                    </outerBoundaryIs>
                  </Polygon>
                </MultiGeometry>
              </Placemark>
            </Folder>
          </Folder>
        </Folder>
        <Folder>
          <name>Activate Flight 2</name>
          <Folder>
            <name>E164: uss1 astm.f3548.v21.dss.queryOperationalIntentReferences</name>
            <Placemark>
              <name>area_of_interest</name>
              <styleUrl>#QueryArea</styleUrl>
              <description><![CDATA[<ul><li>uss1's Accepted 4e1e6105-3995-49f9-b594-3b2b1f1fa45a[1]</li><li>uss1's Activated fd85476f-5deb-43b7-9fbf-db479f08b436[2]</li></ul>]]></description>
              <TimeSpan>
                <begin>2026-10-08T16:10:28.341953+00:00</begin>
                <end>2026-10-08T16:55:29.341953+00:00</end>
              </TimeSpan>
              <MultiGeometry>
                <Polygon>
                  <altitudeMode>absolute</altitudeMode>
                  <outerBoundaryIs>
                    <LinearRing>
                      <coordinates>7.477046661060006,46.97455925749912,556.4013975997227 7.477046661060006,46.97530804909576,556.4013975997227 7.477627795613881,46.97530804909576,556.4013975997227 7.477627795613881,46.97455925749912,556.4013975997227</coordinates>
                    </LinearRing>
                  </outerBoundaryIs>
                </Polygon>
                <Polygon>
                  <altitudeMode>absolute</altitudeMode>
                  <outerBoundaryIs>
                    <LinearRing>
                      <coordinates>7.477046661060006,46.97455925749912,584.3213975997227 7.477046661060006,46.97530804909576,584.3213975997227 7.477627795613881,46.97530804909576,584.3213975997227 7.477627795613881,46.97455925749912,584.3213975997227</coordinates>
                    </LinearRing>
                  </outerBoundaryIs>
                </Polygon>
                <Polygon>
                  <altitudeMode>absolute</altitudeMode>
                  <outerBoundaryIs>
                    <LinearRing>
                      <coordinates>7.477046661060006,46.97455925749912,556.4013975997227 7.477046661060006,46.97455925749912,584.3213975997227 7.477046661060006,46.97530804909576,584.3213975997227 7.477046661060006,46.97530804909576,556.4013975997227</coordinates>
                    </LinearRing>
                  </outerBoundaryIs>
                </Polygon>
                <Polygon>
                  <altitudeMode>absolute</altitudeMode>
                  <outerBoundaryIs>
                    <LinearRing>
                      <coordinates>7.477046661060006,46.97530804909576,556.4013975997227 7.477046661060006,46.97530804909576,584.3213975997227 7.477627795613881,46.97530804909576,584.3213975997227 7.477627795613881,46.97530804909576,556.4013975997227</coordinates>
                    </LinearRing>
                  </outerBoundaryIs>
                </Polygon>
                <Polygon>
                  <altitudeMode>absolute</altitudeMode>
                  <outerBoundaryIs>
                    <LinearRing>
                      <coordinates>7.477627795613881,46.97530804909576,556.4013975997227 7.477627795613881,46.97530804909576,584.3213975997227 7.477627795613881,46.97455925749912,584.3213975997227 7.477627795613881,46.97455925749912,556.4013975997227</coordinates>
                    </LinearRing>
                  </outerBoundaryIs>
                </Polygon>
                <Polygon>
                  <altitudeMode>absolute</altitudeMode>
                  <outerBoundaryIs>
                    <LinearRing>
                      <coordinates>7.477627795613881,46.97455925749912,556.4013975997227 7.477627795613881,46.97455925749912,584.3213975997227 7.477046661060006,46.97455925749912,584.3213975997227 7.477046661060006,46.97455925749912,556.4013975997227</coordinates>
                    </LinearRing>
                  </outerBoundaryIs>
                </Polygon>
              </MultiGeometry>
            </Placemark>
          </Folder>
          <Folder>
            <name>E166: uss1 interuss.automated_testing.flight_planning.v1.UpsertFlightPlan</name>
            <Folder>
              <name>Activity Completed, flight OkToFly</name>
              <Placemark>
                <name>Volume 0</name>
                <styleUrl>#InUse_Nominal</styleUrl>
                <TimeSpan>
                  <begin>2026-10-08T16:10:28.341953+00:00</begin>
                  <end>2026-10-08T16:55:29.341953+00:00</end>
                </TimeSpan>
                <MultiGeometry>
                  <Polygon>
                    <altitudeMode>absolute</altitudeMode>
                    <outerBoundaryIs>
                      <LinearRing>
                        <coordinates>7.477046661060006,46.97501988078352,556.4014246078915 7.477301884621132,46.97455925749912,556.4014246078915 7.477627795613881,46.97494726396419,556.4014246078915 7.477364256610934,46.97530804909575,556.4014246078915</coordinates>
                      </LinearRing>
                    </outerBoundaryIs>
                  </Polygon>
                  <Polygon>
                    <altitudeMode>absolute</altitudeMode>
                    <outerBoundaryIs>
                      <LinearRing>
                        <coordinates>7.477046661060006,46.97501988078352,584.3214246078915 7.477301884621132,46.97455925749912,584.3214246078915 7.477627795613881,46.97494726396419,584.3214246078915 7.477364256610934,46.97530804909575,584.3214246078915</coordinates>
                      </LinearRing>
                    </outerBoundaryIs>
                  </Polygon>
                  <Polygon>
                    <altitudeMode>absolute</altitudeMode>
                    <outerBoundaryIs>
                      <LinearRing>
                        <coordinates>7.477046661060006,46.97501988078352,556.4014246078915 7.477046661060006,46.97501988078352,584.3214246078915 7.477301884621132,46.97455925749912,584.3214246078915 7.477301884621132,46.97455925749912,556.4014246078915</coordinates>
                      </LinearRing>
                    </outerBoundaryIs>
                  </Polygon>
                  <Polygon>
                    <altitudeMode>absolute</altitudeMode>
                    <outerBoundaryIs>
                      <LinearRing>
                        <coordinates>7.477301884621132,46.97455925749912,556.4014246078915 7.477301884621132,46.97455925749912,584.3214246078915 7.477627795613881,46.97494726396419,584.3214246078915 7.477627795613881,46.97494726396419,556.4014246078915</coordinates>
                      </LinearRing>
                    </outerBoundaryIs>
                  </Polygon>
                  <Polygon>
                    <altitudeMode>absolute</altitudeMode>
                    <outerBoundaryIs>
                      <LinearRing>
                        <coordinates>7.477627795613881,46.97494726396419,556.4014246078915 7.477627795613881,46.97494726396419,584.3214246078915 7.477364256610934,46.97530804909575,584.3214246078915 7.477364256610934,46.97530804909575,556.4014246078915</coordinates>
                      </LinearRing>
                    </outerBoundaryIs>
                  </Polygon>
                  <Polygon>
                    <altitudeMode>absolute</altitudeMode>
                    <outerBoundaryIs>
                      <LinearRing>
                        <coordinates>7.477364256610934,46.97530804909575,556.4014246078915 7.477364256610934,46.97530804909575,584.3214246078915 7.477046661060006,46.97501988078352,584.3214246078915 7.477046661060006,46.97501988078352,556.4014246078915</coordinates>
                      </LinearRing>
                    </outerBoundaryIs>
                  </Polygon>
                </MultiGeometry>
              </Placemark>
            </Folder>
          </Folder>
          <Folder>
            <name>E170: uss1 astm.f3548.v21.dss.queryOperationalIntentReferences</name>
            <Placemark>
              <name>area_of_interest</name>
              <styleUrl>#QueryArea</styleUrl>
              <description><![CDATA[<ul><li>uss1's Activated 4e1e6105-3995-49f9-b594-3b2b1f1fa45a[2]</li><li>uss1's Activated fd85476f-5deb-43b7-9fbf-db479f08b436[2]</li></ul>]]></description>
              <TimeSpan>
                <begin>2026-10-08T16:10:28.341953+00:00</begin>
                <end>2026-10-08T16:55:29.341953+00:00</end>
              </TimeSpan>
              <MultiGeometry>
                <Polygon>
                  <altitudeMode>absolute</altitudeMode>
                  <outerBoundaryIs>
                    <LinearRing>
                      <coordinates>7.477046661060006,46.97455925749912,556.4013975997227 7.477046661060006,46.97530804909576,556.4013975997227 7.477627795613881,46.97530804909576,556.4013975997227 7.477627795613881,46.97455925749912,556.4013975997227</coordinates>
                    </LinearRing>
                  </outerBoundaryIs>
                </Polygon>
                <Polygon>
                  <altitudeMode>absolute</altitudeMode>
                  <outerBoundaryIs>
                    <LinearRing>
                      <coordinates>7.477046661060006,46.97455925749912,584.3213975997227 7.477046661060006,46.97530804909576,584.3213975997227 7.477627795613881,46.97530804909576,584.3213975997227 7.477627795613881,46.97455925749912,584.3213975997227</coordinates>
                    </LinearRing>
                  </outerBoundaryIs>
                </Polygon>
                <Polygon>
                  <altitudeMode>absolute</altitudeMode>
                  <outerBoundaryIs>
                    <LinearRing>
                      <coordinates>7.477046661060006,46.97455925749912,556.4013975997227 7.477046661060006,46.97455925749912,584.3213975997227 7.477046661060006,46.97530804909576,584.3213975997227 7.477046661060006,46.97530804909576,556.4013975997227</coordinates>
                    </LinearRing>
                  </outerBoundaryIs>
                </Polygon>
                <Polygon>
                  <altitudeMode>absolute</altitudeMode>
                  <outerBoundaryIs>
                    <LinearRing>
                      <coordinates>7.477046661060006,46.97530804909576,556.4013975997227 7.477046661060006,46.97530804909576,584.3213975997227 7.477627795613881,46.97530804909576,584.3213975997227 7.477627795613881,46.97530804909576,556.4013975997227</coordinates>
                    </LinearRing>
                  </outerBoundaryIs>
                </Polygon>
                <Polygon>
                  <altitudeMode>absolute</altitudeMode>
                  <outerBoundaryIs>
                    <LinearRing>
                      <coordinates>7.477627795613881,46.97530804909576,556.4013975997227 7.477627795613881,46.97530804909576,584.3213975997227 7.477627795613881,46.97455925749912,584.3213975997227 7.477627795613881,46.97455925749912,556.4013975997227</coordinates>
                    </LinearRing>
                  </outerBoundaryIs>
                </Polygon>
                <Polygon>
                  <altitudeMode>absolute</altitudeMode>
                  <outerBoundaryIs>
                    <LinearRing>
                      <coordinates>7.477627795613881,46.97455925749912,556.4013975997227 7.477627795613881,46.97455925749912,584.3213975997227 7.477046661060006,46.97455925749912,584.3213975997227 7.477046661060006,46.97455925749912,556.4013975997227</coordinates>
                    </LinearRing>
                  </outerBoundaryIs>
                </Polygon>
              </MultiGeometry>
            </Placemark>
          </Folder>
          <Folder>
            <name>E175: uss1 astm.f3548.v21.uss.getOperationalIntentDetails</name>
            <Folder>
              <name>uss1's P100 Activated 4e1e6105-3995-49f9-b594-3b2b1f1fa45a[2] @ -BwdNkcHZO1ocqpWDKB2QD7ETiNQyCWT0-UpLc9s8Dc_</name>
              <Placemark>
                <name>Nominal volume 0</name>
                <styleUrl>#F3548v21Activated</styleUrl>
                <TimeSpan>
                  <begin>2026-10-08T16:10:29.367869+00:00</begin>
                  <end>2026-10-08T16:55:29.341953+00:00</end>
                </TimeSpan>
                <MultiGeometry>
                  <Polygon>
                    <altitudeMode>absolute</altitudeMode>
                    <outerBoundaryIs>
                      <LinearRing>
                        <coordinates>7.477046661060006,46.97501988078352,556.4014246078915 7.477301884621132,46.97455925749912,556.4014246078915 7.477627795613881,46.97494726396419,556.4014246078915 7.477364256610934,46.97530804909575,556.4014246078915</coordinates>
                      </LinearRing>
                    </outerBoundaryIs>
                  </Polygon>
                  <Polygon>
                    <altitudeMode>absolute</altitudeMode>
                    <outerBoundaryIs>
                      <LinearRing>
                        <coordinates>7.477046661060006,46.97501988078352,584.3214246078915 7.477301884621132,46.97455925749912,584.3214246078915 7.477627795613881,46.97494726396419,584.3214246078915 7.477364256610934,46.97530804909575,584.3214246078915</coordinates>
                      </LinearRing>
                    </outerBoundaryIs>
                  </Polygon>
                  <Polygon>
                    <altitudeMode>absolute</altitudeMode>
                    <outerBoundaryIs>
                      <LinearRing>
                        <coordinates>7.477046661060006,46.97501988078352,556.4014246078915 7.477046661060006,46.97501988078352,584.3214246078915 7.477301884621132,46.97455925749912,584.3214246078915 7.477301884621132,46.97455925749912,556.4014246078915</coordinates>
                      </LinearRing>
                    </outerBoundaryIs>
                  </Polygon>
                  <Polygon>
                    <altitudeMode>absolute</altitudeMode>
                    <outerBoundaryIs>
                      <LinearRing>
                        <coordinates>7.477301884621132,46.97455925749912,556.4014246078915 7.477301884621132,46.97455925749912,584.3214246078915 7.477627795613881,46.97494726396419,584.3214246078915 7.477627795613881,46.97494726396419,556.4014246078915</coordinates>
                      </LinearRing>
                    </outerBoundaryIs>
                  </Polygon>
                  <Polygon>
                    <altitudeMode>absolute</altitudeMode>
                    <outerBoundaryIs>
                      <LinearRing>
                        <coordinates>7.477627795613881,46.97494726396419,556.4014246078915 7.477627795613881,46.97494726396419,584.3214246078915 7.477364256610934,46.97530804909575,584.3214246078915 7.477364256610934,46.97530804909575,556.4014246078915</coordinates>
                      </LinearRing>
                    </outerBoundaryIs>
                  </Polygon>
                  <Polygon>
                    <altitudeMode>absolute</altitudeMode>
                    <outerBoundaryIs>
                      <LinearRing>
                        <coordinates>7.477364256610934,46.97530804909575,556.4014246078915 7.477364256610934,46.97530804909575,584.3214246078915 7.477046661060006,46.97501988078352,584.3214246078915 7.477046661060006,46.97501988078352,556.4014246078915</coordinates>
                      </LinearRing>
                    </outerBoundaryIs>
                  </Polygon>
                </MultiGeometry>
              </Placemark>
            </Folder>
          </Folder>
        </Folder>
        <Folder>
          <name>Check for conflict notifications</name>
        </Folder>
        <Folder>
          <name>Modify activated Flight 1 in conflict with activated Flight 2</name>
          <Folder>
            <name>E190: uss1 astm.f3548.v21.dss.queryOperationalIntentReferences</name>
            <Placemark>
              <name>area_of_interest</name>
              <styleUrl>#QueryArea</styleUrl>
              <description><![CDATA[<ul><li>uss1's Activated 4e1e6105-3995-49f9-b594-3b2b1f1fa45a[2]</li><li>uss1's Activated fd85476f-5deb-43b7-9fbf-db479f08b436[2]</li></ul>]]></description>
              <TimeSpan>
                <begin>2026-10-08T16:10:28.490326+00:00</begin>
                <end>2026-10-08T16:55:29.490326+00:00</end>
              </TimeSpan>
              <MultiGeometry>
                <Polygon>
                  <altitudeMode>absolute</altitudeMode>
                  <outerBoundaryIs>
                    <LinearRing>
                      <coordinates>7.477086559435829,46.974528046030414,526.2713835555318 7.477086559435829,46.97491720487753,526.2713835555318 7.47810665524113,46.97491720487753,526.2713835555318 7.47810665524113,46.974528046030414,526.2713835555318</coordinates>
                    </LinearRing>
                  </outerBoundaryIs>
                </Polygon>
                <Polygon>
                  <altitudeMode>absolute</altitudeMode>
                  <outerBoundaryIs>
                    <LinearRing>
                      <coordinates>7.477086559435829,46.974528046030414,586.3213835555317 7.477086559435829,46.97491720487753,586.3213835555317 7.47810665524113,46.97491720487753,586.3213835555317 7.47810665524113,46.974528046030414,586.3213835555317</coordinates>
                    </LinearRing>
                  </outerBoundaryIs>
                </Polygon>
                <Polygon>
                  <altitudeMode>absolute</altitudeMode>
                  <outerBoundaryIs>
                    <LinearRing>
                      <coordinates>7.477086559435829,46.974528046030414,526.2713835555318 7.477086559435829,46.974528046030414,586.3213835555317 7.477086559435829,46.97491720487753,586.3213835555317 7.477086559435829,46.97491720487753,526.2713835555318</coordinates>
                    </LinearRing>
                  </outerBoundaryIs>
                </Polygon>
                <Polygon>
                  <altitudeMode>absolute</altitudeMode>
                  <outerBoundaryIs>
                    <LinearRing>
                      <coordinates>7.477086559435829,46.97491720487753,526.2713835555318 7.477086559435829,46.97491720487753,586.3213835555317 7.47810665524113,46.97491720487753,586.3213835555317 7.47810665524113,46.97491720487753,526.2713835555318</coordinates>
                    </LinearRing>
                  </outerBoundaryIs>
                </Polygon>
                <Polygon>
                  <altitudeMode>absolute</altitudeMode>
                  <outerBoundaryIs>
                    <LinearRing>
                      <coordinates>7.47810665524113,46.97491720487753,526.2713835555318 7.47810665524113,46.97491720487753,586.3213835555317 7.47810665524113,46.974528046030414,586.3213835555317 7.47810665524113,46.974528046030414,526.2713835555318</coordinates>
                    </LinearRing>
                  </outerBoundaryIs>
                </Polygon>
                <Polygon>
                  <altitudeMode>absolute</altitudeMode>
                  <outerBoundaryIs>
                    <LinearRing>
                      <coordinates>7.47810665524113,46.974528046030414,526.2713835555318 7.47810665524113,46.974528046030414,586.3213835555317 7.477086559435829,46.974528046030414,586.3213835555317 7.477086559435829,46.974528046030414,526.2713835555318</coordinates>
                    </LinearRing>
                  </outerBoundaryIs>
                </Polygon>
              </MultiGeometry>
            </Placemark>
          </Folder>
          <Folder>
            <name>E192: uss1 interuss.automated_testing.flight_planning.v1.UpsertFlightPlan</name>
            <Folder>
              <name>Activity Completed, flight OkToFly</name>
              <Placemark>
                <name>Volume 0</name>
                <styleUrl>#InUse_Nominal</styleUrl>
                <TimeSpan>
                  <begin>2026-10-08T16:10:28.490326+00:00</begin>
                  <end>2026-10-08T16:55:29.490326+00:00</end>
                </TimeSpan>
                <MultiGeometry>
                  <Polygon>
                    <altitudeMode>absolute</altitudeMode>
                    <outerBoundaryIs>
                      <LinearRing>
                        <coordinates>7.47745236483637,46.97460350254155,526.2715485664236 7.47747731428616,46.97490301915158,526.2715485664236 7.478062605790899,46.974880319566886,526.2715485664236 7.47810665524113,46.974528046030414,526.2715485664236</coordinates>
                      </LinearRing>
                    </outerBoundaryIs>
                  </Polygon>
                  <Polygon>
                    <altitudeMode>absolute</altitudeMode>
                    <outerBoundaryIs>
                      <LinearRing>
                        <coordinates>7.47745236483637,46.97460350254155,586.3215485664235 7.47747731428616,46.97490301915158,586.3215485664235 7.478062605790899,46.974880319566886,586.3215485664235 7.47810665524113,46.974528046030414,586.3215485664235</coordinates>
                      </LinearRing>
                    </outerBoundaryIs>
                  </Polygon>
                  <Polygon>
                    <altitudeMode>absolute</altitudeMode>
                    <outerBoundaryIs>
                      <LinearRing>
                        <coordinates>7.47745236483637,46.97460350254155,526.2715485664236 7.47745236483637,46.97460350254155,586.3215485664235 7.47747731428616,46.97490301915158,586.3215485664235 7.47747731428616,46.97490301915158,526.2715485664236</coordinates>
                      </LinearRing>
                    </outerBoundaryIs>
                  </Polygon>
                  <Polygon>
                    <altitudeMode>absolute</altitudeMode>
                    <outerBoundaryIs>
                      <LinearRing>
                        <coordinates>7.47747731428616,46.97490301915158,526.2715485664236 7.47747731428616,46.97490301915158,586.3215485664235 7.478062605790899,46.974880319566886,586.3215485664235 7.478062605790899,46.974880319566886,526.2715485664236</coordinates>
                      </LinearRing>
                    </outerBoundaryIs>
                  </Polygon>
                  <Polygon>
                    <altitudeMode>absolute</altitudeMode>
                    <outerBoundaryIs>
                      <LinearRing>
                        <coordinates>7.478062605790899,46.974880319566886,526.2715485664236 7.478062605790899,46.974880319566886,586.3215485664235 7.47810665524113,46.974528046030414,586.3215485664235 7.47810665524113,46.974528046030414,526.2715485664236</coordinates>
                      </LinearRing>
                    </outerBoundaryIs>
                  </Polygon>
                  <Polygon>
                    <altitudeMode>absolute</altitudeMode>
                    <outerBoundaryIs>
                      <LinearRing>
                        <coordinates>7.47810665524113,46.974528046030414,526.2715485664236 7.47810665524113,46.974528046030414,586.3215485664235 7.47745236483637,46.97460350254155,586.3215485664235 7.47745236483637,46.97460350254155,526.2715485664236</coordinates>
                      </LinearRing>
                    </outerBoundaryIs>
                  </Polygon>
                </MultiGeometry>
              </Placemark>
            </Folder>
          </Folder>
          <Folder>
            <name>E197: uss1 astm.f3548.v21.dss.queryOperationalIntentReferences</name>
            <Placemark>
              <name>area_of_interest</name>
              <styleUrl>#QueryArea</styleUrl>
              <description><![CDATA[<ul><li>uss1's Activated 4e1e6105-3995-49f9-b594-3b2b1f1fa45a[2]</li><li>uss1's Activated fd85476f-5deb-43b7-9fbf-db479f08b436[3]</li></ul>]]></description>
              <TimeSpan>
                <begin>2026-10-08T16:10:28.490326+00:00</begin>
                <end>2026-10-08T16:55:29.490326+00:00</end>
              </TimeSpan>
              <MultiGeometry>
                <Polygon>
                  <altitudeMode>absolute</altitudeMode>
                  <outerBoundaryIs>
                    <LinearRing>
                      <coordinates>7.477086559435829,46.974528046030414,526.2713835555318 7.477086559435829,46.97491720487753,526.2713835555318 7.47810665524113,46.97491720487753,526.2713835555318 7.47810665524113,46.974528046030414,526.2713835555318</coordinates>
                    </LinearRing>
                  </outerBoundaryIs>
                </Polygon>
                <Polygon>
                  <altitudeMode>absolute</altitudeMode>
                  <outerBoundaryIs>
                    <LinearRing>
                      <coordinates>7.477086559435829,46.974528046030414,586.3213835555317 7.477086559435829,46.97491720487753,586.3213835555317 7.47810665524113,46.97491720487753,586.3213835555317 7.47810665524113,46.974528046030414,586.3213835555317</coordinates>
                    </LinearRing>
                  </outerBoundaryIs>
                </Polygon>
                <Polygon>
                  <altitudeMode>absolute</altitudeMode>
                  <outerBoundaryIs>
                    <LinearRing>
                      <coordinates>7.477086559435829,46.974528046030414,526.2713835555318 7.477086559435829,46.974528046030414,586.3213835555317 7.477086559435829,46.97491720487753,586.3213835555317 7.477086559435829,46.97491720487753,526.2713835555318</coordinates>
                    </LinearRing>
                  </outerBoundaryIs>
                </Polygon>
                <Polygon>
                  <altitudeMode>absolute</altitudeMode>
                  <outerBoundaryIs>
                    <LinearRing>
                      <coordinates>7.477086559435829,46.97491720487753,526.2713835555318 7.477086559435829,46.97491720487753,586.3213835555317 7.47810665524113,46.97491720487753,586.3213835555317 7.47810665524113,46.97491720487753,526.2713835555318</coordinates>
                    </LinearRing>
                  </outerBoundaryIs>
                </Polygon>
                <Polygon>
                  <altitudeMode>absolute</altitudeMode>
                  <outerBoundaryIs>
                    <LinearRing>
                      <coordinates>7.47810665524113,46.97491720487753,526.2713835555318 7.47810665524113,46.97491720487753,586.3213835555317 7.47810665524113,46.974528046030414,586.3213835555317 7.47810665524113,46.974528046030414,526.2713835555318</coordinates>
                    </LinearRing>
                  </outerBoundaryIs>
                </Polygon>
                <Polygon>
                  <altitudeMode>absolute</altitudeMode>
                  <outerBoundaryIs>
                    <LinearRing>
                      <coordinates>7.47810665524113,46.974528046030414,526.2713835555318 7.47810665524113,46.974528046030414,586.3213835555317 7.477086559435829,46.974528046030414,586.3213835555317 7.477086559435829,46.974528046030414,526.2713835555318</coordinates>
                    </LinearRing>
                  </outerBoundaryIs>
                </Polygon>
              </MultiGeometry>
            </Placemark>
          </Folder>
          <Folder>
            <name>E202: uss1 astm.f3548.v21.uss.getOperationalIntentDetails</name>
            <Folder>
              <name>uss1's P0 Activated fd85476f-5deb-43b7-9fbf-db479f08b436[3] @ XQBchdmCnj9Cld7D-lmB5tD1i-FsxJPiiUgvyJ4d528_</name>
              <Placemark>
                <name>Nominal volume 0</name>
                <styleUrl>#F3548v21Activated</styleUrl>
                <TimeSpan>
                  <begin>2026-10-08T16:10:29.519045+00:00</begin>
                  <end>2026-10-08T16:55:29.490326+00:00</end>
                </TimeSpan>
                <MultiGeometry>
                  <Polygon>
                    <altitudeMode>absolute</altitudeMode>
                    <outerBoundaryIs>
                      <LinearRing>
                        <coordinates>7.47745236483637,46.97460350254155,526.2715485664236 7.47747731428616,46.97490301915158,526.2715485664236 7.478062605790899,46.974880319566886,526.2715485664236 7.47810665524113,46.974528046030414,526.2715485664236</coordinates>
                      </LinearRing>
                    </outerBoundaryIs>
                  </Polygon>
                  <Polygon>
                    <altitudeMode>absolute</altitudeMode>
                    <outerBoundaryIs>
                      <LinearRing>
                        <coordinates>7.47745236483637,46.97460350254155,586.3215485664235 7.47747731428616,46.97490301915158,586.3215485664235 7.478062605790899,46.974880319566886,586.3215485664235 7.47810665524113,46.974528046030414,586.3215485664235</coordinates>
                      </LinearRing>
                    </outerBoundaryIs>
                  </Polygon>
                  <Polygon>
                    <altitudeMode>absolute</altitudeMode>
                    <outerBoundaryIs>
                      <LinearRing>
                        <coordinates>7.47745236483637,46.97460350254155,526.2715485664236 7.47745236483637,46.97460350254155,586.3215485664235 7.47747731428616,46.97490301915158,586.3215485664235 7.47747731428616,46.97490301915158,526.2715485664236</coordinates>
                      </LinearRing>
                    </outerBoundaryIs>
                  </Polygon>
                  <Polygon>
                    <altitudeMode>absolute</altitudeMode>
                    <outerBoundaryIs>
                      <LinearRing>
                        <coordinates>7.47747731428616,46.97490301915158,526.2715485664236 7.47747731428616,46.97490301915158,586.3215485664235 7.478062605790899,46.974880319566886,586.3215485664235 7.478062605790899,46.974880319566886,526.2715485664236</coordinates>
                      </LinearRing>
                    </outerBoundaryIs>
                  </Polygon>
                  <Polygon>
                    <altitudeMode>absolute</altitudeMode>
                    <outerBoundaryIs>
                      <LinearRing>
                        <coordinates>7.478062605790899,46.974880319566886,526.2715485664236 7.478062605790899,46.974880319566886,586.3215485664235 7.47810665524113,46.974528046030414,586.3215485664235 7.47810665524113,46.974528046030414,526.2715485664236</coordinates>
                      </LinearRing>
                    </outerBoundaryIs>
                  </Polygon>
                  <Polygon>
                    <altitudeMode>absolute</altitudeMode>
                    <outerBoundaryIs>
                      <LinearRing>
                        <coordinates>7.47810665524113,46.974528046030414,526.2715485664236 7.47810665524113,46.974528046030414,586.3215485664235 7.47745236483637,46.97460350254155,586.3215485664235 7.47745236483637,46.97460350254155,526.2715485664236</coordinates>
                      </LinearRing>
                    </outerBoundaryIs>
                  </Polygon>
                </MultiGeometry>
              </Placemark>
            </Folder>
          </Folder>
        </Folder>
      </Folder>
      <Folder>
        <name>Attempt to modify activated flight into conflict</name>
        <Folder>
          <name>Modify activated Flight 2 to not conflict with activated Flight 1</name>
          <Folder>
            <name>E211: uss1 astm.f3548.v21.dss.queryOperationalIntentReferences</name>
            <Placemark>
              <name>area_of_interest</name>
              <styleUrl>#QueryArea</styleUrl>
              <description><![CDATA[<ul><li>uss1's Activated 4e1e6105-3995-49f9-b594-3b2b1f1fa45a[2]</li><li>uss1's Activated fd85476f-5deb-43b7-9fbf-db479f08b436[3]</li></ul>]]></description>
              <TimeSpan>
                <begin>2026-10-08T16:10:28.637761+00:00</begin>
                <end>2026-10-08T16:55:29.637761+00:00</end>
              </TimeSpan>
              <MultiGeometry>
                <Polygon>
                  <altitudeMode>absolute</altitudeMode>
                  <outerBoundaryIs>
                    <LinearRing>
                      <coordinates>7.477046661060006,46.97493591416124,553.2317453140104 7.477046661060006,46.97530804909576,553.2317453140104 7.477920441638552,46.97530804909576,553.2317453140104 7.477920441638552,46.97493591416124,553.2317453140104</coordinates>
                    </LinearRing>
                  </outerBoundaryIs>
                </Polygon>
                <Polygon>
                  <altitudeMode>absolute</altitudeMode>
                  <outerBoundaryIs>
                    <LinearRing>
                      <coordinates>7.477046661060006,46.97493591416124,606.3217453140104 7.477046661060006,46.97530804909576,606.3217453140104 7.477920441638552,46.97530804909576,606.3217453140104 7.477920441638552,46.97493591416124,606.3217453140104</coordinates>
                    </LinearRing>
                  </outerBoundaryIs>
                </Polygon>
                <Polygon>
                  <altitudeMode>absolute</altitudeMode>
                  <outerBoundaryIs>
                    <LinearRing>
                      <coordinates>7.477046661060006,46.97493591416124,553.2317453140104 7.477046661060006,46.97493591416124,606.3217453140104 7.477046661060006,46.97530804909576,606.3217453140104 7.477046661060006,46.97530804909576,553.2317453140104</coordinates>
                    </LinearRing>
                  </outerBoundaryIs>
                </Polygon>
                <Polygon>
                  <altitudeMode>absolute</altitudeMode>
                  <outerBoundaryIs>
                    <LinearRing>
                      <coordinates>7.477046661060006,46.97530804909576,553.2317453140104 7.477046661060006,46.97530804909576,606.3217453140104 7.477920441638552,46.97530804909576,606.3217453140104 7.477920441638552,46.97530804909576,553.2317453140104</coordinates>
                    </LinearRing>
                  </outerBoundaryIs>
                </Polygon>
                <Polygon>
                  <altitudeMode>absolute</altitudeMode>
                  <outerBoundaryIs>
                    <LinearRing>
                      <coordinates>7.477920441638552,46.97530804909576,553.2317453140104 7.477920441638552,46.97530804909576,606.3217453140104 7.477920441638552,46.97493591416124,606.3217453140104 7.477920441638552,46.97493591416124,553.2317453140104</coordinates>
                    </LinearRing>
                  </outerBoundaryIs>
                </Polygon>
                <Polygon>
                  <altitudeMode>absolute</altitudeMode>
                  <outerBoundaryIs>
                    <LinearRing>
                      <coordinates>7.477920441638552,46.97493591416124,553.2317453140104 7.477920441638552,46.97493591416124,606.3217453140104 7.477046661060006,46.97493591416124,606.3217453140104 7.477046661060006,46.97493591416124,553.2317453140104</coordinates>
                    </LinearRing>
                  </outerBoundaryIs>
                </Polygon>
              </MultiGeometry>
            </Placemark>
          </Folder>
          <Folder>
            <name>E213: uss1 interuss.automated_testing.flight_planning.v1.UpsertFlightPlan</name>
            <Folder>
              <name>Activity Completed, flight OkToFly</name>
              <Placemark>
                <name>Volume 0</name>
                <styleUrl>#InUse_Nominal</styleUrl>
                <TimeSpan>
                  <begin>2026-10-08T16:10:28.637761+00:00</begin>
                  <end>2026-10-08T16:55:29.637761+00:00</end>
                </TimeSpan>
                <MultiGeometry>
                  <Polygon>
                    <altitudeMode>absolute</altitudeMode>
                    <outerBoundaryIs>
                      <LinearRing>
                        <coordinates>7.477046661060006,46.97501988078352,553.2316706396805 7.477920441638552,46.97493591416124,553.2316706396805 7.477364256610934,46.97530804909575,553.2316706396805</coordinates>
                      </LinearRing>
                    </outerBoundaryIs>
                  </Polygon>
                  <Polygon>
                    <altitudeMode>absolute</altitudeMode>
                    <outerBoundaryIs>
                      <LinearRing>
                        <coordinates>7.477046661060006,46.97501988078352,606.3216706396805 7.477920441638552,46.97493591416124,606.3216706396805 7.477364256610934,46.97530804909575,606.3216706396805</coordinates>
                      </LinearRing>
                    </outerBoundaryIs>
                  </Polygon>
                  <Polygon>
                    <altitudeMode>absolute</altitudeMode>
                    <outerBoundaryIs>
                      <LinearRing>
                        <coordinates>7.477046661060006,46.97501988078352,553.2316706396805 7.477046661060006,46.97501988078352,606.3216706396805 7.477920441638552,46.97493591416124,606.3216706396805 7.477920441638552,46.97493591416124,553.2316706396805</coordinates>
                      </LinearRing>
                    </outerBoundaryIs>
                  </Polygon>
                  <Polygon>
                    <altitudeMode>absolute</altitudeMode>
                    <outerBoundaryIs>
                      <LinearRing>
                        <coordinates>7.477920441638552,46.97493591416124,553.2316706396805 7.477920441638552,46.97493591416124,606.3216706396805 7.477364256610934,46.97530804909575,606.3216706396805 7.477364256610934,46.97530804909575,553.2316706396805</coordinates>
                      </LinearRing>
                    </outerBoundaryIs>
                  </Polygon>
                  <Polygon>
                    <altitudeMode>absolute</altitudeMode>
                    <outerBoundaryIs>
                      <LinearRing>
                        <coordinates>7.477364256610934,46.97530804909575,553.2316706396805 7.477364256610934,46.97530804909575,606.3216706396805 7.477046661060006,46.97501988078352,606.3216706396805 7.477046661060006,46.97501988078352,553.2316706396805</coordinates>
                      </LinearRing>
                    </outerBoundaryIs>
                  </Polygon>
                </MultiGeometry>
              </Placemark>
            </Folder>
          </Folder>
          <Folder>
            <name>E217: uss1 astm.f3548.v21.dss.queryOperationalIntentReferences</name>
            <Placemark>
              <name>area_of_interest</name>
              <styleUrl>#QueryArea</styleUrl>
              <description><![CDATA[<ul><li>uss1's Activated 4e1e6105-3995-49f9-b594-3b2b1f1fa45a[3]</li><li>uss1's Activated fd85476f-5deb-43b7-9fbf-db479f08b436[3]</li></ul>]]></description>
              <TimeSpan>
                <begin>2026-10-08T16:10:28.637761+00:00</begin>
                <end>2026-10-08T16:55:29.637761+00:00</end>
              </TimeSpan>
              <MultiGeometry>
                <Polygon>
                  <altitudeMode>absolute</altitudeMode>
                  <outerBoundaryIs>
                    <LinearRing>
                      <coordinates>7.477046661060006,46.97493591416124,553.2317453140104 7.477046661060006,46.97530804909576,553.2317453140104 7.477920441638552,46.97530804909576,553.2317453140104 7.477920441638552,46.97493591416124,553.2317453140104</coordinates>
                    </LinearRing>
                  </outerBoundaryIs>
                </Polygon>
                <Polygon>
                  <altitudeMode>absolute</altitudeMode>
                  <outerBoundaryIs>
                    <LinearRing>
                      <coordinates>7.477046661060006,46.97493591416124,606.3217453140104 7.477046661060006,46.97530804909576,606.3217453140104 7.477920441638552,46.97530804909576,606.3217453140104 7.477920441638552,46.97493591416124,606.3217453140104</coordinates>
                    </LinearRing>
                  </outerBoundaryIs>
                </Polygon>
                <Polygon>
                  <altitudeMode>absolute</altitudeMode>
                  <outerBoundaryIs>
                    <LinearRing>
                      <coordinates>7.477046661060006,46.97493591416124,553.2317453140104 7.477046661060006,46.97493591416124,606.3217453140104 7.477046661060006,46.97530804909576,606.3217453140104 7.477046661060006,46.97530804909576,553.2317453140104</coordinates>
                    </LinearRing>
                  </outerBoundaryIs>
                </Polygon>
                <Polygon>
                  <altitudeMode>absolute</altitudeMode>
                  <outerBoundaryIs>
                    <LinearRing>
                      <coordinates>7.477046661060006,46.97530804909576,553.2317453140104 7.477046661060006,46.97530804909576,606.3217453140104 7.477920441638552,46.97530804909576,606.3217453140104 7.477920441638552,46.97530804909576,553.2317453140104</coordinates>
                    </LinearRing>
                  </outerBoundaryIs>
                </Polygon>
                <Polygon>
                  <altitudeMode>absolute</altitudeMode>
                  <outerBoundaryIs>
                    <LinearRing>
                      <coordinates>7.477920441638552,46.97530804909576,553.2317453140104 7.477920441638552,46.97530804909576,606.3217453140104 7.477920441638552,46.97493591416124,606.3217453140104 7.477920441638552,46.97493591416124,553.2317453140104</coordinates>
                    </LinearRing>
                  </outerBoundaryIs>
                </Polygon>
                <Polygon>
                  <altitudeMode>absolute</altitudeMode>
                  <outerBoundaryIs>
                    <LinearRing>
                      <coordinates>7.477920441638552,46.97493591416124,553.2317453140104 7.477920441638552,46.97493591416124,606.3217453140104 7.477046661060006,46.97493591416124,606.3217453140104 7.477046661060006,46.97493591416124,553.2317453140104</coordinates>
                    </LinearRing>
                  </outerBoundaryIs>
                </Polygon>
              </MultiGeometry>
            </Placemark>
          </Folder>
          <Folder>
            <name>E222: uss1 astm.f3548.v21.uss.getOperationalIntentDetails</name>
            <Folder>
              <name>uss1's P100 Activated 4e1e6105-3995-49f9-b594-3b2b1f1fa45a[3] @ c8OoYli8yHeKEgifS1fFXlI.ETVp0uXzRYz3ZUBZ9p8_</name>
              <Placemark>
                <name>Nominal volume 0</name>
                <styleUrl>#F3548v21Activated</styleUrl>
                <TimeSpan>
                  <begin>2026-10-08T16:10:29.664661+00:00</begin>
                  <end>2026-10-08T16:55:29.637761+00:00</end>
                </TimeSpan>
                <MultiGeometry>
                  <Polygon>
                    <altitudeMode>absolute</altitudeMode>
                    <outerBoundaryIs>
                      <LinearRing>
                        <coordinates>7.477046661060006,46.97501988078352,553.2316706396805 7.477920441638552,46.97493591416124,553.2316706396805 7.477364256610934,46.97530804909575,553.2316706396805</coordinates>
                      </LinearRing>
                    </outerBoundaryIs>
                  </Polygon>
                  <Polygon>
                    <altitudeMode>absolute</altitudeMode>
                    <outerBoundaryIs>
                      <LinearRing>
                        <coordinates>7.477046661060006,46.97501988078352,606.3216706396805 7.477920441638552,46.97493591416124,606.3216706396805 7.477364256610934,46.97530804909575,606.3216706396805</coordinates>
                      </LinearRing>
                    </outerBoundaryIs>
                  </Polygon>
                  <Polygon>
                    <altitudeMode>absolute</altitudeMode>
                    <outerBoundaryIs>
                      <LinearRing>
                        <coordinates>7.477046661060006,46.97501988078352,553.2316706396805 7.477046661060006,46.97501988078352,606.3216706396805 7.477920441638552,46.97493591416124,606.3216706396805 7.477920441638552,46.97493591416124,553.2316706396805</coordinates>
                      </LinearRing>
                    </outerBoundaryIs>
                  </Polygon>
                  <Polygon>
                    <altitudeMode>absolute</altitudeMode>
                    <outerBoundaryIs>
                      <LinearRing>
                        <coordinates>7.477920441638552,46.97493591416124,553.2316706396805 7.477920441638552,46.97493591416124,606.3216706396805 7.477364256610934,46.97530804909575,606.3216706396805 7.477364256610934,46.97530804909575,553.2316706396805</coordinates>
                      </LinearRing>
                    </outerBoundaryIs>
                  </Polygon>
                  <Polygon>
                    <altitudeMode>absolute</altitudeMode>
                    <outerBoundaryIs>
                      <LinearRing>
                        <coordinates>7.477364256610934,46.97530804909575,553.2316706396805 7.477364256610934,46.97530804909575,606.3216706396805 7.477046661060006,46.97501988078352,606.3216706396805 7.477046661060006,46.97501988078352,553.2316706396805</coordinates>
                      </LinearRing>
                    </outerBoundaryIs>
                  </Polygon>
                </MultiGeometry>
              </Placemark>
            </Folder>
          </Folder>
        </Folder>
        <Folder>
          <name>Attempt to modify activated Flight 1 into conflict</name>
          <Folder>
            <name>E231: uss1 astm.f3548.v21.dss.queryOperationalIntentReferences</name>
            <Placemark>
              <name>area_of_interest</name>
              <styleUrl>#QueryArea</styleUrl>
              <description><![CDATA[<ul><li>uss1's Activated 4e1e6105-3995-49f9-b594-3b2b1f1fa45a[3]</li><li>uss1's Activated fd85476f-5deb-43b7-9fbf-db479f08b436[3]</li></ul>]]></description>
              <TimeSpan>
                <begin>2026-10-08T16:10:28.792909+00:00</begin>
                <end>2026-10-08T16:55:29.792909+00:00</end>
              </TimeSpan>
              <MultiGeometry>
                <Polygon>
                  <altitudeMode>absolute</altitudeMode>
                  <outerBoundaryIs>
                    <LinearRing>
                      <coordinates>7.47745236483637,46.974528046030414,526.2717623930505 7.47745236483637,46.97529102511888,526.2717623930505 7.47810665524113,46.97529102511888,526.2717623930505 7.47810665524113,46.974528046030414,526.2717623930505</coordinates>
                    </LinearRing>
                  </outerBoundaryIs>
                </Polygon>
                <Polygon>
                  <altitudeMode>absolute</altitudeMode>
                  <outerBoundaryIs>
                    <LinearRing>
                      <coordinates>7.47745236483637,46.974528046030414,591.3217623930504 7.47745236483637,46.97529102511888,591.3217623930504 7.47810665524113,46.97529102511888,591.3217623930504 7.47810665524113,46.974528046030414,591.3217623930504</coordinates>
                    </LinearRing>
                  </outerBoundaryIs>
                </Polygon>
                <Polygon>
                  <altitudeMode>absolute</altitudeMode>
                  <outerBoundaryIs>
                    <LinearRing>
                      <coordinates>7.47745236483637,46.974528046030414,526.2717623930505 7.47745236483637,46.974528046030414,591.3217623930504 7.47745236483637,46.97529102511888,591.3217623930504 7.47745236483637,46.97529102511888,526.2717623930505</coordinates>
                    </LinearRing>
                  </outerBoundaryIs>
                </Polygon>
                <Polygon>
                  <altitudeMode>absolute</altitudeMode>
                  <outerBoundaryIs>
                    <LinearRing>
                      <coordinates>7.47745236483637,46.97529102511888,526.2717623930505 7.47745236483637,46.97529102511888,591.3217623930504 7.47810665524113,46.97529102511888,591.3217623930504 7.47810665524113,46.97529102511888,526.2717623930505</coordinates>
                    </LinearRing>
                  </outerBoundaryIs>
                </Polygon>
                <Polygon>
                  <altitudeMode>absolute</altitudeMode>
                  <outerBoundaryIs>
                    <LinearRing>
                      <coordinates>7.47810665524113,46.97529102511888,526.2717623930505 7.47810665524113,46.97529102511888,591.3217623930504 7.47810665524113,46.974528046030414,591.3217623930504 7.47810665524113,46.974528046030414,526.2717623930505</coordinates>
                    </LinearRing>
                  </outerBoundaryIs>
                </Polygon>
                <Polygon>
                  <altitudeMode>absolute</altitudeMode>
                  <outerBoundaryIs>
                    <LinearRing>
                      <coordinates>7.47810665524113,46.974528046030414,526.2717623930505 7.47810665524113,46.974528046030414,591.3217623930504 7.47745236483637,46.974528046030414,591.3217623930504 7.47745236483637,46.974528046030414,526.2717623930505</coordinates>
                    </LinearRing>
                  </outerBoundaryIs>
                </Polygon>
              </MultiGeometry>
            </Placemark>
          </Folder>
          <Folder>
            <name>E233: uss1 interuss.automated_testing.flight_planning.v1.UpsertFlightPlan</name>
            <Folder>
              <name>Activity Rejected, flight OkToFly</name>
              <Placemark>
                <name>Volume 0</name>
                <styleUrl>#InUse_Nominal</styleUrl>
                <TimeSpan>
                  <begin>2026-10-08T16:10:28.792909+00:00</begin>
                  <end>2026-10-08T16:55:29.792909+00:00</end>
                </TimeSpan>
                <MultiGeometry>
                  <Polygon>
                    <altitudeMode>absolute</altitudeMode>
                    <outerBoundaryIs>
                      <LinearRing>
                        <coordinates>7.477745009017069,46.97459215318556,556.3817948731519 7.4778032286468505,46.97529102511888,556.3817948731519 7.478062605790899,46.974880319566886,556.3817948731519 7.47810665524113,46.974528046030414,556.3817948731519</coordinates>
                      </LinearRing>
                    </outerBoundaryIs>
                  </Polygon>
                  <Polygon>
                    <altitudeMode>absolute</altitudeMode>
                    <outerBoundaryIs>
                      <LinearRing>
                        <coordinates>7.477745009017069,46.97459215318556,591.3217948731519 7.4778032286468505,46.97529102511888,591.3217948731519 7.478062605790899,46.974880319566886,591.3217948731519 7.47810665524113,46.974528046030414,591.3217948731519</coordinates>
                      </LinearRing>
                    </outerBoundaryIs>
                  </Polygon>
                  <Polygon>
                    <altitudeMode>absolute</altitudeMode>
                    <outerBoundaryIs>
                      <LinearRing>
                        <coordinates>7.477745009017069,46.97459215318556,556.3817948731519 7.477745009017069,46.97459215318556,591.3217948731519 7.4778032286468505,46.97529102511888,591.3217948731519 7.4778032286468505,46.97529102511888,556.3817948731519</coordinates>
                      </LinearRing>
                    </outerBoundaryIs>
                  </Polygon>
                  <Polygon>
                    <altitudeMode>absolute</altitudeMode>
                    <outerBoundaryIs>
                      <LinearRing>
                        <coordinates>7.4778032286468505,46.97529102511888,556.3817948731519 7.4778032286468505,46.97529102511888,591.3217948731519 7.478062605790899,46.974880319566886,591.3217948731519 7.478062605790899,46.974880319566886,556.3817948731519</coordinates>
                      </LinearRing>
                    </outerBoundaryIs>
                  </Polygon>
                  <Polygon>
                    <altitudeMode>absolute</altitudeMode>
                    <outerBoundaryIs>
                      <LinearRing>
                        <coordinates>7.478062605790899,46.974880319566886,556.3817948731519 7.478062605790899,46.974880319566886,591.3217948731519 7.47810665524113,46.974528046030414,591.3217948731519 7.47810665524113,46.974528046030414,556.3817948731519</coordinates>
                      </LinearRing>
                    </outerBoundaryIs>
                  </Polygon>
                  <Polygon>
                    <altitudeMode>absolute</altitudeMode>
                    <outerBoundaryIs>
                      <LinearRing>
                        <coordinates>7.47810665524113,46.974528046030414,556.3817948731519 7.47810665524113,46.974528046030414,591.3217948731519 7.477745009017069,46.97459215318556,591.3217948731519 7.477745009017069,46.97459215318556,556.3817948731519</coordinates>
                      </LinearRing>
                    </outerBoundaryIs>
                  </Polygon>
                </MultiGeometry>
              </Placemark>
            </Folder>
          </Folder>
          <Folder>
            <name>E236: uss1 astm.f3548.v21.dss.queryOperationalIntentReferences</name>
            <Placemark>
              <name>area_of_interest</name>
              <styleUrl>#QueryArea</styleUrl>
              <description><![CDATA[<ul><li>uss1's Activated 4e1e6105-3995-49f9-b594-3b2b1f1fa45a[3]</li><li>uss1's Activated fd85476f-5deb-43b7-9fbf-db479f08b436[3]</li></ul>]]></description>
              <TimeSpan>
                <begin>2026-10-08T16:10:28.792909+00:00</begin>
                <end>2026-10-08T16:55:29.792909+00:00</end>
              </TimeSpan>
              <MultiGeometry>
                <Polygon>
                  <altitudeMode>absolute</altitudeMode>
                  <outerBoundaryIs>
                    <LinearRing>
                      <coordinates>7.47745236483637,46.974528046030414,526.2717623930505 7.47745236483637,46.97529102511888,526.2717623930505 7.47810665524113,46.97529102511888,526.2717623930505 7.47810665524113,46.974528046030414,526.2717623930505</coordinates>
                    </LinearRing>
                  </outerBoundaryIs>
                </Polygon>
                <Polygon>
                  <altitudeMode>absolute</altitudeMode>
                  <outerBoundaryIs>
                    <LinearRing>
                      <coordinates>7.47745236483637,46.974528046030414,591.3217623930504 7.47745236483637,46.97529102511888,591.3217623930504 7.47810665524113,46.97529102511888,591.3217623930504 7.47810665524113,46.974528046030414,591.3217623930504</coordinates>
                    </LinearRing>
                  </outerBoundaryIs>
                </Polygon>
                <Polygon>
                  <altitudeMode>absolute</altitudeMode>
                  <outerBoundaryIs>
                    <LinearRing>
                      <coordinates>7.47745236483637,46.974528046030414,526.2717623930505 7.47745236483637,46.974528046030414,591.3217623930504 7.47745236483637,46.97529102511888,591.3217623930504 7.47745236483637,46.97529102511888,526.2717623930505</coordinates>
                    </LinearRing>
                  </outerBoundaryIs>
                </Polygon>
                <Polygon>
                  <altitudeMode>absolute</altitudeMode>
                  <outerBoundaryIs>
                    <LinearRing>
                      <coordinates>7.47745236483637,46.97529102511888,526.2717623930505 7.47745236483637,46.97529102511888,591.3217623930504 7.47810665524113,46.97529102511888,591.3217623930504 7.47810665524113,46.97529102511888,526.2717623930505</coordinates>
                    </LinearRing>
                  </outerBoundaryIs>
                </Polygon>
                <Polygon>
                  <altitudeMode>absolute</altitudeMode>
                  <outerBoundaryIs>
                    <LinearRing>
                      <coordinates>7.47810665524113,46.97529102511888,526.2717623930505 7.47810665524113,46.97529102511888,591.3217623930504 7.47810665524113,46.974528046030414,591.3217623930504 7.47810665524113,46.974528046030414,526.2717623930505</coordinates>
                    </LinearRing>
                  </outerBoundaryIs>
                </Polygon>
                <Polygon>
                  <altitudeMode>absolute</altitudeMode>
                  <outerBoundaryIs>
                    <LinearRing>
                      <coordinates>7.47810665524113,46.974528046030414,526.2717623930505 7.47810665524113,46.974528046030414,591.3217623930504 7.47745236483637,46.974528046030414,591.3217623930504 7.47745236483637,46.974528046030414,526.2717623930505</coordinates>
                    </LinearRing>
                  </outerBoundaryIs>
                </Polygon>
              </MultiGeometry>
            </Placemark>
          </Folder>
        </Folder>
      </Folder>
      <Folder>
        <name/>
        <Folder>
          <name>Cleanup</name>
        </Folder>
      </Folder>
    </Folder>
  </Document>
</kml>
