<kml xmlns="http://www.opengis.net/kml/2.2" xmlns:atom="http://www.w3.org/2005/Atom" xmlns:gx="http://www.google.com/kml/ext/2.2">
  <Document>
    <Style id="QueryArea">
      <LineStyle>
        <color>ffc0c000</color>
        <width>3</width>
      </LineStyle>
      <PolyStyle>
        <color>80ffffaa</color>
      </PolyStyle>
    </Style>
    <Style id="F3548v21Accepted">
      <LineStyle>
        <color>ff00c000</color>
        <width>3</width>
      </LineStyle>
      <PolyStyle>
        <color>80c0c0c0</color>
      </PolyStyle>
    </Style>
    <Style id="F3548v21Activated">
      <LineStyle>
        <color>ff00c000</color>
        <width>3</width>
      </LineStyle>
      <PolyStyle>
        <color>8000ff00</color>
      </PolyStyle>
    </Style>
    <Style id="F3548v21Nonconforming">
      <LineStyle>
        <color>ff00ffff</color>
        <width>5</width>
      </LineStyle>
      <PolyStyle>
        <color>8000ffff</color>
      </PolyStyle>
    </Style>
    <Style id="F3548v21Contingent">
      <LineStyle>
        <color>ff0000ff</color>
        <width>5</width>
      </LineStyle>
      <PolyStyle>
        <color>80ff0000ff</color>
      </PolyStyle>
    </Style>
    <Style id="F3548v21AcceptedFuture">
      <LineStyle>
        <color>80c0c0c0</color>
        <width>1</width>
      </LineStyle>
      <PolyStyle>
        <color>00000000</color>
      </PolyStyle>
    </Style>
    <Style id="F3548v21ActivatedFuture">
      <LineStyle>
        <color>8040c040</color>
        <width>1</width>
      </LineStyle>
      <PolyStyle>
        <color>00000000</color>
      </PolyStyle>
    </Style>
    <Style id="F3548v21NonconformingFuture">
      <LineStyle>
        <color>8000ffff</color>
        <width>1</width>
      </LineStyle>
      <PolyStyle>
        <color>00000000</color>
      </PolyStyle>
    </Style>
    <Style id="F3548v21ContingentFuture">
      <LineStyle>
        <color>80ff0000ff</color>
        <width>1</width>
      </LineStyle>
      <PolyStyle>
        <color>00000000</color>
      </PolyStyle>
    </Style>
    <Style id="Planned_Nominal">
      <LineStyle>
        <color>ff00c000</color>
        <width>3</width>
      </LineStyle>
      <PolyStyle>
        <color>80808080</color>
      </PolyStyle>
    </Style>
    <Style id="InUse_Nominal">
      <LineStyle>
        <color>ff00c000</color>
        <width>3</width>
      </LineStyle>
      <PolyStyle>
        <color>8000ff00</color>
      </PolyStyle>
    </Style>
    <Style id="InUse_OffNominal">
      <LineStyle>
        <color>ff00ffff</color>
        <width>5</width>
      </LineStyle>
      <PolyStyle>
        <color>8000ff00</color>
      </PolyStyle>
    </Style>
    <Style id="InUse_Contingent">
      <LineStyle>
        <color>ff0000ff</color>
        <width>5</width>
      </LineStyle>
      <PolyStyle>
        <color>8000ff00</color>
      </PolyStyle>
    </Style>
    <Style id="unmodifiedtelemetry">
      <IconStyle>
        <scale>1.4</scale>
        <Icon>
          <href>http://maps.google.com/mapfiles/kml/shapes/placemark_circle.png</href>
        </Icon>
      </IconStyle>
    </Style>
    <Style id="modifiedtelemetry">
      <IconStyle>
        <scale>1.4</scale>
        <Icon>
          <href>http://maps.google.com/mapfiles/kml/shapes/placemark_square.png</href>
        </Icon>
      </IconStyle>
    </Style>
    <Style id="aircraft">
      <IconStyle>
        <scale>1.4</scale>
        <Icon>
          <href>http://maps.google.com/mapfiles/kml/shapes/airports.png</href>
        </Icon>
      </IconStyle>
    </Style>
    <Folder>
      <name>Nominal planning: conflict with higher priority</name>
      <Folder>
        <name>Prerequisites check</name>
        <Folder>
          <name>Verify area is clear</name>
          <Folder>
            <name>E3: uss1 astm.f3548.v21.dss.queryOperationalIntentReferences</name>
            <Placemark>
              <name>area_of_interest</name>
              <styleUrl>#QueryArea</styleUrl>
              <description><![CDATA[(no operational intent references found)]]></description>
              <TimeSpan>
                <begin>2026-10-08T16:10:28.921888+00:00</begin>
                <end>2026-10-08T17:40:29.921888+00:00</end>
              </TimeSpan>
              <MultiGeometry>
                <Polygon>
                  <altitudeMode>absolute</altitudeMode>
                  <outerBoundaryIs>
                    <LinearRing>
                      <coordinates>7.6097632790545635,46.974527407976495,526.3683076805339 7.6097632790545635,46.97530826770323,526.3683076805339 7.610822051093243,46.97530826770323,526.3683076805339 7.610822051093243,46.974527407976495,526.3683076805339</coordinates>
                    </LinearRing>
                  </outerBoundaryIs>
                </Polygon>
                <Polygon>
                  <altitudeMode>absolute</altitudeMode>
                  <outerBoundaryIs>
                    <LinearRing>
                      <coordinates>7.6097632790545635,46.974527407976495,606.4183076805339 7.6097632790545635,46.97530826770323,606.4183076805339 7.610822051093243,46.97530826770323,606.4183076805339 7.610822051093243,46.974527407976495,606.4183076805339</coordinates>
                    </LinearRing>
                  </outerBoundaryIs>
                </Polygon>
                <Polygon>
                  <altitudeMode>absolute</altitudeMode>
                  <outerBoundaryIs>
                    <LinearRing>
                      <coordinates>7.6097632790545635,46.974527407976495,526.3683076805339 7.6097632790545635,46.974527407976495,606.4183076805339 7.6097632790545635,46.97530826770323,606.4183076805339 7.6097632790545635,46.97530826770323,526.3683076805339</coordinates>
                    </LinearRing>
                  </outerBoundaryIs>
                </Polygon>
                <Polygon>
                  <altitudeMode>absolute</altitudeMode>
                  <outerBoundaryIs>
                    <LinearRing>
                      <coordinates>7.6097632790545635,46.97530826770323,526.3683076805339 7.6097632790545635,46.97530826770323,606.4183076805339 7.610822051093243,46.97530826770323,606.4183076805339 7.610822051093243,46.97530826770323,526.3683076805339</coordinates>
                    </LinearRing>
                  </outerBoundaryIs>
                </Polygon>
                <Polygon>
                  <altitudeMode>absolute</altitudeMode>
                  <outerBoundaryIs>
                    <LinearRing>
                      <coordinates>7.610822051093243,46.97530826770323,526.3683076805339 7.610822051093243,46.97530826770323,606.4183076805339 7.610822051093243,46.974527407976495,606.4183076805339 7.610822051093243,46.974527407976495,526.3683076805339</coordinates>
                    </LinearRing>
                  </outerBoundaryIs>
                </Polygon>
                <Polygon>
                  <altitudeMode>absolute</altitudeMode>
                  <outerBoundaryIs>
                    <LinearRing>
                      <coordinates>7.610822051093243,46.974527407976495,526.3683076805339 7.610822051093243,46.974527407976495,606.4183076805339 7.6097632790545635,46.974527407976495,606.4183076805339 7.6097632790545635,46.974527407976495,526.3683076805339</coordinates>
                    </LinearRing>
                  </outerBoundaryIs>
                </Polygon>
              </MultiGeometry>
            </Placemark>
          </Folder>
        </Folder>
      </Folder>
      <Folder>
        <name>Attempt to plan flight in conflict</name>
        <Folder>
          <name>Plan Flight 2</name>
          <Folder>
            <name>E6: uss1 astm.f3548.v21.dss.queryOperationalIntentReferences</name>
            <Placemark>
              <name>area_of_interest</name>
              <styleUrl>#QueryArea</styleUrl>
              <description><![CDATA[(no operational intent references found)]]></description>
              <TimeSpan>
                <begin>2026-10-08T16:10:28.989747+00:00</begin>
                <end>2026-10-08T16:55:29.989747+00:00</end>
              </TimeSpan>
              <MultiGeometry>
                <Polygon>
                  <altitudeMode>absolute</altitudeMode>
                  <outerBoundaryIs>
                    <LinearRing>
                      <coordinates>7.6097632790545635,46.97455954924581,555.348198665505 7.6097632790545635,46.97530826770323,555.348198665505 7.610344232558087,46.97530826770323,555.348198665505 7.610344232558087,46.97455954924581,555.348198665505</coordinates>
                    </LinearRing>
                  </outerBoundaryIs>
                </Polygon>
                <Polygon>
                  <altitudeMode>absolute</altitudeMode>
                  <outerBoundaryIs>
                    <LinearRing>
                      <coordinates>7.6097632790545635,46.97455954924581,584.4181986655051 7.6097632790545635,46.97530826770323,584.4181986655051 7.610344232558087,46.97530826770323,584.4181986655051 7.610344232558087,46.97455954924581,584.4181986655051</coordinates>
                    </LinearRing>
                  </outerBoundaryIs>
                </Polygon>
                <Polygon>
                  <altitudeMode>absolute</altitudeMode>
                  <outerBoundaryIs>
                    <LinearRing>
                      <coordinates>7.6097632790545635,46.97455954924581,555.348198665505 7.6097632790545635,46.97455954924581,584.4181986655051 7.6097632790545635,46.97530826770323,584.4181986655051 7.6097632790545635,46.97530826770323,555.348198665505</coordinates>
                    </LinearRing>
                  </outerBoundaryIs>
                </Polygon>
                <Polygon>
                  <altitudeMode>absolute</altitudeMode>
                  <outerBoundaryIs>
                    <LinearRing>
                      <coordinates>7.6097632790545635,46.97530826770323,555.348198665505 7.6097632790545635,46.97530826770323,584.4181986655051 7.610344232558087,46.97530826770323,584.4181986655051 7.610344232558087,46.97530826770323,555.348198665505</coordinates>
                    </LinearRing>
                  </outerBoundaryIs>
                </Polygon>
                <Polygon>
                  <altitudeMode>absolute</altitudeMode>
                  <outerBoundaryIs>
                    <LinearRing>
                      <coordinates>7.610344232558087,46.97530826770323,555.348198665505 7.610344232558087,46.97530826770323,584.4181986655051 7.610344232558087,46.97455954924581,584.4181986655051 7.610344232558087,46.97455954924581,555.348198665505</coordinates>
                    </LinearRing>
                  </outerBoundaryIs>
                </Polygon>
                <Polygon>
                  <altitudeMode>absolute</altitudeMode>
                  <outerBoundaryIs>
                    <LinearRing>
                      <coordinates>7.610344232558087,46.97455954924581,555.348198665505 7.610344232558087,46.97455954924581,584.4181986655051 7.6097632790545635,46.97455954924581,584.4181986655051 7.6097632790545635,46.97455954924581,555.348198665505</coordinates>
                    </LinearRing>
                  </outerBoundaryIs>
                </Polygon>
              </MultiGeometry>
            </Placemark>
          </Folder>
          <Folder>
            <name>E12: uss1 astm.f3548.v21.dss.queryOperationalIntentReferences</name>
            <Placemark>
              <name>area_of_interest</name>
              <styleUrl>#QueryArea</styleUrl>
              <description><![CDATA[<ul><li>uss2's Accepted 86100741-d2bf-4efd-84e2-9b768f77efe7[1]</li></ul>]]></description>
              <TimeSpan>
                <begin>2026-10-08T16:10:28.989747+00:00</begin>
                <end>2026-10-08T16:55:29.989747+00:00</end>
              </TimeSpan>
              <MultiGeometry>
                <Polygon>
                  <altitudeMode>absolute</altitudeMode>
                  <outerBoundaryIs>
                    <LinearRing>
                      <coordinates>7.6097632790545635,46.97455954924581,555.348198665505 7.6097632790545635,46.97530826770323,555.348198665505 7.610344232558087,46.97530826770323,555.348198665505 7.610344232558087,46.97455954924581,555.348198665505</coordinates>
                    </LinearRing>
                  </outerBoundaryIs>
                </Polygon>
                <Polygon>
                  <altitudeMode>absolute</altitudeMode>
                  <outerBoundaryIs>
                    <LinearRing>
                      <coordinates>7.6097632790545635,46.97455954924581,584.4181986655051 7.6097632790545635,46.97530826770323,584.4181986655051 7.610344232558087,46.97530826770323,584.4181986655051 7.610344232558087,46.97455954924581,584.4181986655051</coordinates>
                    </LinearRing>
                  </outerBoundaryIs>
                </Polygon>
                <Polygon>
                  <altitudeMode>absolute</altitudeMode>
                  <outerBoundaryIs>
                    <LinearRing>
                      <coordinates>7.6097632790545635,46.97455954924581,555.348198665505 7.6097632790545635,46.97455954924581,584.4181986655051 7.6097632790545635,46.97530826770323,584.4181986655051 7.6097632790545635,46.97530826770323,555.348198665505</coordinates>
                    </LinearRing>
                  </outerBoundaryIs>
                </Polygon>
                <Polygon>
                  <altitudeMode>absolute</altitudeMode>
                  <outerBoundaryIs>
                    <LinearRing>
                      <coordinates>7.6097632790545635,46.97530826770323,555.348198665505 7.6097632790545635,46.97530826770323,584.4181986655051 7.610344232558087,46.97530826770323,584.4181986655051 7.610344232558087,46.97530826770323,555.348198665505</coordinates>
                    </LinearRing>
                  </outerBoundaryIs>
                </Polygon>
                <Polygon>
                  <altitudeMode>absolute</altitudeMode>
                  <outerBoundaryIs>
                    <LinearRing>
                      <coordinates>7.610344232558087,46.97530826770323,555.348198665505 7.610344232558087,46.97530826770323,584.4181986655051 7.610344232558087,46.97455954924581,584.4181986655051 7.610344232558087,46.97455954924581,555.348198665505</coordinates>
                    </LinearRing>
                  </outerBoundaryIs>
                </Polygon>
                <Polygon>
                  <altitudeMode>absolute</altitudeMode>
                  <outerBoundaryIs>
                    <LinearRing>
                      <coordinates>7.610344232558087,46.97455954924581,555.348198665505 7.610344232558087,46.97455954924581,584.4181986655051 7.6097632790545635,46.97455954924581,584.4181986655051 7.6097632790545635,46.97455954924581,555.348198665505</coordinates>
                    </LinearRing>
                  </outerBoundaryIs>
                </Polygon>
              </MultiGeometry>
            </Placemark>
          </Folder>
          <Folder>
            <name>E16: uss2 astm.f3548.v21.uss.getOperationalIntentDetails</name>
            <Folder>
              <name>uss2's P100 Accepted 86100741-d2bf-4efd-84e2-9b768f77efe7[1] @ xTX4c.qAb7n6t8lzqJOx7y0evWTA9.sixBos9FD8i34_</name>
              <Placemark>
                <name>Nominal volume 0</name>
                <styleUrl>#F3548v21Accepted</styleUrl>
                <TimeSpan>
                  <begin>2026-10-08T16:10:30.009680+00:00</begin>
                  <end>2026-10-08T16:55:29.989747+00:00</end>
                </TimeSpan>
                <MultiGeometry>
                  <Polygon>
                    <altitudeMode>absolute</altitudeMode>
                    <outerBoundaryIs>
                      <LinearRing>
                        <coordinates>7.6097632790545635,46.97502046675935,555.3482426826405 7.610017359088783,46.97455954924581,555.3482426826405 7.610344232558087,46.974947178591606,555.3482426826405 7.610081589331281,46.97530826770323,555.3482426826405</coordinates>
                      </LinearRing>
                    </outerBoundaryIs>
                  </Polygon>
                  <Polygon>
                    <altitudeMode>absolute</altitudeMode>
                    <outerBoundaryIs>
                      <LinearRing>
                        <coordinates>7.6097632790545635,46.97502046675935,584.4182426826405 7.610017359088783,46.97455954924581,584.4182426826405 7.610344232558087,46.974947178591606,584.4182426826405 7.610081589331281,46.97530826770323,584.4182426826405</coordinates>
                      </LinearRing>
                    </outerBoundaryIs>
                  </Polygon>
                  <Polygon>
                    <altitudeMode>absolute</altitudeMode>
                    <outerBoundaryIs>
                      <LinearRing>
                        <coordinates>7.6097632790545635,46.97502046675935,555.3482426826405 7.6097632790545635,46.97502046675935,584.4182426826405 7.610017359088783,46.97455954924581,584.4182426826405 7.610017359088783,46.97455954924581,555.3482426826405</coordinates>
                      </LinearRing>
                    </outerBoundaryIs>
                  </Polygon>
                  <Polygon>
                    <altitudeMode>absolute</altitudeMode>
                    <outerBoundaryIs>
                      <LinearRing>
                        <coordinates>7.610017359088783,46.97455954924581,555.3482426826405 7.610017359088783,46.97455954924581,584.4182426826405 7.610344232558087,46.974947178591606,584.4182426826405 7.610344232558087,46.974947178591606,555.3482426826405</coordinates>
                      </LinearRing>
                    </outerBoundaryIs>
                  </Polygon>
                  <Polygon>
                    <altitudeMode>absolute</altitudeMode>
                    <outerBoundaryIs>
                      <LinearRing>
                        <coordinates>7.610344232558087,46.974947178591606,555.3482426826405 7.610344232558087,46.974947178591606,584.4182426826405 7.610081589331281,46.97530826770323,584.4182426826405 7.610081589331281,46.97530826770323,555.3482426826405</coordinates>
                      </LinearRing>
                    </outerBoundaryIs>
                  </Polygon>
                  <Polygon>
                    <altitudeMode>absolute</altitudeMode>
                    <outerBoundaryIs>
                      <LinearRing>
                        <coordinates>7.610081589331281,46.97530826770323,555.3482426826405 7.610081589331281,46.97530826770323,584.4182426826405 7.6097632790545635,46.97502046675935,584.4182426826405 7.6097632790545635,46.97502046675935,555.3482426826405</coordinates>
                      </LinearRing>
                    </outerBoundaryIs>
                  </Polygon>
                </MultiGeometry>
              </Placemark>
            </Folder>
          </Folder>
        </Folder>
        <Folder>
          <name>Attempt to plan Flight 1</name>
          <Folder>
            <name>E25: uss1 astm.f3548.v21.dss.queryOperationalIntentReferences</name>
            <Placemark>
              <name>area_of_interest</name>
              <styleUrl>#QueryArea</styleUrl>
              <description><![CDATA[<ul><li>uss2's Accepted 86100741-d2bf-4efd-84e2-9b768f77efe7[1]</li></ul>]]></description>
              <TimeSpan>
                <begin>2026-10-08T16:10:29.088399+00:00</begin>
                <end>2026-10-08T16:55:30.088399+00:00</end>
              </TimeSpan>
              <MultiGeometry>
                <Polygon>
                  <altitudeMode>absolute</altitudeMode>
                  <outerBoundaryIs>
                    <LinearRing>
                      <coordinates>7.609802179221222,46.974527407976495,556.4279643289417 7.609802179221222,46.974917716076675,556.4279643289417 7.610822051093243,46.974917716076675,556.4279643289417 7.610822051093243,46.974527407976495,556.4279643289417</coordinates>
                    </LinearRing>
                  </outerBoundaryIs>
                </Polygon>
                <Polygon>
                  <altitudeMode>absolute</altitudeMode>
                  <outerBoundaryIs>
                    <LinearRing>
                      <coordinates>7.609802179221222,46.974527407976495,586.4179643289417 7.609802179221222,46.974917716076675,586.4179643289417 7.610822051093243,46.974917716076675,586.4179643289417 7.610822051093243,46.974527407976495,586.4179643289417</coordinates>
                    </LinearRing>
                  </outerBoundaryIs>
                </Polygon>
                <Polygon>
                  <altitudeMode>absolute</altitudeMode>
                  <outerBoundaryIs>
                    <LinearRing>
                      <coordinates>7.609802179221222,46.974527407976495,556.4279643289417 7.609802179221222,46.974527407976495,586.4179643289417 7.609802179221222,46.974917716076675,586.4179643289417 7.609802179221222,46.974917716076675,556.4279643289417</coordinates>
                    </LinearRing>
                  </outerBoundaryIs>
                </Polygon>
                <Polygon>
                  <altitudeMode>absolute</altitudeMode>
                  <outerBoundaryIs>
                    <LinearRing>
                      <coordinates>7.609802179221222,46.974917716076675,556.4279643289417 7.609802179221222,46.974917716076675,586.4179643289417 7.610822051093243,46.974917716076675,586.4179643289417 7.610822051093243,46.974917716076675,556.4279643289417</coordinates>
                    </LinearRing>
                  </outerBoundaryIs>
                </Polygon>
                <Polygon>
                  <altitudeMode>absolute</altitudeMode>
                  <outerBoundaryIs>
                    <LinearRing>
                      <coordinates>7.610822051093243,46.974917716076675,556.4279643289417 7.610822051093243,46.974917716076675,586.4179643289417 7.610822051093243,46.974527407976495,586.4179643289417 7.610822051093243,46.974527407976495,556.4279643289417</coordinates>
                    </LinearRing>
                  </outerBoundaryIs>
                </Polygon>
                <Polygon>
                  <altitudeMode>absolute</altitudeMode>
                  <outerBoundaryIs>
                    <LinearRing>
                      <coordinates>7.610822051093243,46.974527407976495,556.4279643289417 7.610822051093243,46.974527407976495,586.4179643289417 7.609802179221222,46.974527407976495,586.4179643289417 7.609802179221222,46.974527407976495,556.4279643289417</coordinates>
                    </LinearRing>
                  </outerBoundaryIs>
                </Polygon>
              </MultiGeometry>
            </Placemark>
          </Folder>
          <Folder>
            <name>E27: uss1 interuss.automated_testing.flight_planning.v1.UpsertFlightPlan</name>
            <Folder>
              <name>Activity Rejected, flight NotPlanned</name>
              <Placemark>
                <name>Volume 0</name>
                <styleUrl>#Planned_Nominal</styleUrl>
                <TimeSpan>
                  <begin>2026-10-08T16:10:29.088399+00:00</begin>
                  <end>2026-10-08T16:55:30.088399+00:00</end>
                </TimeSpan>
                <MultiGeometry>
                  <Polygon>
                    <altitudeMode>absolute</altitudeMode>
                    <outerBoundaryIs>
                      <LinearRing>
                        <coordinates>7.609802179221222,46.97461822864128,556.4279858037298 7.609827869925489,46.974917716076675,556.4279858037298 7.6107788759673,46.97487973190337,556.4279858037298 7.610822051093243,46.974527407976495,556.4279858037298</coordinates>
                      </LinearRing>
                    </outerBoundaryIs>
                  </Polygon>
                  <Polygon>
                    <altitudeMode>absolute</altitudeMode>
                    <outerBoundaryIs>
                      <LinearRing>
                        <coordinates>7.609802179221222,46.97461822864128,586.4179858037298 7.609827869925489,46.974917716076675,586.4179858037298 7.6107788759673,46.97487973190337,586.4179858037298 7.610822051093243,46.974527407976495,586.4179858037298</coordinates>
                      </LinearRing>
                    </outerBoundaryIs>
                  </Polygon>
                  <Polygon>
                    <altitudeMode>absolute</altitudeMode>
                    <outerBoundaryIs>
                      <LinearRing>
                        <coordinates>7.609802179221222,46.97461822864128,556.4279858037298 7.609802179221222,46.97461822864128,586.4179858037298 7.609827869925489,46.974917716076675,586.4179858037298 7.609827869925489,46.974917716076675,556.4279858037298</coordinates>
                      </LinearRing>
                    </outerBoundaryIs>
                  </Polygon>
                  <Polygon>
                    <altitudeMode>absolute</altitudeMode>
                    <outerBoundaryIs>
                      <LinearRing>
                        <coordinates>7.609827869925489,46.974917716076675,556.4279858037298 7.609827869925489,46.974917716076675,586.4179858037298 7.6107788759673,46.97487973190337,586.4179858037298 7.6107788759673,46.97487973190337,556.4279858037298</coordinates>
                      </LinearRing>
                    </outerBoundaryIs>
                  </Polygon>
                  <Polygon>
                    <altitudeMode>absolute</altitudeMode>
                    <outerBoundaryIs>
                      <LinearRing>
                        <coordinates>7.6107788759673,46.97487973190337,556.4279858037298 7.6107788759673,46.97487973190337,586.4179858037298 7.610822051093243,46.974527407976495,586.4179858037298 7.610822051093243,46.974527407976495,556.4279858037298</coordinates>
                      </LinearRing>
                    </outerBoundaryIs>
                  </Polygon>
                  <Polygon>
                    <altitudeMode>absolute</altitudeMode>
                    <outerBoundaryIs>
                      <LinearRing>
                        <coordinates>7.610822051093243,46.974527407976495,556.4279858037298 7.610822051093243,46.974527407976495,586.4179858037298 7.609802179221222,46.97461822864128,586.4179858037298 7.609802179221222,46.97461822864128,556.4279858037298</coordinates>
                      </LinearRing>
                    </outerBoundaryIs>
                  </Polygon>
                </MultiGeometry>
              </Placemark>
            </Folder>
          </Folder>
          <Folder>
            <name>E30: uss1 astm.f3548.v21.dss.queryOperationalIntentReferences</name>
            <Placemark>
              <name>area_of_interest</name>
              <styleUrl>#QueryArea</styleUrl>
              <description><![CDATA[<ul><li>uss2's Accepted 86100741-d2bf-4efd-84e2-9b768f77efe7[1]</li></ul>]]></description>
              <TimeSpan>
                <begin>2026-10-08T16:10:29.088399+00:00</begin>
                <end>2026-10-08T16:55:30.088399+00:00</end>
              </TimeSpan>
              <MultiGeometry>
                <Polygon>
                  <altitudeMode>absolute</altitudeMode>
                  <outerBoundaryIs>
                    <LinearRing>
                      <coordinates>7.609802179221222,46.974527407976495,556.4279643289417 7.609802179221222,46.974917716076675,556.4279643289417 7.610822051093243,46.974917716076675,556.4279643289417 7.610822051093243,46.974527407976495,556.4279643289417</coordinates>
                    </LinearRing>
                  </outerBoundaryIs>
                </Polygon>
                <Polygon>
                  <altitudeMode>absolute</altitudeMode>
                  <outerBoundaryIs>
                    <LinearRing>
                      <coordinates>7.609802179221222,46.974527407976495,586.4179643289417 7.609802179221222,46.974917716076675,586.4179643289417 7.610822051093243,46.974917716076675,586.4179643289417 7.610822051093243,46.974527407976495,586.4179643289417</coordinates>
                    </LinearRing>
                  </outerBoundaryIs>
                </Polygon>
                <Polygon>
                  <altitudeMode>absolute</altitudeMode>
                  <outerBoundaryIs>
                    <LinearRing>
                      <coordinates>7.609802179221222,46.974527407976495,556.4279643289417 7.609802179221222,46.974527407976495,586.4179643289417 7.609802179221222,46.974917716076675,586.4179643289417 7.609802179221222,46.974917716076675,556.4279643289417</coordinates>
                    </LinearRing>
                  </outerBoundaryIs>
                </Polygon>
                <Polygon>
                  <altitudeMode>absolute</altitudeMode>
                  <outerBoundaryIs>
                    <LinearRing>
                      <coordinates>7.609802179221222,46.974917716076675,556.4279643289417 7.609802179221222,46.974917716076675,586.4179643289417 7.610822051093243,46.974917716076675,586.4179643289417 7.610822051093243,46.974917716076675,556.4279643289417</coordinates>
                    </LinearRing>
                  </outerBoundaryIs>
                </Polygon>
                <Polygon>
                  <altitudeMode>absolute</altitudeMode>
                  <outerBoundaryIs>
                    <LinearRing>
                      <coordinates>7.610822051093243,46.974917716076675,556.4279643289417 7.610822051093243,46.974917716076675,586.4179643289417 7.610822051093243,46.974527407976495,586.4179643289417 7.610822051093243,46.974527407976495,556.4279643289417</coordinates>
                    </LinearRing>
                  </outerBoundaryIs>
                </Polygon>
                <Polygon>
                  <altitudeMode>absolute</altitudeMode>
                  <outerBoundaryIs>
                    <LinearRing>
                      <coordinates>7.610822051093243,46.974527407976495,556.4279643289417 7.610822051093243,46.974527407976495,586.4179643289417 7.609802179221222,46.974527407976495,586.4179643289417 7.609802179221222,46.974527407976495,556.4279643289417</coordinates>
                    </LinearRing>
                  </outerBoundaryIs>
                </Polygon>
              </MultiGeometry>
            </Placemark>
          </Folder>
        </Folder>
        <Folder>
          <name>Delete Flight 2</name>
        </Folder>
      </Folder>
      <Folder>
        <name>Attempt to modify planned flight in conflict</name>
        <Folder>
          <name>Plan Flight 1</name>
          <Folder>
            <name>E35: uss1 astm.f3548.v21.dss.queryOperationalIntentReferences</name>
            <Placemark>
              <name>area_of_interest</name>
              <styleUrl>#QueryArea</styleUrl>
              <description><![CDATA[(no operational intent references found)]]></description>
              <TimeSpan>
                <begin>2026-10-08T16:10:29.190995+00:00</begin>
                <end>2026-10-08T16:55:30.190995+00:00</end>
              </TimeSpan>
              <MultiGeometry>
                <Polygon>
                  <altitudeMode>absolute</altitudeMode>
                  <outerBoundaryIs>
                    <LinearRing>
                      <coordinates>7.609802179221222,46.974527407976495,556.4279643289417 7.609802179221222,46.974917716076675,556.4279643289417 7.610822051093243,46.974917716076675,556.4279643289417 7.610822051093243,46.974527407976495,556.4279643289417</coordinates>
                    </LinearRing>
                  </outerBoundaryIs>
                </Polygon>
                <Polygon>
                  <altitudeMode>absolute</altitudeMode>
                  <outerBoundaryIs>
                    <LinearRing>
                      <coordinates>7.609802179221222,46.974527407976495,586.4179643289417 7.609802179221222,46.974917716076675,586.4179643289417 7.610822051093243,46.974917716076675,586.4179643289417 7.610822051093243,46.974527407976495,586.4179643289417</coordinates>
                    </LinearRing>
                  </outerBoundaryIs>
                </Polygon>
                <Polygon>
                  <altitudeMode>absolute</altitudeMode>
                  <outerBoundaryIs>
                    <LinearRing>
                      <coordinates>7.609802179221222,46.974527407976495,556.4279643289417 7.609802179221222,46.974527407976495,586.4179643289417 7.609802179221222,46.974917716076675,586.4179643289417 7.609802179221222,46.974917716076675,556.4279643289417</coordinates>
                    </LinearRing>
                  </outerBoundaryIs>
                </Polygon>
                <Polygon>
                  <altitudeMode>absolute</altitudeMode>
                  <outerBoundaryIs>
                    <LinearRing>
                      <coordinates>7.609802179221222,46.974917716076675,556.4279643289417 7.609802179221222,46.974917716076675,586.4179643289417 7.610822051093243,46.974917716076675,586.4179643289417 7.610822051093243,46.974917716076675,556.4279643289417</coordinates>
                    </LinearRing>
                  </outerBoundaryIs>
                </Polygon>
                <Polygon>
                  <altitudeMode>absolute</altitudeMode>
                  <outerBoundaryIs>
                    <LinearRing>
                      <coordinates>7.610822051093243,46.974917716076675,556.4279643289417 7.610822051093243,46.974917716076675,586.4179643289417 7.610822051093243,46.974527407976495,586.4179643289417 7.610822051093243,46.974527407976495,556.4279643289417</coordinates>
                    </LinearRing>
                  </outerBoundaryIs>
                </Polygon>
                <Polygon>
                  <altitudeMode>absolute</altitudeMode>
                  <outerBoundaryIs>
                    <LinearRing>
                      <coordinates>7.610822051093243,46.974527407976495,556.4279643289417 7.610822051093243,46.974527407976495,586.4179643289417 7.609802179221222,46.974527407976495,586.4179643289417 7.609802179221222,46.974527407976495,556.4279643289417</coordinates>
                    </LinearRing>
                  </outerBoundaryIs>
                </Polygon>
              </MultiGeometry>
            </Placemark>
          </Folder>
          <Folder>
            <name>E37: uss1 interuss.automated_testing.flight_planning.v1.UpsertFlightPlan</name>
            <Folder>
              <name>Activity Completed, flight Planned</name>
              <Placemark>
                <name>Volume 0</name>
                <styleUrl>#Planned_Nominal</styleUrl>
                <TimeSpan>
                  <begin>2026-10-08T16:10:29.190995+00:00</begin>
                  <end>2026-10-08T16:55:30.190995+00:00</end>
                </TimeSpan>
                <MultiGeometry>
                  <Polygon>
                    <altitudeMode>absolute</altitudeMode>
                    <outerBoundaryIs>
                      <LinearRing>
                        <coordinates>7.609802179221222,46.97461822864128,556.4279858037298 7.609827869925489,46.974917716076675,556.4279858037298 7.6107788759673,46.97487973190337,556.4279858037298 7.610822051093243,46.974527407976495,556.4279858037298</coordinates>
                      </LinearRing>
                    </outerBoundaryIs>
                  </Polygon>
                  <Polygon>
                    <altitudeMode>absolute</altitudeMode>
                    <outerBoundaryIs>
                      <LinearRing>
                        <coordinates>7.609802179221222,46.97461822864128,586.4179858037298 7.609827869925489,46.974917716076675,586.4179858037298 7.6107788759673,46.97487973190337,586.4179858037298 7.610822051093243,46.974527407976495,586.4179858037298</coordinates>
                      </LinearRing>
                    </outerBoundaryIs>
                  </Polygon>
                  <Polygon>
                    <altitudeMode>absolute</altitudeMode>
                    <outerBoundaryIs>
                      <LinearRing>
                        <coordinates>7.609802179221222,46.97461822864128,556.4279858037298 7.609802179221222,46.97461822864128,586.4179858037298 7.609827869925489,46.974917716076675,586.4179858037298 7.609827869925489,46.974917716076675,556.4279858037298</coordinates>
                      </LinearRing>
                    </outerBoundaryIs>
                  </Polygon>
                  <Polygon>
                    <altitudeMode>absolute</altitudeMode>
                    <outerBoundaryIs>
                      <LinearRing>
                        <coordinates>7.609827869925489,46.974917716076675,556.4279858037298 7.609827869925489,46.974917716076675,586.4179858037298 7.6107788759673,46.97487973190337,586.4179858037298 7.6107788759673,46.97487973190337,556.4279858037298</coordinates>
                      </LinearRing>
                    </outerBoundaryIs>
                  </Polygon>
                  <Polygon>
                    <altitudeMode>absolute</altitudeMode>
                    <outerBoundaryIs>
                      <LinearRing>
                        <coordinates>7.6107788759673,46.97487973190337,556.4279858037298 7.6107788759673,46.97487973190337,586.4179858037298 7.610822051093243,46.974527407976495,586.4179858037298 7.610822051093243,46.974527407976495,556.4279858037298</coordinates>
                      </LinearRing>
                    </outerBoundaryIs>
                  </Polygon>
                  <Polygon>
                    <altitudeMode>absolute</altitudeMode>
                    <outerBoundaryIs>
                      <LinearRing>
                        <coordinates>7.610822051093243,46.974527407976495,556.4279858037298 7.610822051093243,46.974527407976495,586.4179858037298 7.609802179221222,46.97461822864128,586.4179858037298 7.609802179221222,46.97461822864128,556.4279858037298</coordinates>
                      </LinearRing>
                    </outerBoundaryIs>
                  </Polygon>
                </MultiGeometry>
              </Placemark>
            </Folder>
          </Folder>
          <Folder>
            <name>E41: uss1 astm.f3548.v21.dss.queryOperationalIntentReferences</name>
            <Placemark>
              <name>area_of_interest</name>
              <styleUrl>#QueryArea</styleUrl>
              <description><![CDATA[<ul><li>uss1's Accepted ae83d376-2517-4ed2-93da-f8d16e1b87b6[1]</li></ul>]]></description>
              <TimeSpan>
                <begin>2026-10-08T16:10:29.190995+00:00</begin>
                <end>2026-10-08T16:55:30.190995+00:00</end>
              </TimeSpan>
              <MultiGeometry>
                <Polygon>
                  <altitudeMode>absolute</altitudeMode>
                  <outerBoundaryIs>
                    <LinearRing>
                      <coordinates>7.609802179221222,46.974527407976495,556.4279643289417 7.609802179221222,46.974917716076675,556.4279643289417 7.610822051093243,46.974917716076675,556.4279643289417 7.610822051093243,46.974527407976495,556.4279643289417</coordinates>
                    </LinearRing>
                  </outerBoundaryIs>
                </Polygon>
                <Polygon>
                  <altitudeMode>absolute</altitudeMode>
                  <outerBoundaryIs>
                    <LinearRing>
                      <coordinates>7.609802179221222,46.974527407976495,586.4179643289417 7.609802179221222,46.974917716076675,586.4179643289417 7.610822051093243,46.974917716076675,586.4179643289417 7.610822051093243,46.974527407976495,586.4179643289417</coordinates>
                    </LinearRing>
                  </outerBoundaryIs>
                </Polygon>
                <Polygon>
                  <altitudeMode>absolute</altitudeMode>
                  <outerBoundaryIs>
                    <LinearRing>
                      <coordinates>7.609802179221222,46.974527407976495,556.4279643289417 7.609802179221222,46.974527407976495,586.4179643289417 7.609802179221222,46.974917716076675,586.4179643289417 7.609802179221222,46.974917716076675,556.4279643289417</coordinates>
                    </LinearRing>
                  </outerBoundaryIs>
                </Polygon>
                <Polygon>
                  <altitudeMode>absolute</altitudeMode>
                  <outerBoundaryIs>
                    <LinearRing>
                      <coordinates>7.609802179221222,46.974917716076675,556.4279643289417 7.609802179221222,46.974917716076675,586.4179643289417 7.610822051093243,46.974917716076675,586.4179643289417 7.610822051093243,46.974917716076675,556.4279643289417</coordinates>
                    </LinearRing>
                  </outerBoundaryIs>
                </Polygon>
                <Polygon>
                  <altitudeMode>absolute</altitudeMode>
                  <outerBoundaryIs>
                    <LinearRing>
                      <coordinates>7.610822051093243,46.974917716076675,556.4279643289417 7.610822051093243,46.974917716076675,586.4179643289417 7.610822051093243,46.974527407976495,586.4179643289417 7.610822051093243,46.974527407976495,556.4279643289417</coordinates>
                    </LinearRing>
                  </outerBoundaryIs>
                </Polygon>
                <Polygon>
                  <altitudeMode>absolute</altitudeMode>
                  <outerBoundaryIs>
                    <LinearRing>
                      <coordinates>7.610822051093243,46.974527407976495,556.4279643289417 7.610822051093243,46.974527407976495,586.4179643289417 7.609802179221222,46.974527407976495,586.4179643289417 7.609802179221222,46.974527407976495,556.4279643289417</coordinates>
                    </LinearRing>
                  </outerBoundaryIs>
                </Polygon>
              </MultiGeometry>
            </Placemark>
          </Folder>
          <Folder>
            <name>E45: uss1 astm.f3548.v21.uss.getOperationalIntentDetails</name>
            <Folder>
              <name>uss1's P0 Accepted ae83d376-2517-4ed2-93da-f8d16e1b87b6[1] @ FUqsKr-sRByV-PgJ4BUxSDWUoTno8RCiazrQqOTslTA_</name>
              <Placemark>
                <name>Nominal volume 0</name>
                <styleUrl>#F3548v21Accepted</styleUrl>
                <TimeSpan>
                  <begin>2026-10-08T16:10:30.211883+00:00</begin>
                  <end>2026-10-08T16:55:30.190995+00:00</end>
                </TimeSpan>
                <MultiGeometry>
                  <Polygon>
                    <altitudeMode>absolute</altitudeMode>
                    <outerBoundaryIs>
                      <LinearRing>
                        <coordinates>7.609802179221222,46.97461822864128,556.4279858037298 7.609827869925489,46.974917716076675,556.4279858037298 7.6107788759673,46.97487973190337,556.4279858037298 7.610822051093243,46.974527407976495,556.4279858037298</coordinates>
                      </LinearRing>
                    </outerBoundaryIs>
                  </Polygon>
                  <Polygon>
                    <altitudeMode>absolute</altitudeMode>
                    <outerBoundaryIs>
                      <LinearRing>
                        <coordinates>7.609802179221222,46.97461822864128,586.4179858037298 7.609827869925489,46.974917716076675,586.4179858037298 7.6107788759673,46.97487973190337,586.4179858037298 7.610822051093243,46.974527407976495,586.4179858037298</coordinates>
                      </LinearRing>
                    </outerBoundaryIs>
                  </Polygon>
                  <Polygon>
                    <altitudeMode>absolute</altitudeMode>
                    <outerBoundaryIs>
                      <LinearRing>
                        <coordinates>7.609802179221222,46.97461822864128,556.4279858037298 7.609802179221222,46.97461822864128,586.4179858037298 7.609827869925489,46.974917716076675,586.4179858037298 7.609827869925489,46.974917716076675,556.4279858037298</coordinates>
                      </LinearRing>
                    </outerBoundaryIs>
                  </Polygon>
                  <Polygon>
                    <altitudeMode>absolute</altitudeMode>
                    <outerBoundaryIs>
                      <LinearRing>
                        <coordinates>7.609827869925489,46.974917716076675,556.4279858037298 7.609827869925489,46.974917716076675,586.4179858037298 7.6107788759673,46.97487973190337,586.4179858037298 7.6107788759673,46.97487973190337,556.4279858037298</coordinates>
                      </LinearRing>
                    </outerBoundaryIs>
                  </Polygon>
                  <Polygon>
                    <altitudeMode>absolute</altitudeMode>
                    <outerBoundaryIs>
                      <LinearRing>
                        <coordinates>7.6107788759673,46.97487973190337,556.4279858037298 7.6107788759673,46.97487973190337,586.4179858037298 7.610822051093243,46.974527407976495,586.4179858037298 7.610822051093243,46.974527407976495,556.4279858037298</coordinates>
                      </LinearRing>
                    </outerBoundaryIs>
                  </Polygon>
                  <Polygon>
                    <altitudeMode>absolute</altitudeMode>
                    <outerBoundaryIs>
                      <LinearRing>
                        <coordinates>7.610822051093243,46.974527407976495,556.4279858037298 7.610822051093243,46.974527407976495,586.4179858037298 7.609802179221222,46.97461822864128,586.4179858037298 7.609802179221222,46.97461822864128,556.4279858037298</coordinates>
                      </LinearRing>
                    </outerBoundaryIs>
                  </Polygon>
                </MultiGeometry>
              </Placemark>
            </Folder>
          </Folder>
        </Folder>
        <Folder>
          <name>Plan Flight 2</name>
          <Folder>
            <name>E58: uss1 astm.f3548.v21.dss.queryOperationalIntentReferences</name>
            <Placemark>
              <name>area_of_interest</name>
              <styleUrl>#QueryArea</styleUrl>
              <description><![CDATA[<ul><li>uss1's Accepted ae83d376-2517-4ed2-93da-f8d16e1b87b6[1]</li></ul>]]></description>
              <TimeSpan>
                <begin>2026-10-08T16:10:29.310788+00:00</begin>
                <end>2026-10-08T16:55:30.310788+00:00</end>
              </TimeSpan>
              <MultiGeometry>
                <Polygon>
                  <altitudeMode>absolute</altitudeMode>
                  <outerBoundaryIs>
                    <LinearRing>
                      <coordinates>7.6097632790545635,46.97455954924581,555.348198665505 7.6097632790545635,46.97530826770323,555.348198665505 7.610344232558087,46.97530826770323,555.348198665505 7.610344232558087,46.97455954924581,555.348198665505</coordinates>
                    </LinearRing>
                  </outerBoundaryIs>
                </Polygon>
                <Polygon>
                  <altitudeMode>absolute</altitudeMode>
                  <outerBoundaryIs>
                    <LinearRing>
                      <coordinates>7.6097632790545635,46.97455954924581,584.4181986655051 7.6097632790545635,46.97530826770323,584.4181986655051 7.610344232558087,46.97530826770323,584.4181986655051 7.610344232558087,46.97455954924581,584.4181986655051</coordinates>
                    </LinearRing>
                  </outerBoundaryIs>
                </Polygon>
                <Polygon>
                  <altitudeMode>absolute</altitudeMode>
                  <outerBoundaryIs>
                    <LinearRing>
                      <coordinates>7.6097632790545635,46.97455954924581,555.348198665505 7.6097632790545635,46.97455954924581,584.4181986655051 7.6097632790545635,46.97530826770323,584.4181986655051 7.6097632790545635,46.97530826770323,555.348198665505</coordinates>
                    </LinearRing>
                  </outerBoundaryIs>
                </Polygon>
                <Polygon>
                  <altitudeMode>absolute</altitudeMode>
                  <outerBoundaryIs>
                    <LinearRing>
                      <coordinates>7.6097632790545635,46.97530826770323,555.348198665505 7.6097632790545635,46.97530826770323,584.4181986655051 7.610344232558087,46.97530826770323,584.4181986655051 7.610344232558087,46.97530826770323,555.348198665505</coordinates>
                    </LinearRing>
                  </outerBoundaryIs>
                </Polygon>
                <Polygon>
                  <altitudeMode>absolute</altitudeMode>
                  <outerBoundaryIs>
                    <LinearRing>
                      <coordinates>7.610344232558087,46.97530826770323,555.348198665505 7.610344232558087,46.97530826770323,584.4181986655051 7.610344232558087,46.97455954924581,584.4181986655051 7.610344232558087,46.97455954924581,555.348198665505</coordinates>
                    </LinearRing>
                  </outerBoundaryIs>
                </Polygon>
                <Polygon>
                  <altitudeMode>absolute</altitudeMode>
                  <outerBoundaryIs>
                    <LinearRing>
                      <coordinates>7.610344232558087,46.97455954924581,555.348198665505 7.610344232558087,46.97455954924581,584.4181986655051 7.6097632790545635,46.97455954924581,584.4181986655051 7.6097632790545635,46.97455954924581,555.348198665505</coordinates>
                    </LinearRing>
                  </outerBoundaryIs>
                </Polygon>
              </MultiGeometry>
            </Placemark>
          </Folder>
          <Folder>
            <name>E64: uss1 astm.f3548.v21.dss.queryOperationalIntentReferences</name>
            <Placemark>
              <name>area_of_interest</name>
              <styleUrl>#QueryArea</styleUrl>
              <description><![CDATA[<ul><li>uss2's Accepted a8225968-c9df-4428-9eb1-930d78220052[1]</li><li>uss1's Accepted ae83d376-2517-4ed2-93da-f8d16e1b87b6[1]</li></ul>]]></description>
              <TimeSpan>
                <begin>2026-10-08T16:10:29.310788+00:00</begin>
                <end>2026-10-08T16:55:30.310788+00:00</end>
              </TimeSpan>
              <MultiGeometry>
                <Polygon>
                  <altitudeMode>absolute</altitudeMode>
                  <outerBoundaryIs>
                    <LinearRing>
                      <coordinates>7.6097632790545635,46.97455954924581,555.348198665505 7.6097632790545635,46.97530826770323,555.348198665505 7.610344232558087,46.97530826770323,555.348198665505 7.610344232558087,46.97455954924581,555.348198665505</coordinates>
                    </LinearRing>
                  </outerBoundaryIs>
                </Polygon>
                <Polygon>
                  <altitudeMode>absolute</altitudeMode>
                  <outerBoundaryIs>
                    <LinearRing>
                      <coordinates>7.6097632790545635,46.97455954924581,584.4181986655051 7.6097632790545635,46.97530826770323,584.4181986655051 7.610344232558087,46.97530826770323,584.4181986655051 7.610344232558087,46.97455954924581,584.4181986655051</coordinates>
                    </LinearRing>
                  </outerBoundaryIs>
                </Polygon>
                <Polygon>
                  <altitudeMode>absolute</altitudeMode>
                  <outerBoundaryIs>
                    <LinearRing>
                      <coordinates>7.6097632790545635,46.97455954924581,555.348198665505 7.6097632790545635,46.97455954924581,584.4181986655051 7.6097632790545635,46.97530826770323,584.4181986655051 7.6097632790545635,46.97530826770323,555.348198665505</coordinates>
                    </LinearRing>
                  </outerBoundaryIs>
                </Polygon>
                <Polygon>
                  <altitudeMode>absolute</altitudeMode>
                  <outerBoundaryIs>
                    <LinearRing>
                      <coordinates>7.6097632790545635,46.97530826770323,555.348198665505 7.6097632790545635,46.97530826770323,584.4181986655051 7.610344232558087,46.97530826770323,584.4181986655051 7.610344232558087,46.97530826770323,555.348198665505</coordinates>
                    </LinearRing>
                  </outerBoundaryIs>
                </Polygon>
                <Polygon>
                  <altitudeMode>absolute</altitudeMode>
                  <outerBoundaryIs>
                    <LinearRing>
                      <coordinates>7.610344232558087,46.97530826770323,555.348198665505 7.610344232558087,46.97530826770323,584.4181986655051 7.610344232558087,46.97455954924581,584.4181986655051 7.610344232558087,46.97455954924581,555.348198665505</coordinates>
                    </LinearRing>
                  </outerBoundaryIs>
                </Polygon>
                <Polygon>
                  <altitudeMode>absolute</altitudeMode>
                  <outerBoundaryIs>
                    <LinearRing>
                      <coordinates>7.610344232558087,46.97455954924581,555.348198665505 7.610344232558087,46.97455954924581,584.4181986655051 7.6097632790545635,46.97455954924581,584.4181986655051 7.6097632790545635,46.97455954924581,555.348198665505</coordinates>
                    </LinearRing>
                  </outerBoundaryIs>
                </Polygon>
              </MultiGeometry>
            </Placemark>
          </Folder>
          <Folder>
            <name>E68: uss2 astm.f3548.v21.uss.getOperationalIntentDetails</name>
            <Folder>
              <name>uss2's P100 Accepted a8225968-c9df-4428-9eb1-930d78220052[1] @ ByGUk5-T27rvSy2ZtWyUEe7HzHDwbrLnhr-9aUbu4vQ_</name>
              <Placemark>
                <name>Nominal volume 0</name>
                <styleUrl>#F3548v21Accepted</styleUrl>
                <TimeSpan>
                  <begin>2026-10-08T16:10:30.331940+00:00</begin>
                  <end>2026-10-08T16:55:30.310788+00:00</end>
                </TimeSpan>
                <MultiGeometry>
                  <Polygon>
                    <altitudeMode>absolute</altitudeMode>
                    <outerBoundaryIs>
                      <LinearRing>
                        <coordinates>7.6097632790545635,46.97502046675935,555.3482426826405 7.610017359088783,46.97455954924581,555.3482426826405 7.610344232558087,46.974947178591606,555.3482426826405 7.610081589331281,46.97530826770323,555.3482426826405</coordinates>
                      </LinearRing>
                    </outerBoundaryIs>
                  </Polygon>
                  <Polygon>
                    <altitudeMode>absolute</altitudeMode>
                    <outerBoundaryIs>
                      <LinearRing>
                        <coordinates>7.6097632790545635,46.97502046675935,584.4182426826405 7.610017359088783,46.97455954924581,584.4182426826405 7.610344232558087,46.974947178591606,584.4182426826405 7.610081589331281,46.97530826770323,584.4182426826405</coordinates>
                      </LinearRing>
                    </outerBoundaryIs>
                  </Polygon>
                  <Polygon>
                    <altitudeMode>absolute</altitudeMode>
                    <outerBoundaryIs>
                      <LinearRing>
                        <coordinates>7.6097632790545635,46.97502046675935,555.3482426826405 7.6097632790545635,46.97502046675935,584.4182426826405 7.610017359088783,46.97455954924581,584.4182426826405 7.610017359088783,46.97455954924581,555.3482426826405</coordinates>
                      </LinearRing>
                    </outerBoundaryIs>
                  </Polygon>
                  <Polygon>
                    <altitudeMode>absolute</altitudeMode>
                    <outerBoundaryIs>
                      <LinearRing>
                        <coordinates>7.610017359088783,46.97455954924581,555.3482426826405 7.610017359088783,46.97455954924581,584.4182426826405 7.610344232558087,46.974947178591606,584.4182426826405 7.610344232558087,46.974947178591606,555.3482426826405</coordinates>
                      </LinearRing>
                    </outerBoundaryIs>
                  </Polygon>
                  <Polygon>
                    <altitudeMode>absolute</altitudeMode>
                    <outerBoundaryIs>
                      <LinearRing>
                        <coordinates>7.610344232558087,46.974947178591606,555.3482426826405 7.610344232558087,46.974947178591606,584.4182426826405 7.610081589331281,46.97530826770323,584.4182426826405 7.610081589331281,46.97530826770323,555.3482426826405</coordinates>
                      </LinearRing>
                    </outerBoundaryIs>
                  </Polygon>
                  <Polygon>
                    <altitudeMode>absolute</altitudeMode>
                    <outerBoundaryIs>
                      <LinearRing>
                        <coordinates>7.610081589331281,46.97530826770323,555.3482426826405 7.610081589331281,46.97530826770323,584.4182426826405 7.6097632790545635,46.97502046675935,584.4182426826405 7.6097632790545635,46.97502046675935,555.3482426826405</coordinates>
                      </LinearRing>
                    </outerBoundaryIs>
                  </Polygon>
                </MultiGeometry>
              </Placemark>
            </Folder>
          </Folder>
        </Folder>
        <Folder>
          <name>Check for conflict notifications</name>
        </Folder>
        <Folder>
          <name>Attempt to modify planned Flight 1 in conflict</name>
          <Folder>
            <name>E81: uss1 astm.f3548.v21.dss.queryOperationalIntentReferences</name>
            <Placemark>
              <name>area_of_interest</name>
              <styleUrl>#QueryArea</styleUrl>
              <description><![CDATA[<ul><li>uss2's Accepted a8225968-c9df-4428-9eb1-930d78220052[1]</li><li>uss1's Accepted ae83d376-2517-4ed2-93da-f8d16e1b87b6[1]</li></ul>]]></description>
              <TimeSpan>
                <begin>2026-10-08T16:10:29.475011+00:00</begin>
                <end>2026-10-08T16:55:30.475011+00:00</end>
              </TimeSpan>
              <MultiGeometry>
                <Polygon>
                  <altitudeMode>absolute</altitudeMode>
                  <outerBoundaryIs>
                    <LinearRing>
                      <coordinates>7.609802179221222,46.974527407976495,526.3879643289417 7.609802179221222,46.974917716076675,526.3879643289417 7.610822051093243,46.974917716076675,526.3879643289417 7.610822051093243,46.974527407976495,526.3879643289417</coordinates>
                    </LinearRing>
                  </outerBoundaryIs>
                </Polygon>
                <Polygon>
                  <altitudeMode>absolute</altitudeMode>
                  <outerBoundaryIs>
                    <LinearRing>
                      <coordinates>7.609802179221222,46.974527407976495,586.4179643289417 7.609802179221222,46.974917716076675,586.4179643289417 7.610822051093243,46.974917716076675,586.4179643289417 7.610822051093243,46.974527407976495,586.4179643289417</coordinates>
                    </LinearRing>
                  </outerBoundaryIs>
                </Polygon>
                <Polygon>
                  <altitudeMode>absolute</altitudeMode>
                  <outerBoundaryIs>
                    <LinearRing>
                      <coordinates>7.609802179221222,46.974527407976495,526.3879643289417 7.609802179221222,46.974527407976495,586.4179643289417 7.609802179221222,46.974917716076675,586.4179643289417 7.609802179221222,46.974917716076675,526.3879643289417</coordinates>
                    </LinearRing>
                  </outerBoundaryIs>
                </Polygon>
                <Polygon>
                  <altitudeMode>absolute</altitudeMode>
                  <outerBoundaryIs>
                    <LinearRing>
                      <coordinates>7.609802179221222,46.974917716076675,526.3879643289417 7.609802179221222,46.974917716076675,586.4179643289417 7.610822051093243,46.974917716076675,586.4179643289417 7.610822051093243,46.974917716076675,526.3879643289417</coordinates>
                    </LinearRing>
                  </outerBoundaryIs>
                </Polygon>
                <Polygon>
                  <altitudeMode>absolute</altitudeMode>
                  <outerBoundaryIs>
                    <LinearRing>
                      <coordinates>7.610822051093243,46.974917716076675,526.3879643289417 7.610822051093243,46.974917716076675,586.4179643289417 7.610822051093243,46.974527407976495,586.4179643289417 7.610822051093243,46.974527407976495,526.3879643289417</coordinates>
                    </LinearRing>
                  </outerBoundaryIs>
                </Polygon>
                <Polygon>
                  <altitudeMode>absolute</altitudeMode>
                  <outerBoundaryIs>
                    <LinearRing>
                      <coordinates>7.610822051093243,46.974527407976495,526.3879643289417 7.610822051093243,46.974527407976495,586.4179643289417 7.609802179221222,46.974527407976495,586.4179643289417 7.609802179221222,46.974527407976495,526.3879643289417</coordinates>
                    </LinearRing>
                  </outerBoundaryIs>
                </Polygon>
              </MultiGeometry>
            </Placemark>
          </Folder>
          <Folder>
            <name>E83: uss1 interuss.automated_testing.flight_planning.v1.UpsertFlightPlan</name>
            <Folder>
              <name>Activity Rejected, flight Planned</name>
              <Placemark>
                <name>Volume 0</name>
                <styleUrl>#Planned_Nominal</styleUrl>
                <TimeSpan>
                  <begin>2026-10-08T16:10:29.475011+00:00</begin>
                  <end>2026-10-08T16:55:30.475011+00:00</end>
                </TimeSpan>
                <MultiGeometry>
                  <Polygon>
                    <altitudeMode>absolute</altitudeMode>
                    <outerBoundaryIs>
                      <LinearRing>
                        <coordinates>7.61016794889421,46.97460362035746,526.3880780310994 7.610193641639914,46.97490310771105,526.3880780310994 7.6107788759673,46.97487973190337,526.3880780310994 7.610822051093243,46.974527407976495,526.3880780310994</coordinates>
                      </LinearRing>
                    </outerBoundaryIs>
                  </Polygon>
                  <Polygon>
                    <altitudeMode>absolute</altitudeMode>
                    <outerBoundaryIs>
                      <LinearRing>
                        <coordinates>7.61016794889421,46.97460362035746,586.4180780310994 7.610193641639914,46.97490310771105,586.4180780310994 7.6107788759673,46.97487973190337,586.4180780310994 7.610822051093243,46.974527407976495,586.4180780310994</coordinates>
                      </LinearRing>
                    </outerBoundaryIs>
                  </Polygon>
                  <Polygon>
                    <altitudeMode>absolute</altitudeMode>
                    <outerBoundaryIs>
                      <LinearRing>
                        <coordinates>7.61016794889421,46.97460362035746,526.3880780310994 7.61016794889421,46.97460362035746,586.4180780310994 7.610193641639914,46.97490310771105,586.4180780310994 7.610193641639914,46.97490310771105,526.3880780310994</coordinates>
                      </LinearRing>
                    </outerBoundaryIs>
                  </Polygon>
                  <Polygon>
                    <altitudeMode>absolute</altitudeMode>
                    <outerBoundaryIs>
                      <LinearRing>
                        <coordinates>7.610193641639914,46.97490310771105,526.3880780310994 7.610193641639914,46.97490310771105,586.4180780310994 7.6107788759673,46.97487973190337,586.4180780310994 7.6107788759673,46.97487973190337,526.3880780310994</coordinates>
                      </LinearRing>
                    </outerBoundaryIs>
                  </Polygon>
                  <Polygon>
                    <altitudeMode>absolute</altitudeMode>
                    <outerBoundaryIs>
                      <LinearRing>
                        <coordinates>7.6107788759673,46.97487973190337,526.3880780310994 7.6107788759673,46.97487973190337,586.4180780310994 7.610822051093243,46.974527407976495,586.4180780310994 7.610822051093243,46.974527407976495,526.3880780310994</coordinates>
                      </LinearRing>
                    </outerBoundaryIs>
                  </Polygon>
                  <Polygon>
                    <altitudeMode>absolute</altitudeMode>
                    <outerBoundaryIs>
                      <LinearRing>
                        <coordinates>7.610822051093243,46.974527407976495,526.3880780310994 7.610822051093243,46.974527407976495,586.4180780310994 7.61016794889421,46.97460362035746,586.4180780310994 7.61016794889421,46.97460362035746,526.3880780310994</coordinates>
                      </LinearRing>
                    </outerBoundaryIs>
                  </Polygon>
                </MultiGeometry>
              </Placemark>
            </Folder>
          </Folder>
          <Folder>
            <name>E86: uss1 astm.f3548.v21.dss.queryOperationalIntentReferences</name>
            <Placemark>
              <name>area_of_interest</name>
              <styleUrl>#QueryArea</styleUrl>
              <description><![CDATA[<ul><li>uss2's Accepted a8225968-c9df-4428-9eb1-930d78220052[1]</li><li>uss1's Accepted ae83d376-2517-4ed2-93da-f8d16e1b87b6[1]</li></ul>]]></description>
              <TimeSpan>
                <begin>2026-10-08T16:10:29.475011+00:00</begin>
                <end>2026-10-08T16:55:30.475011+00:00</end>
              </TimeSpan>
              <MultiGeometry>
                <Polygon>
                  <altitudeMode>absolute</altitudeMode>
                  <outerBoundaryIs>
                    <LinearRing>
                      <coordinates>7.609802179221222,46.974527407976495,526.3879643289417 7.609802179221222,46.974917716076675,526.3879643289417 7.610822051093243,46.974917716076675,526.3879643289417 7.610822051093243,46.974527407976495,526.3879643289417</coordinates>
                    </LinearRing>
                  </outerBoundaryIs>
                </Polygon>
                <Polygon>
                  <altitudeMode>absolute</altitudeMode>
                  <outerBoundaryIs>
                    <LinearRing>
                      <coordinates>7.609802179221222,46.974527407976495,586.4179643289417 7.609802179221222,46.974917716076675,586.4179643289417 7.610822051093243,46.974917716076675,586.4179643289417 7.610822051093243,46.974527407976495,586.4179643289417</coordinates>
                    </LinearRing>
                  </outerBoundaryIs>
                </Polygon>
                <Polygon>
                  <altitudeMode>absolute</altitudeMode>
                  <outerBoundaryIs>
                    <LinearRing>
                      <coordinates>7.609802179221222,46.974527407976495,526.3879643289417 7.609802179221222,46.974527407976495,586.4179643289417 7.609802179221222,46.974917716076675,586.4179643289417 7.609802179221222,46.974917716076675,526.3879643289417</coordinates>
                    </LinearRing>
                  </outerBoundaryIs>
                </Polygon>
                <Polygon>
                  <altitudeMode>absolute</altitudeMode>
                  <outerBoundaryIs>
                    <LinearRing>
                      <coordinates>7.609802179221222,46.974917716076675,526.3879643289417 7.609802179221222,46.974917716076675,586.4179643289417 7.610822051093243,46.974917716076675,586.4179643289417 7.610822051093243,46.974917716076675,526.3879643289417</coordinates>
                    </LinearRing>
                  </outerBoundaryIs>
                </Polygon>
                <Polygon>
                  <altitudeMode>absolute</altitudeMode>
                  <outerBoundaryIs>
                    <LinearRing>
                      <coordinates>7.610822051093243,46.974917716076675,526.3879643289417 7.610822051093243,46.974917716076675,586.4179643289417 7.610822051093243,46.974527407976495,586.4179643289417 7.610822051093243,46.974527407976495,526.3879643289417</coordinates>
                    </LinearRing>
                  </outerBoundaryIs>
                </Polygon>
                <Polygon>
                  <altitudeMode>absolute</altitudeMode>
                  <outerBoundaryIs>
                    <LinearRing>
                      <coordinates>7.610822051093243,46.974527407976495,526.3879643289417 7.610822051093243,46.974527407976495,586.4179643289417 7.609802179221222,46.974527407976495,586.4179643289417 7.609802179221222,46.974527407976495,526.3879643289417</coordinates>
                    </LinearRing>
                  </outerBoundaryIs>
                </Polygon>
              </MultiGeometry>
            </Placemark>
          </Folder>
          <Folder>
            <name>E90: uss1 astm.f3548.v21.uss.getOperationalIntentDetails</name>
            <Folder>
              <name>uss1's P0 Accepted ae83d376-2517-4ed2-93da-f8d16e1b87b6[1] @ FUqsKr-sRByV-PgJ4BUxSDWUoTno8RCiazrQqOTslTA_</name>
              <Placemark>
                <name>Nominal volume 0</name>
                <styleUrl>#F3548v21Accepted</styleUrl>
                <TimeSpan>
                  <begin>2026-10-08T16:10:30.211883+00:00</begin>
                  <end>2026-10-08T16:55:30.190995+00:00</end>
                </TimeSpan>
                <MultiGeometry>
                  <Polygon>
                    <altitudeMode>absolute</altitudeMode>
                    <outerBoundaryIs>
                      <LinearRing>
                        <coordinates>7.609802179221222,46.97461822864128,556.4279858037298 7.609827869925489,46.974917716076675,556.4279858037298 7.6107788759673,46.97487973190337,556.4279858037298 7.610822051093243,46.974527407976495,556.4279858037298</coordinates>
                      </LinearRing>
                    </outerBoundaryIs>
                  </Polygon>
                  <Polygon>
                    <altitudeMode>absolute</altitudeMode>
                    <outerBoundaryIs>
                      <LinearRing>
                        <coordinates>7.609802179221222,46.97461822864128,586.4179858037298 7.609827869925489,46.974917716076675,586.4179858037298 7.6107788759673,46.97487973190337,586.4179858037298 7.610822051093243,46.974527407976495,586.4179858037298</coordinates>
                      </LinearRing>
                    </outerBoundaryIs>
                  </Polygon>
                  <Polygon>
                    <altitudeMode>absolute</altitudeMode>
                    <outerBoundaryIs>
                      <LinearRing>
                        <coordinates>7.609802179221222,46.97461822864128,556.4279858037298 7.609802179221222,46.97461822864128,586.4179858037298 7.609827869925489,46.974917716076675,586.4179858037298 7.609827869925489,46.974917716076675,556.4279858037298</coordinates>
                      </LinearRing>
                    </outerBoundaryIs>
                  </Polygon>
                  <Polygon>
                    <altitudeMode>absolute</altitudeMode>
                    <outerBoundaryIs>
                      <LinearRing>
                        <coordinates>7.609827869925489,46.974917716076675,556.4279858037298 7.609827869925489,46.974917716076675,586.4179858037298 7.6107788759673,46.97487973190337,586.4179858037298 7.6107788759673,46.97487973190337,556.4279858037298</coordinates>
                      </LinearRing>
                    </outerBoundaryIs>
                  </Polygon>
                  <Polygon>
                    <altitudeMode>absolute</altitudeMode>
                    <outerBoundaryIs>
                      <LinearRing>
                        <coordinates>7.6107788759673,46.97487973190337,556.4279858037298 7.6107788759673,46.97487973190337,586.4179858037298 7.610822051093243,46.974527407976495,586.4179858037298 7.610822051093243,46.974527407976495,556.4279858037298</coordinates>
                      </LinearRing>
                    </outerBoundaryIs>
                  </Polygon>
                  <Polygon>
                    <altitudeMode>absolute</altitudeMode>
                    <outerBoundaryIs>
                      <LinearRing>
                        <coordinates>7.610822051093243,46.974527407976495,556.4279858037298 7.610822051093243,46.974527407976495,586.4179858037298 7.609802179221222,46.97461822864128,586.4179858037298 7.609802179221222,46.97461822864128,556.4279858037298</coordinates>
                      </LinearRing>
                    </outerBoundaryIs>
                  </Polygon>
                </MultiGeometry>
              </Placemark>
            </Folder>
          </Folder>
        </Folder>
      </Folder>
      <Folder>
        <name>Attempt to activate flight in conflict</name>
        <Folder>
          <name>Attempt to activate conflicting Flight 1</name>
          <Folder>
            <name>E99: uss1 astm.f3548.v21.dss.queryOperationalIntentReferences</name>
            <Placemark>
              <name>area_of_interest</name>
              <styleUrl>#QueryArea</styleUrl>
              <description><![CDATA[<ul><li>uss2's Accepted a8225968-c9df-4428-9eb1-930d78220052[1]</li><li>uss1's Accepted ae83d376-2517-4ed2-93da-f8d16e1b87b6[1]</li></ul>]]></description>
              <TimeSpan>
                <begin>2026-10-08T16:10:29.577504+00:00</begin>
                <end>2026-10-08T16:55:30.577504+00:00</end>
              </TimeSpan>
              <MultiGeometry>
                <Polygon>
                  <altitudeMode>absolute</altitudeMode>
                  <outerBoundaryIs>
                    <LinearRing>
                      <coordinates>7.609802179221222,46.974527407976495,556.4279643289417 7.609802179221222,46.974917716076675,556.4279643289417 7.610822051093243,46.974917716076675,556.4279643289417 7.610822051093243,46.974527407976495,556.4279643289417</coordinates>
                    </LinearRing>
                  </outerBoundaryIs>
                </Polygon>
                <Polygon>
                  <altitudeMode>absolute</altitudeMode>
                  <outerBoundaryIs>
                    <LinearRing>
                      <coordinates>7.609802179221222,46.974527407976495,586.4179643289417 7.609802179221222,46.974917716076675,586.4179643289417 7.610822051093243,46.974917716076675,586.4179643289417 7.610822051093243,46.974527407976495,586.4179643289417</coordinates>
                    </LinearRing>
                  </outerBoundaryIs>
                </Polygon>
                <Polygon>
                  <altitudeMode>absolute</altitudeMode>
                  <outerBoundaryIs>
                    <LinearRing>
                      <coordinates>7.609802179221222,46.974527407976495,556.4279643289417 7.609802179221222,46.974527407976495,586.4179643289417 7.609802179221222,46.974917716076675,586.4179643289417 7.609802179221222,46.974917716076675,556.4279643289417</coordinates>
                    </LinearRing>
                  </outerBoundaryIs>
                </Polygon>
                <Polygon>
                  <altitudeMode>absolute</altitudeMode>
                  <outerBoundaryIs>
                    <LinearRing>
                      <coordinates>7.609802179221222,46.974917716076675,556.4279643289417 7.609802179221222,46.974917716076675,586.4179643289417 7.610822051093243,46.974917716076675,586.4179643289417 7.610822051093243,46.974917716076675,556.4279643289417</coordinates>
                    </LinearRing>
                  </outerBoundaryIs>
                </Polygon>
                <Polygon>
                  <altitudeMode>absolute</altitudeMode>
                  <outerBoundaryIs>
                    <LinearRing>
                      <coordinates>7.610822051093243,46.974917716076675,556.4279643289417 7.610822051093243,46.974917716076675,586.4179643289417 7.610822051093243,46.974527407976495,586.4179643289417 7.610822051093243,46.974527407976495,556.4279643289417</coordinates>
                    </LinearRing>
                  </outerBoundaryIs>
                </Polygon>
                <Polygon>
                  <altitudeMode>absolute</altitudeMode>
                  <outerBoundaryIs>
                    <LinearRing>
                      <coordinates>7.610822051093243,46.974527407976495,556.4279643289417 7.610822051093243,46.974527407976495,586.4179643289417 7.609802179221222,46.974527407976495,586.4179643289417 7.609802179221222,46.974527407976495,556.4279643289417</coordinates>
                    </LinearRing>
                  </outerBoundaryIs>
                </Polygon>
              </MultiGeometry>
            </Placemark>
          </Folder>
          <Folder>
            <name>E101: uss1 interuss.automated_testing.flight_planning.v1.UpsertFlightPlan</name>
            <Folder>
              <name>Activity Rejected, flight Planned</name>
              <Placemark>
                <name>Volume 0</name>
                <styleUrl>#InUse_Nominal</styleUrl>
                <TimeSpan>
                  <begin>2026-10-08T16:10:29.577504+00:00</begin>
                  <end>2026-10-08T16:55:30.577504+00:00</end>
                </TimeSpan>
                <MultiGeometry>
                  <Polygon>
                    <altitudeMode>absolute</altitudeMode>
                    <outerBoundaryIs>
                      <LinearRing>
                        <coordinates>7.609802179221222,46.97461822864128,556.4379858037298 7.609827869925489,46.974917716076675,556.4379858037298 7.6107788759673,46.97487973190337,556.4379858037298 7.610822051093243,46.974527407976495,556.4379858037298</coordinates>
                      </LinearRing>
                    </outerBoundaryIs>
                  </Polygon>
                  <Polygon>
                    <altitudeMode>absolute</altitudeMode>
                    <outerBoundaryIs>
                      <LinearRing>
                        <coordinates>7.609802179221222,46.97461822864128,586.4179858037298 7.609827869925489,46.974917716076675,586.4179858037298 7.6107788759673,46.97487973190337,586.4179858037298 7.610822051093243,46.974527407976495,586.4179858037298</coordinates>
                      </LinearRing>
                    </outerBoundaryIs>
                  </Polygon>
                  <Polygon>
                    <altitudeMode>absolute</altitudeMode>
                    <outerBoundaryIs>
                      <LinearRing>
                        <coordinates>7.609802179221222,46.97461822864128,556.4379858037298 7.609802179221222,46.97461822864128,586.4179858037298 7.609827869925489,46.974917716076675,586.4179858037298 7.609827869925489,46.974917716076675,556.4379858037298</coordinates>
                      </LinearRing>
                    </outerBoundaryIs>
                  </Polygon>
                  <Polygon>
                    <altitudeMode>absolute</altitudeMode>
                    <outerBoundaryIs>
                      <LinearRing>
                        <coordinates>7.609827869925489,46.974917716076675,556.4379858037298 7.609827869925489,46.974917716076675,586.4179858037298 7.6107788759673,46.97487973190337,586.4179858037298 7.6107788759673,46.97487973190337,556.4379858037298</coordinates>
                      </LinearRing>
                    </outerBoundaryIs>
                  </Polygon>
                  <Polygon>
                    <altitudeMode>absolute</altitudeMode>
                    <outerBoundaryIs>
                      <LinearRing>
                        <coordinates>7.6107788759673,46.97487973190337,556.4379858037298 7.6107788759673,46.97487973190337,586.4179858037298 7.610822051093243,46.974527407976495,586.4179858037298 7.610822051093243,46.974527407976495,556.4379858037298</coordinates>
                      </LinearRing>
                    </outerBoundaryIs>
                  </Polygon>
                  <Polygon>
                    <altitudeMode>absolute</altitudeMode>
                    <outerBoundaryIs>
                      <LinearRing>
                        <coordinates>7.610822051093243,46.974527407976495,556.4379858037298 7.610822051093243,46.974527407976495,586.4179858037298 7.609802179221222,46.97461822864128,586.4179858037298 7.609802179221222,46.97461822864128,556.4379858037298</coordinates>
                      </LinearRing>
                    </outerBoundaryIs>
                  </Polygon>
                </MultiGeometry>
              </Placemark>
            </Folder>
          </Folder>
          <Folder>
            <name>E104: uss1 astm.f3548.v21.dss.queryOperationalIntentReferences</name>
            <Placemark>
              <name>area_of_interest</name>
              <styleUrl>#QueryArea</styleUrl>
              <description><![CDATA[<ul><li>uss2's Accepted a8225968-c9df-4428-9eb1-930d78220052[1]</li><li>uss1's Accepted ae83d376-2517-4ed2-93da-f8d16e1b87b6[1]</li></ul>]]></description>
              <TimeSpan>
                <begin>2026-10-08T16:10:29.577504+00:00</begin>
                <end>2026-10-08T16:55:30.577504+00:00</end>
              </TimeSpan>
              <MultiGeometry>
                <Polygon>
                  <altitudeMode>absolute</altitudeMode>
                  <outerBoundaryIs>
                    <LinearRing>
                      <coordinates>7.609802179221222,46.974527407976495,556.4279643289417 7.609802179221222,46.974917716076675,556.4279643289417 7.610822051093243,46.974917716076675,556.4279643289417 7.610822051093243,46.974527407976495,556.4279643289417</coordinates>
                    </LinearRing>
                  </outerBoundaryIs>
                </Polygon>
                <Polygon>
                  <altitudeMode>absolute</altitudeMode>
                  <outerBoundaryIs>
                    <LinearRing>
                      <coordinates>7.609802179221222,46.974527407976495,586.4179643289417 7.609802179221222,46.974917716076675,586.4179643289417 7.610822051093243,46.974917716076675,586.4179643289417 7.610822051093243,46.974527407976495,586.4179643289417</coordinates>
                    </LinearRing>
                  </outerBoundaryIs>
                </Polygon>
                <Polygon>
                  <altitudeMode>absolute</altitudeMode>
                  <outerBoundaryIs>
                    <LinearRing>
                      <coordinates>7.609802179221222,46.974527407976495,556.4279643289417 7.609802179221222,46.974527407976495,586.4179643289417 7.609802179221222,46.974917716076675,586.4179643289417 7.609802179221222,46.974917716076675,556.4279643289417</coordinates>
                    </LinearRing>
                  </outerBoundaryIs>
                </Polygon>
                <Polygon>
                  <altitudeMode>absolute</altitudeMode>
                  <outerBoundaryIs>
                    <LinearRing>
                      <coordinates>7.609802179221222,46.974917716076675,556.4279643289417 7.609802179221222,46.974917716076675,586.4179643289417 7.610822051093243,46.974917716076675,586.4179643289417 7.610822051093243,46.974917716076675,556.4279643289417</coordinates>
                    </LinearRing>
                  </outerBoundaryIs>
                </Polygon>
                <Polygon>
                  <altitudeMode>absolute</altitudeMode>
                  <outerBoundaryIs>
                    <LinearRing>
                      <coordinates>7.610822051093243,46.974917716076675,556.4279643289417 7.610822051093243,46.974917716076675,586.4179643289417 7.610822051093243,46.974527407976495,586.4179643289417 7.610822051093243,46.974527407976495,556.4279643289417</coordinates>
                    </LinearRing>
                  </outerBoundaryIs>
                </Polygon>
                <Polygon>
                  <altitudeMode>absolute</altitudeMode>
                  <outerBoundaryIs>
                    <LinearRing>
                      <coordinates>7.610822051093243,46.974527407976495,556.4279643289417 7.610822051093243,46.974527407976495,586.4179643289417 7.609802179221222,46.974527407976495,586.4179643289417 7.609802179221222,46.974527407976495,556.4279643289417</coordinates>
                    </LinearRing>
                  </outerBoundaryIs>
                </Polygon>
              </MultiGeometry>
            </Placemark>
          </Folder>
          <Folder>
            <name>E108: uss1 astm.f3548.v21.uss.getOperationalIntentDetails</name>
            <Folder>
              <name>uss1's P0 Accepted ae83d376-2517-4ed2-93da-f8d16e1b87b6[1] @ FUqsKr-sRByV-PgJ4BUxSDWUoTno8RCiazrQqOTslTA_</name>
              <Placemark>
                <name>Nominal volume 0</name>
                <styleUrl>#F3548v21Accepted</styleUrl>
                <TimeSpan>
                  <begin>2026-10-08T16:10:30.211883+00:00</begin>
                  <end>2026-10-08T16:55:30.190995+00:00</end>
                </TimeSpan>
                <MultiGeometry>
                  <Polygon>
                    <altitudeMode>absolute</altitudeMode>
                    <outerBoundaryIs>
                      <LinearRing>
                        <coordinates>7.609802179221222,46.97461822864128,556.4279858037298 7.609827869925489,46.974917716076675,556.4279858037298 7.6107788759673,46.97487973190337,556.4279858037298 7.610822051093243,46.974527407976495,556.4279858037298</coordinates>
                      </LinearRing>
                    </outerBoundaryIs>
                  </Polygon>
                  <Polygon>
                    <altitudeMode>absolute</altitudeMode>
                    <outerBoundaryIs>
                      <LinearRing>
                        <coordinates>7.609802179221222,46.97461822864128,586.4179858037298 7.609827869925489,46.974917716076675,586.4179858037298 7.6107788759673,46.97487973190337,586.4179858037298 7.610822051093243,46.974527407976495,586.4179858037298</coordinates>
                      </LinearRing>
                    </outerBoundaryIs>
                  </Polygon>
                  <Polygon>
                    <altitudeMode>absolute</altitudeMode>
                    <outerBoundaryIs>
                      <LinearRing>
                        <coordinates>7.609802179221222,46.97461822864128,556.4279858037298 7.609802179221222,46.97461822864128,586.4179858037298 7.609827869925489,46.974917716076675,586.4179858037298 7.609827869925489,46.974917716076675,556.4279858037298</coordinates>
                      </LinearRing>
                    </outerBoundaryIs>
                  </Polygon>
                  <Polygon>
                    <altitudeMode>absolute</altitudeMode>
                    <outerBoundaryIs>
                      <LinearRing>
                        <coordinates>7.609827869925489,46.974917716076675,556.4279858037298 7.609827869925489,46.974917716076675,586.4179858037298 7.6107788759673,46.97487973190337,586.4179858037298 7.6107788759673,46.97487973190337,556.4279858037298</coordinates>
                      </LinearRing>
                    </outerBoundaryIs>
                  </Polygon>
                  <Polygon>
                    <altitudeMode>absolute</altitudeMode>
                    <outerBoundaryIs>
                      <LinearRing>
                        <coordinates>7.6107788759673,46.97487973190337,556.4279858037298 7.6107788759673,46.97487973190337,586.4179858037298 7.610822051093243,46.974527407976495,586.4179858037298 7.610822051093243,46.974527407976495,556.4279858037298</coordinates>
                      </LinearRing>
                    </outerBoundaryIs>
                  </Polygon>
                  <Polygon>
                    <altitudeMode>absolute</altitudeMode>
                    <outerBoundaryIs>
                      <LinearRing>
                        <coordinates>7.610822051093243,46.974527407976495,556.4279858037298 7.610822051093243,46.974527407976495,586.4179858037298 7.609802179221222,46.97461822864128,586.4179858037298 7.609802179221222,46.97461822864128,556.4279858037298</coordinates>
                      </LinearRing>
                    </outerBoundaryIs>
                  </Polygon>
                </MultiGeometry>
              </Placemark>
            </Folder>
          </Folder>
        </Folder>
      </Folder>
      <Folder>
        <name>Modify activated flight with pre-existing conflict</name>
        <Folder>
          <name>Delete Flight 2</name>
        </Folder>
        <Folder>
          <name>Activate Flight 1</name>
          <Folder>
            <name>E119: uss1 astm.f3548.v21.dss.queryOperationalIntentReferences</name>
            <Placemark>
              <name>area_of_interest</name>
              <styleUrl>#QueryArea</styleUrl>
              <description><![CDATA[<ul><li>uss1's Accepted ae83d376-2517-4ed2-93da-f8d16e1b87b6[1]</li></ul>]]></description>
              <TimeSpan>
                <begin>2026-10-08T16:10:29.713184+00:00</begin>
                <end>2026-10-08T16:55:30.713184+00:00</end>
              </TimeSpan>
              <MultiGeometry>
                <Polygon>
                  <altitudeMode>absolute</altitudeMode>
                  <outerBoundaryIs>
                    <LinearRing>
                      <coordinates>7.609802179221222,46.974527407976495,556.4379643289417 7.609802179221222,46.974917716076675,556.4379643289417 7.610822051093243,46.974917716076675,556.4379643289417 7.610822051093243,46.974527407976495,556.4379643289417</coordinates>
                    </LinearRing>
                  </outerBoundaryIs>
                </Polygon>
                <Polygon>
                  <altitudeMode>absolute</altitudeMode>
                  <outerBoundaryIs>
                    <LinearRing>
                      <coordinates>7.609802179221222,46.974527407976495,586.4179643289417 7.609802179221222,46.974917716076675,586.4179643289417 7.610822051093243,46.974917716076675,586.4179643289417 7.610822051093243,46.974527407976495,586.4179643289417</coordinates>
                    </LinearRing>
                  </outerBoundaryIs>
                </Polygon>
                <Polygon>
                  <altitudeMode>absolute</altitudeMode>
                  <outerBoundaryIs>
                    <LinearRing>
                      <coordinates>7.609802179221222,46.974527407976495,556.4379643289417 7.609802179221222,46.974527407976495,586.4179643289417 7.609802179221222,46.974917716076675,586.4179643289417 7.609802179221222,46.974917716076675,556.4379643289417</coordinates>
                    </LinearRing>
                  </outerBoundaryIs>
                </Polygon>
                <Polygon>
                  <altitudeMode>absolute</altitudeMode>
                  <outerBoundaryIs>
                    <LinearRing>
                      <coordinates>7.609802179221222,46.974917716076675,556.4379643289417 7.609802179221222,46.974917716076675,586.4179643289417 7.610822051093243,46.974917716076675,586.4179643289417 7.610822051093243,46.974917716076675,556.4379643289417</coordinates>
                    </LinearRing>
                  </outerBoundaryIs>
                </Polygon>
                <Polygon>
                  <altitudeMode>absolute</altitudeMode>
                  <outerBoundaryIs>
                    <LinearRing>
                      <coordinates>7.610822051093243,46.974917716076675,556.4379643289417 7.610822051093243,46.974917716076675,586.4179643289417 7.610822051093243,46.974527407976495,586.4179643289417 7.610822051093243,46.974527407976495,556.4379643289417</coordinates>
                    </LinearRing>
                  </outerBoundaryIs>
                </Polygon>
                <Polygon>
                  <altitudeMode>absolute</altitudeMode>
                  <outerBoundaryIs>
                    <LinearRing>
                      <coordinates>7.610822051093243,46.974527407976495,556.4379643289417 7.610822051093243,46.974527407976495,586.4179643289417 7.609802179221222,46.974527407976495,586.4179643289417 7.609802179221222,46.974527407976495,556.4379643289417</coordinates>
                    </LinearRing>
                  </outerBoundaryIs>
                </Polygon>
              </MultiGeometry>
            </Placemark>
          </Folder>
          <Folder>
            <name>E121: uss1 interuss.automated_testing.flight_planning.v1.UpsertFlightPlan</name>
            <Folder>
              <name>Activity Completed, flight OkToFly</name>
              <Placemark>
                <name>Volume 0</name>
                <styleUrl>#InUse_Nominal</styleUrl>
                <TimeSpan>
                  <begin>2026-10-08T16:10:29.713184+00:00</begin>
                  <end>2026-10-08T16:55:30.713184+00:00</end>
                </TimeSpan>
                <MultiGeometry>
                  <Polygon>
                    <altitudeMode>absolute</altitudeMode>
                    <outerBoundaryIs>
                      <LinearRing>
                        <coordinates>7.609802179221222,46.97461822864128,556.4379858037298 7.609827869925489,46.974917716076675,556.4379858037298 7.6107788759673,46.97487973190337,556.4379858037298 7.610822051093243,46.974527407976495,556.4379858037298</coordinates>
                      </LinearRing>
                    </outerBoundaryIs>
                  </Polygon>
                  <Polygon>
                    <altitudeMode>absolute</altitudeMode>
                    <outerBoundaryIs>
                      <LinearRing>
                        <coordinates>7.609802179221222,46.97461822864128,586.4179858037298 7.609827869925489,46.974917716076675,586.4179858037298 7.6107788759673,46.97487973190337,586.4179858037298 7.610822051093243,46.974527407976495,586.4179858037298</coordinates>
                      </LinearRing>
                    </outerBoundaryIs>
                  </Polygon>
                  <Polygon>
                    <altitudeMode>absolute</altitudeMode>
                    <outerBoundaryIs>
                      <LinearRing>
                        <coordinates>7.609802179221222,46.97461822864128,556.4379858037298 7.609802179221222,46.97461822864128,586.4179858037298 7.609827869925489,46.974917716076675,586.4179858037298 7.609827869925489,46.974917716076675,556.4379858037298</coordinates>
                      </LinearRing>
                    </outerBoundaryIs>
                  </Polygon>
                  <Polygon>
                    <altitudeMode>absolute</altitudeMode>
                    <outerBoundaryIs>
                      <LinearRing>
                        <coordinates>7.609827869925489,46.974917716076675,556.4379858037298 7.609827869925489,46.974917716076675,586.4179858037298 7.6107788759673,46.97487973190337,586.4179858037298 7.6107788759673,46.97487973190337,556.4379858037298</coordinates>
                      </LinearRing>
                    </outerBoundaryIs>
                  </Polygon>
                  <Polygon>
                    <altitudeMode>absolute</altitudeMode>
                    <outerBoundaryIs>
                      <LinearRing>
                        <coordinates>7.6107788759673,46.97487973190337,556.4379858037298 7.6107788759673,46.97487973190337,586.4179858037298 7.610822051093243,46.974527407976495,586.4179858037298 7.610822051093243,46.974527407976495,556.4379858037298</coordinates>
                      </LinearRing>
                    </outerBoundaryIs>
                  </Polygon>
                  <Polygon>
                    <altitudeMode>absolute</altitudeMode>
                    <outerBoundaryIs>
                      <LinearRing>
                        <coordinates>7.610822051093243,46.974527407976495,556.4379858037298 7.610822051093243,46.974527407976495,586.4179858037298 7.609802179221222,46.97461822864128,586.4179858037298 7.609802179221222,46.97461822864128,556.4379858037298</coordinates>
                      </LinearRing>
                    </outerBoundaryIs>
                  </Polygon>
                </MultiGeometry>
              </Placemark>
            </Folder>
          </Folder>
          <Folder>
            <name>E125: uss1 astm.f3548.v21.dss.queryOperationalIntentReferences</name>
            <Placemark>
              <name>area_of_interest</name>
              <styleUrl>#QueryArea</styleUrl>
              <description><![CDATA[<ul><li>uss1's Activated ae83d376-2517-4ed2-93da-f8d16e1b87b6[2]</li></ul>]]></description>
              <TimeSpan>
                <begin>2026-10-08T16:10:29.713184+00:00</begin>
                <end>2026-10-08T16:55:30.713184+00:00</end>
              </TimeSpan>
              <MultiGeometry>
                <Polygon>
                  <altitudeMode>absolute</altitudeMode>
                  <outerBoundaryIs>
                    <LinearRing>
                      <coordinates>7.609802179221222,46.974527407976495,556.4379643289417 7.609802179221222,46.974917716076675,556.4379643289417 7.610822051093243,46.974917716076675,556.4379643289417 7.610822051093243,46.974527407976495,556.4379643289417</coordinates>
                    </LinearRing>
                  </outerBoundaryIs>
                </Polygon>
                <Polygon>
                  <altitudeMode>absolute</altitudeMode>
                  <outerBoundaryIs>
                    <LinearRing>
                      <coordinates>7.609802179221222,46.974527407976495,586.4179643289417 7.609802179221222,46.974917716076675,586.4179643289417 7.610822051093243,46.974917716076675,586.4179643289417 7.610822051093243,46.974527407976495,586.4179643289417</coordinates>
                    </LinearRing>
                  </outerBoundaryIs>
                </Polygon>
                <Polygon>
                  <altitudeMode>absolute</altitudeMode>
                  <outerBoundaryIs>
                    <LinearRing>
                      <coordinates>7.609802179221222,46.974527407976495,556.4379643289417 7.609802179221222,46.974527407976495,586.4179643289417 7.609802179221222,46.974917716076675,586.4179643289417 7.609802179221222,46.974917716076675,556.4379643289417</coordinates>
                    </LinearRing>
                  </outerBoundaryIs>
                </Polygon>
                <Polygon>
                  <altitudeMode>absolute</altitudeMode>
                  <outerBoundaryIs>
                    <LinearRing>
                      <coordinates>7.609802179221222,46.974917716076675,556.4379643289417 7.609802179221222,46.974917716076675,586.4179643289417 7.610822051093243,46.974917716076675,586.4179643289417 7.610822051093243,46.974917716076675,556.4379643289417</coordinates>
                    </LinearRing>
                  </outerBoundaryIs>
                </Polygon>
                <Polygon>
                  <altitudeMode>absolute</altitudeMode>
                  <outerBoundaryIs>
                    <LinearRing>
                      <coordinates>7.610822051093243,46.974917716076675,556.4379643289417 7.610822051093243,46.974917716076675,586.4179643289417 7.610822051093243,46.974527407976495,586.4179643289417 7.610822051093243,46.974527407976495,556.4379643289417</coordinates>
                    </LinearRing>
                  </outerBoundaryIs>
                </Polygon>
                <Polygon>
                  <altitudeMode>absolute</altitudeMode>
                  <outerBoundaryIs>
                    <LinearRing>
                      <coordinates>7.610822051093243,46.974527407976495,556.4379643289417 7.610822051093243,46.974527407976495,586.4179643289417 7.609802179221222,46.974527407976495,586.4179643289417 7.609802179221222,46.974527407976495,556.4379643289417</coordinates>
                    </LinearRing>
                  </outerBoundaryIs>
                </Polygon>
              </MultiGeometry>
            </Placemark>
          </Folder>
          <Folder>
            <name>E130: uss1 astm.f3548.v21.uss.getOperationalIntentDetails</name>
            <Folder>
              <name>uss1's P0 Activated ae83d376-2517-4ed2-93da-f8d16e1b87b6[2] @ dePp.TmADO2bxOD7qbt3n1FH-qK1xWFupRQCtSsc1Kg_</name>
              <Placemark>
                <name>Nominal volume 0</name>
                <styleUrl>#F3548v21Activated</styleUrl>
                <TimeSpan>
                  <begin>2026-10-08T16:10:30.739025+00:00</begin>
                  <end>2026-10-08T16:55:30.713184+00:00</end>
                </TimeSpan>
                <MultiGeometry>
                  <Polygon>
                    <altitudeMode>absolute</altitudeMode>
                    <outerBoundaryIs>
                      <LinearRing>
                        <coordinates>7.609802179221222,46.97461822864128,556.4379858037298 7.609827869925489,46.974917716076675,556.4379858037298 7.6107788759673,46.97487973190337,556.4379858037298 7.610822051093243,46.974527407976495,556.4379858037298</coordinates>
                      </LinearRing>
                    </outerBoundaryIs>
                  </Polygon>
                  <Polygon>
                    <altitudeMode>absolute</altitudeMode>
                    <outerBoundaryIs>
                      <LinearRing>
                        <coordinates>7.609802179221222,46.97461822864128,586.4179858037298 7.609827869925489,46.974917716076675,586.4179858037298 7.6107788759673,46.97487973190337,586.4179858037298 7.610822051093243,46.974527407976495,586.4179858037298</coordinates>
                      </LinearRing>
                    </outerBoundaryIs>
                  </Polygon>
                  <Polygon>
                    <altitudeMode>absolute</altitudeMode>
                    <outerBoundaryIs>
                      <LinearRing>
                        <coordinates>7.609802179221222,46.97461822864128,556.4379858037298 7.609802179221222,46.97461822864128,586.4179858037298 7.609827869925489,46.974917716076675,586.4179858037298 7.609827869925489,46.974917716076675,556.4379858037298</coordinates>
                      </LinearRing>
                    </outerBoundaryIs>
                  </Polygon>
                  <Polygon>
                    <altitudeMode>absolute</altitudeMode>
                    <outerBoundaryIs>
                      <LinearRing>
                        <coordinates>7.609827869925489,46.974917716076675,556.4379858037298 7.609827869925489,46.974917716076675,586.4179858037298 7.6107788759673,46.97487973190337,586.4179858037298 7.6107788759673,46.97487973190337,556.4379858037298</coordinates>
                      </LinearRing>
                    </outerBoundaryIs>
                  </Polygon>
                  <Polygon>
                    <altitudeMode>absolute</altitudeMode>
                    <outerBoundaryIs>
                      <LinearRing>
                        <coordinates>7.6107788759673,46.97487973190337,556.4379858037298 7.6107788759673,46.97487973190337,586.4179858037298 7.610822051093243,46.974527407976495,586.4179858037298 7.610822051093243,46.974527407976495,556.4379858037298</coordinates>
                      </LinearRing>
                    </outerBoundaryIs>
                  </Polygon>
                  <Polygon>
                    <altitudeMode>absolute</altitudeMode>
                    <outerBoundaryIs>
                      <LinearRing>
                        <coordinates>7.610822051093243,46.974527407976495,556.4379858037298 7.610822051093243,46.974527407976495,586.4179858037298 7.609802179221222,46.97461822864128,586.4179858037298 7.609802179221222,46.97461822864128,556.4379858037298</coordinates>
                      </LinearRing>
                    </outerBoundaryIs>
                  </Polygon>
                </MultiGeometry>
              </Placemark>
            </Folder>
          </Folder>
        </Folder>
        <Folder>
          <name>Plan Flight 2</name>
          <Folder>
            <name>E139: uss1 astm.f3548.v21.dss.queryOperationalIntentReferences</name>
            <Placemark>
              <name>area_of_interest</name>
              <styleUrl>#QueryArea</styleUrl>
              <description><![CDATA[<ul><li>uss1's Activated ae83d376-2517-4ed2-93da-f8d16e1b87b6[2]</li></ul>]]></description>
              <TimeSpan>
                <begin>2026-10-08T16:10:29.847849+00:00</begin>
                <end>2026-10-08T16:55:30.847849+00:00</end>
              </TimeSpan>
              <MultiGeometry>
                <Polygon>
                  <altitudeMode>absolute</altitudeMode>
                  <outerBoundaryIs>
                    <LinearRing>
                      <coordinates>7.6097632790545635,46.97455954924581,555.348198665505 7.6097632790545635,46.97530826770323,555.348198665505 7.610344232558087,46.97530826770323,555.348198665505 7.610344232558087,46.97455954924581,555.348198665505</coordinates>
                    </LinearRing>
                  </outerBoundaryIs>
                </Polygon>
                <Polygon>
                  <altitudeMode>absolute</altitudeMode>
                  <outerBoundaryIs>
                    <LinearRing>
                      <coordinates>7.6097632790545635,46.97455954924581,584.4181986655051 7.6097632790545635,46.97530826770323,584.4181986655051 7.610344232558087,46.97530826770323,584.4181986655051 7.610344232558087,46.97455954924581,584.4181986655051</coordinates>
                    </LinearRing>
                  </outerBoundaryIs>
                </Polygon>
                <Polygon>
                  <altitudeMode>absolute</altitudeMode>
                  <outerBoundaryIs>
                    <LinearRing>
                      <coordinates>7.6097632790545635,46.97455954924581,555.348198665505 7.6097632790545635,46.97455954924581,584.4181986655051 7.6097632790545635,46.97530826770323,584.4181986655051 7.6097632790545635,46.97530826770323,555.348198665505</coordinates>
                    </LinearRing>
                  </outerBoundaryIs>
                </Polygon>
                <Polygon>
                  <altitudeMode>absolute</altitudeMode>
                  <outerBoundaryIs>
                    <LinearRing>
                      <coordinates>7.6097632790545635,46.97530826770323,555.348198665505 7.6097632790545635,46.97530826770323,584.4181986655051 7.610344232558087,46.97530826770323,584.4181986655051 7.610344232558087,46.97530826770323,555.348198665505</coordinates>
                    </LinearRing>
                  </outerBoundaryIs>
                </Polygon>
                <Polygon>
                  <altitudeMode>absolute</altitudeMode>
                  <outerBoundaryIs>
                    <LinearRing>
                      <coordinates>7.610344232558087,46.97530826770323,555.348198665505 7.610344232558087,46.97530826770323,584.4181986655051 7.610344232558087,46.97455954924581,584.4181986655051 7.610344232558087,46.97455954924581,555.348198665505</coordinates>
                    </LinearRing>
                  </outerBoundaryIs>
                </Polygon>
                <Polygon>
                  <altitudeMode>absolute</altitudeMode>
                  <outerBoundaryIs>
                    <LinearRing>
                      <coordinates>7.610344232558087,46.97455954924581,555.348198665505 7.610344232558087,46.97455954924581,584.4181986655051 7.6097632790545635,46.97455954924581,584.4181986655051 7.6097632790545635,46.97455954924581,555.348198665505</coordinates>
                    </LinearRing>
                  </outerBoundaryIs>
                </Polygon>
              </MultiGeometry>
            </Placemark>
          </Folder>
          <Folder>
            <name>E145: uss1 astm.f3548.v21.dss.queryOperationalIntentReferences</name>
            <Placemark>
              <name>area_of_interest</name>
              <styleUrl>#QueryArea</styleUrl>
              <description><![CDATA[<ul><li>uss1's Activated ae83d376-2517-4ed2-93da-f8d16e1b87b6[2]</li><li>uss2's Accepted e5633df8-f7d7-4bf5-9658-f12a457400db[1]</li></ul>]]></description>
              <TimeSpan>
                <begin>2026-10-08T16:10:29.847849+00:00</begin>
                <end>2026-10-08T16:55:30.847849+00:00</end>
              </TimeSpan>
              <MultiGeometry>
                <Polygon>
                  <altitudeMode>absolute</altitudeMode>
                  <outerBoundaryIs>
                    <LinearRing>
                      <coordinates>7.6097632790545635,46.97455954924581,555.348198665505 7.6097632790545635,46.97530826770323,555.348198665505 7.610344232558087,46.97530826770323,555.348198665505 7.610344232558087,46.97455954924581,555.348198665505</coordinates>
                    </LinearRing>
                  </outerBoundaryIs>
                </Polygon>
                <Polygon>
                  <altitudeMode>absolute</altitudeMode>
                  <outerBoundaryIs>
                    <LinearRing>
                      <coordinates>7.6097632790545635,46.97455954924581,584.4181986655051 7.6097632790545635,46.97530826770323,584.4181986655051 7.610344232558087,46.97530826770323,584.4181986655051 7.610344232558087,46.97455954924581,584.4181986655051</coordinates>
                    </LinearRing>
                  </outerBoundaryIs>
                </Polygon>
                <Polygon>
                  <altitudeMode>absolute</altitudeMode>
                  <outerBoundaryIs>
                    <LinearRing>
                      <coordinates>7.6097632790545635,46.97455954924581,555.348198665505 7.6097632790545635,46.97455954924581,584.4181986655051 7.6097632790545635,46.97530826770323,584.4181986655051 7.6097632790545635,46.97530826770323,555.348198665505</coordinates>
                    </LinearRing>
                  </outerBoundaryIs>
                </Polygon>
                <Polygon>
                  <altitudeMode>absolute</altitudeMode>
                  <outerBoundaryIs>
                    <LinearRing>
                      <coordinates>7.6097632790545635,46.97530826770323,555.348198665505 7.6097632790545635,46.97530826770323,584.4181986655051 7.610344232558087,46.97530826770323,584.4181986655051 7.610344232558087,46.97530826770323,555.348198665505</coordinates>
                    </LinearRing>
                  </outerBoundaryIs>
                </Polygon>
                <Polygon>
                  <altitudeMode>absolute</altitudeMode>
                  <outerBoundaryIs>
                    <LinearRing>
                      <coordinates>7.610344232558087,46.97530826770323,555.348198665505 7.610344232558087,46.97530826770323,584.4181986655051 7.610344232558087,46.97455954924581,584.4181986655051 7.610344232558087,46.97455954924581,555.348198665505</coordinates>
                    </LinearRing>
                  </outerBoundaryIs>
                </Polygon>
                <Polygon>
                  <altitudeMode>absolute</altitudeMode>
                  <outerBoundaryIs>
                    <LinearRing>
                      <coordinates>7.610344232558087,46.97455954924581,555.348198665505 7.610344232558087,46.97455954924581,584.4181986655051 7.6097632790545635,46.97455954924581,584.4181986655051 7.6097632790545635,46.97455954924581,555.348198665505</coordinates>
                    </LinearRing>
                  </outerBoundaryIs>
                </Polygon>
              </MultiGeometry>
            </Placemark>
          </Folder>
          <Folder>
            <name>E149: uss2 astm.f3548.v21.uss.getOperationalIntentDetails</name>
            <Folder>
              <name>uss2's P100 Accepted e5633df8-f7d7-4bf5-9658-f12a457400db[1] @ ctneEjWbdGKmMiF54yRbkEk8Uuo1QLq6zdWaFLmWQUQ_</name>
              <Placemark>
                <name>Nominal volume 0</name>
                <styleUrl>#F3548v21Accepted</styleUrl>
                <TimeSpan>
                  <begin>2026-10-08T16:10:30.871223+00:00</begin>
                  <end>2026-10-08T16:55:30.847849+00:00</end>
                </TimeSpan>
                <MultiGeometry>
                  <Polygon>
                    <altitudeMode>absolute</altitudeMode>
                    <outerBoundaryIs>
                      <LinearRing>
                        <coordinates>7.6097632790545635,46.97502046675935,555.3482426826405 7.610017359088783,46.97455954924581,555.3482426826405 7.610344232558087,46.974947178591606,555.3482426826405 7.610081589331281,46.97530826770323,555.3482426826405</coordinates>
                      </LinearRing>
                    </outerBoundaryIs>
                  </Polygon>
                  <Polygon>
                    <altitudeMode>absolute</altitudeMode>
                    <outerBoundaryIs>
                      <LinearRing>
                        <coordinates>7.6097632790545635,46.97502046675935,584.4182426826405 7.610017359088783,46.97455954924581,584.4182426826405 7.610344232558087,46.974947178591606,584.4182426826405 7.610081589331281,46.97530826770323,584.4182426826405</coordinates>
                      </LinearRing>
                    </outerBoundaryIs>
                  </Polygon>
                  <Polygon>
                    <altitudeMode>absolute</altitudeMode>
                    <outerBoundaryIs>
                      <LinearRing>
                        <coordinates>7.6097632790545635,46.97502046675935,555.3482426826405 7.6097632790545635,46.97502046675935,584.4182426826405 7.610017359088783,46.97455954924581,584.4182426826405 7.610017359088783,46.97455954924581,555.3482426826405</coordinates>
                      </LinearRing>
                    </outerBoundaryIs>
                  </Polygon>
                  <Polygon>
                    <altitudeMode>absolute</altitudeMode>
                    <outerBoundaryIs>
                      <LinearRing>
                        <coordinates>7.610017359088783,46.97455954924581,555.3482426826405 7.610017359088783,46.97455954924581,584.4182426826405 7.610344232558087,46.974947178591606,584.4182426826405 7.610344232558087,46.974947178591606,555.3482426826405</coordinates>
                      </LinearRing>
                    </outerBoundaryIs>
                  </Polygon>
                  <Polygon>
                    <altitudeMode>absolute</altitudeMode>
                    <outerBoundaryIs>
                      <LinearRing>
                        <coordinates>7.610344232558087,46.974947178591606,555.3482426826405 7.610344232558087,46.974947178591606,584.4182426826405 7.610081589331281,46.97530826770323,584.4182426826405 7.610081589331281,46.97530826770323,555.3482426826405</coordinates>
                      </LinearRing>
                    </outerBoundaryIs>
                  </Polygon>
                  <Polygon>
                    <altitudeMode>absolute</altitudeMode>
                    <outerBoundaryIs>
                      <LinearRing>
                        <coordinates>7.610081589331281,46.97530826770323,555.3482426826405 7.610081589331281,46.97530826770323,584.4182426826405 7.6097632790545635,46.97502046675935,584.4182426826405 7.6097632790545635,46.97502046675935,555.3482426826405</coordinates>
                      </LinearRing>
                    </outerBoundaryIs>
                  </Polygon>
                </MultiGeometry>
              </Placemark>
            </Folder>
          </Folder>
        </Folder>
        <Folder>
          <name>Activate Flight 2</name>
          <Folder>
            <name>E162: uss1 astm.f3548.v21.dss.queryOperationalIntentReferences</name>
            <Placemark>
              <name>area_of_interest</name>
              <styleUrl>#QueryArea</styleUrl>
              <description><![CDATA[<ul><li>uss1's Activated ae83d376-2517-4ed2-93da-f8d16e1b87b6[2]</li><li>uss2's Accepted e5633df8-f7d7-4bf5-9658-f12a457400db[1]</li></ul>]]></description>
              <TimeSpan>
                <begin>2026-10-08T16:10:30.009814+00:00</begin>
                <end>2026-10-08T16:55:31.009814+00:00</end>
              </TimeSpan>
              <MultiGeometry>
                <Polygon>
                  <altitudeMode>absolute</altitudeMode>
                  <outerBoundaryIs>
                    <LinearRing>
                      <coordinates>7.6097632790545635,46.97455954924581,556.4981986655051 7.6097632790545635,46.97530826770323,556.4981986655051 7.610344232558087,46.97530826770323,556.4981986655051 7.610344232558087,46.97455954924581,556.4981986655051</coordinates>
                    </LinearRing>
                  </outerBoundaryIs>
                </Polygon>
                <Polygon>
                  <altitudeMode>absolute</altitudeMode>
                  <outerBoundaryIs>
                    <LinearRing>
                      <coordinates>7.6097632790545635,46.97455954924581,584.4181986655051 7.6097632790545635,46.97530826770323,584.4181986655051 7.610344232558087,46.97530826770323,584.4181986655051 7.610344232558087,46.97455954924581,584.4181986655051</coordinates>
                    </LinearRing>
                  </outerBoundaryIs>
                </Polygon>
                <Polygon>
                  <altitudeMode>absolute</altitudeMode>
                  <outerBoundaryIs>
                    <LinearRing>
                      <coordinates>7.6097632790545635,46.97455954924581,556.4981986655051 7.6097632790545635,46.97455954924581,584.4181986655051 7.6097632790545635,46.97530826770323,584.4181986655051 7.6097632790545635,46.97530826770323,556.4981986655051</coordinates>
                    </LinearRing>
                  </outerBoundaryIs>
                </Polygon>
                <Polygon>
                  <altitudeMode>absolute</altitudeMode>
                  <outerBoundaryIs>
                    <LinearRing>
                      <coordinates>7.6097632790545635,46.97530826770323,556.4981986655051 7.6097632790545635,46.97530826770323,584.4181986655051 7.610344232558087,46.97530826770323,584.4181986655051 7.610344232558087,46.97530826770323,556.4981986655051</coordinates>
                    </LinearRing>
                  </outerBoundaryIs>
                </Polygon>
                <Polygon>
                  <altitudeMode>absolute</altitudeMode>
                  <outerBoundaryIs>
                    <LinearRing>
                      <coordinates>7.610344232558087,46.97530826770323,556.4981986655051 7.610344232558087,46.97530826770323,584.4181986655051 7.610344232558087,46.97455954924581,584.4181986655051 7.610344232558087,46.97455954924581,556.4981986655051</coordinates>
                    </LinearRing>
                  </outerBoundaryIs>
                </Polygon>
                <Polygon>
                  <altitudeMode>absolute</altitudeMode>
                  <outerBoundaryIs>
                    <LinearRing>
                      <coordinates>7.610344232558087,46.97455954924581,556.4981986655051 7.610344232558087,46.97455954924581,584.4181986655051 7.6097632790545635,46.97455954924581,584.4181986655051 7.6097632790545635,46.97455954924581,556.4981986655051</coordinates>
                    </LinearRing>
                  </outerBoundaryIs>
                </Polygon>
              </MultiGeometry>
            </Placemark>
          </Folder>
          <Folder>
            <name>E168: uss1 astm.f3548.v21.dss.queryOperationalIntentReferences</name>
            <Placemark>
              <name>area_of_interest</name>
              <styleUrl>#QueryArea</styleUrl>
              <description><![CDATA[<ul><li>uss1's Activated ae83d376-2517-4ed2-93da-f8d16e1b87b6[2]</li><li>uss2's Activated e5633df8-f7d7-4bf5-9658-f12a457400db[2]</li></ul>]]></description>
              <TimeSpan>
                <begin>2026-10-08T16:10:30.009814+00:00</begin>
                <end>2026-10-08T16:55:31.009814+00:00</end>
              </TimeSpan>
              <MultiGeometry>
                <Polygon>
                  <altitudeMode>absolute</altitudeMode>
                  <outerBoundaryIs>
                    <LinearRing>
                      <coordinates>7.6097632790545635,46.97455954924581,556.4981986655051 7.6097632790545635,46.97530826770323,556.4981986655051 7.610344232558087,46.97530826770323,556.4981986655051 7.610344232558087,46.97455954924581,556.4981986655051</coordinates>
                    </LinearRing>
                  </outerBoundaryIs>
                </Polygon>
                <Polygon>
                  <altitudeMode>absolute</altitudeMode>
                  <outerBoundaryIs>
                    <LinearRing>
                      <coordinates>7.6097632790545635,46.97455954924581,584.4181986655051 7.6097632790545635,46.97530826770323,584.4181986655051 7.610344232558087,46.97530826770323,584.4181986655051 7.610344232558087,46.97455954924581,584.4181986655051</coordinates>
                    </LinearRing>
                  </outerBoundaryIs>
                </Polygon>
                <Polygon>
                  <altitudeMode>absolute</altitudeMode>
                  <outerBoundaryIs>
                    <LinearRing>
                      <coordinates>7.6097632790545635,46.97455954924581,556.4981986655051 7.6097632790545635,46.97455954924581,584.4181986655051 7.6097632790545635,46.97530826770323,584.4181986655051 7.6097632790545635,46.97530826770323,556.4981986655051</coordinates>
                    </LinearRing>
                  </outerBoundaryIs>
                </Polygon>
                <Polygon>
                  <altitudeMode>absolute</altitudeMode>
                  <outerBoundaryIs>
                    <LinearRing>
                      <coordinates>7.6097632790545635,46.97530826770323,556.4981986655051 7.6097632790545635,46.97530826770323,584.4181986655051 7.610344232558087,46.97530826770323,584.4181986655051 7.610344232558087,46.97530826770323,556.4981986655051</coordinates>
                    </LinearRing>
                  </outerBoundaryIs>
                </Polygon>
                <Polygon>
                  <altitudeMode>absolute</altitudeMode>
                  <outerBoundaryIs>
                    <LinearRing>
                      <coordinates>7.610344232558087,46.97530826770323,556.4981986655051 7.610344232558087,46.97530826770323,584.4181986655051 7.610344232558087,46.97455954924581,584.4181986655051 7.610344232558087,46.97455954924581,556.4981986655051</coordinates>
                    </LinearRing>
                  </outerBoundaryIs>
                </Polygon>
                <Polygon>
                  <altitudeMode>absolute</altitudeMode>
                  <outerBoundaryIs>
                    <LinearRing>
                      <coordinates>7.610344232558087,46.97455954924581,556.4981986655051 7.610344232558087,46.97455954924581,584.4181986655051 7.6097632790545635,46.97455954924581,584.4181986655051 7.6097632790545635,46.97455954924581,556.4981986655051</coordinates>
                    </LinearRing>
                  </outerBoundaryIs>
                </Polygon>
              </MultiGeometry>
            </Placemark>
          </Folder>
          <Folder>
            <name>E173: uss2 astm.f3548.v21.uss.getOperationalIntentDetails</name>
            <Folder>
              <name>uss2's P100 Activated e5633df8-f7d7-4bf5-9658-f12a457400db[2] @ asXMdr4DZVQLsE2WFIPmL5Fru2Z9sLDErQsvGhdjEu8_</name>
              <Placemark>
                <name>Nominal volume 0</name>
                <styleUrl>#F3548v21Activated</styleUrl>
                <TimeSpan>
                  <begin>2026-10-08T16:10:31.035990+00:00</begin>
                  <end>2026-10-08T16:55:31.009814+00:00</end>
                </TimeSpan>
                <MultiGeometry>
                  <Polygon>
                    <altitudeMode>absolute</altitudeMode>
                    <outerBoundaryIs>
                      <LinearRing>
                        <coordinates>7.6097632790545635,46.97502046675935,556.4982426826406 7.610017359088783,46.97455954924581,556.4982426826406 7.610344232558087,46.974947178591606,556.4982426826406 7.610081589331281,46.97530826770323,556.4982426826406</coordinates>
                      </LinearRing>
                    </outerBoundaryIs>
                  </Polygon>
                  <Polygon>
                    <altitudeMode>absolute</altitudeMode>
                    <outerBoundaryIs>
                      <LinearRing>
                        <coordinates>7.6097632790545635,46.97502046675935,584.4182426826405 7.610017359088783,46.97455954924581,584.4182426826405 7.610344232558087,46.974947178591606,584.4182426826405 7.610081589331281,46.97530826770323,584.4182426826405</coordinates>
                      </LinearRing>
                    </outerBoundaryIs>
                  </Polygon>
                  <Polygon>
                    <altitudeMode>absolute</altitudeMode>
                    <outerBoundaryIs>
                      <LinearRing>
                        <coordinates>7.6097632790545635,46.97502046675935,556.4982426826406 7.6097632790545635,46.97502046675935,584.4182426826405 7.610017359088783,46.97455954924581,584.4182426826405 7.610017359088783,46.97455954924581,556.4982426826406</coordinates>
                      </LinearRing>
                    </outerBoundaryIs>
                  </Polygon>
                  <Polygon>
                    <altitudeMode>absolute</altitudeMode>
                    <outerBoundaryIs>
                      <LinearRing>
                        <coordinates>7.610017359088783,46.97455954924581,556.4982426826406 7.610017359088783,46.97455954924581,584.4182426826405 7.610344232558087,46.974947178591606,584.4182426826405 7.610344232558087,46.974947178591606,556.4982426826406</coordinates>
                      </LinearRing>
                    </outerBoundaryIs>
                  </Polygon>
                  <Polygon>
                    <altitudeMode>absolute</altitudeMode>
                    <outerBoundaryIs>
                      <LinearRing>
                        <coordinates>7.610344232558087,46.974947178591606,556.4982426826406 7.610344232558087,46.974947178591606,584.4182426826405 7.610081589331281,46.97530826770323,584.4182426826405 7.610081589331281,46.97530826770323,556.4982426826406</coordinates>
                      </LinearRing>
                    </outerBoundaryIs>
                  </Polygon>
                  <Polygon>
                    <altitudeMode>absolute</altitudeMode>
                    <outerBoundaryIs>
                      <LinearRing>
                        <coordinates>7.610081589331281,46.97530826770323,556.4982426826406 7.610081589331281,46.97530826770323,584.4182426826405 7.6097632790545635,46.97502046675935,584.4182426826405 7.6097632790545635,46.97502046675935,556.4982426826406</coordinates>
                      </LinearRing>
                    </outerBoundaryIs>
                  </Polygon>
                </MultiGeometry>
              </Placemark>
            </Folder>
          </Folder>
        </Folder>
        <Folder>
          <name>Check for conflict notifications</name>
        </Folder>
        <Folder>
          <name>Modify activated Flight 1 in conflict with activated Flight 2</name>
          <Folder>
            <name>E186: uss1 astm.f3548.v21.dss.queryOperationalIntentReferences</name>
            <Placemark>
              <name>area_of_interest</name>
              <styleUrl>#QueryArea</styleUrl>
              <description><![CDATA[<ul><li>uss1's Activated ae83d376-2517-4ed2-93da-f8d16e1b87b6[2]</li><li>uss2's Activated e5633df8-f7d7-4bf5-9658-f12a457400db[2]</li></ul>]]></description>
              <TimeSpan>
                <begin>2026-10-08T16:10:30.175009+00:00</begin>
                <end>2026-10-08T16:55:31.175009+00:00</end>
              </TimeSpan>
              <MultiGeometry>
                <Polygon>
                  <altitudeMode>absolute</altitudeMode>
                  <outerBoundaryIs>
                    <LinearRing>
                      <coordinates>7.609802179221222,46.974527407976495,526.3679643289418 7.609802179221222,46.974917716076675,526.3679643289418 7.610822051093243,46.974917716076675,526.3679643289418 7.610822051093243,46.974527407976495,526.3679643289418</coordinates>
                    </LinearRing>
                  </outerBoundaryIs>
                </Polygon>
                <Polygon>
                  <altitudeMode>absolute</altitudeMode>
                  <outerBoundaryIs>
                    <LinearRing>
                      <coordinates>7.609802179221222,46.974527407976495,586.4179643289417 7.609802179221222,46.974917716076675,586.4179643289417 7.610822051093243,46.974917716076675,586.4179643289417 7.610822051093243,46.974527407976495,586.4179643289417</coordinates>
                    </LinearRing>
                  </outerBoundaryIs>
                </Polygon>
                <Polygon>
                  <altitudeMode>absolute</altitudeMode>
                  <outerBoundaryIs>
                    <LinearRing>
                      <coordinates>7.609802179221222,46.974527407976495,526.3679643289418 7.609802179221222,46.974527407976495,586.4179643289417 7.609802179221222,46.974917716076675,586.4179643289417 7.609802179221222,46.974917716076675,526.3679643289418</coordinates>
                    </LinearRing>
                  </outerBoundaryIs>
                </Polygon>
                <Polygon>
                  <altitudeMode>absolute</altitudeMode>
                  <outerBoundaryIs>
                    <LinearRing>
                      <coordinates>7.609802179221222,46.974917716076675,526.3679643289418 7.609802179221222,46.974917716076675,586.4179643289417 7.610822051093243,46.974917716076675,586.4179643289417 7.610822051093243,46.974917716076675,526.3679643289418</coordinates>
                    </LinearRing>
                  </outerBoundaryIs>
                </Polygon>
                <Polygon>
                  <altitudeMode>absolute</altitudeMode>
                  <outerBoundaryIs>
                    <LinearRing>
                      <coordinates>7.610822051093243,46.974917716076675,526.3679643289418 7.610822051093243,46.974917716076675,586.4179643289417 7.610822051093243,46.974527407976495,586.4179643289417 7.610822051093243,46.974527407976495,526.3679643289418</coordinates>
                    </LinearRing>
                  </outerBoundaryIs>
                </Polygon>
                <Polygon>
                  <altitudeMode>absolute</altitudeMode>
                  <outerBoundaryIs>
                    <LinearRing>
                      <coordinates>7.610822051093243,46.974527407976495,526.3679643289418 7.610822051093243,46.974527407976495,586.4179643289417 7.609802179221222,46.974527407976495,586.4179643289417 7.609802179221222,46.974527407976495,526.3679643289418</coordinates>
                    </LinearRing>
                  </outerBoundaryIs>
                </Polygon>
              </MultiGeometry>
            </Placemark>
          </Folder>
          <Folder>
            <name>E188: uss1 interuss.automated_testing.flight_planning.v1.UpsertFlightPlan</name>
            <Folder>
              <name>Activity Completed, flight OkToFly</name>
              <Placemark>
                <name>Volume 0</name>
                <styleUrl>#InUse_Nominal</styleUrl>
                <TimeSpan>
                  <begin>2026-10-08T16:10:30.175009+00:00</begin>
                  <end>2026-10-08T16:55:31.175009+00:00</end>
                </TimeSpan>
                <MultiGeometry>
                  <Polygon>
                    <altitudeMode>absolute</altitudeMode>
                    <outerBoundaryIs>
                      <LinearRing>
                        <coordinates>7.61016794889421,46.97460362035746,526.3680780310995 7.610193641639914,46.97490310771105,526.3680780310995 7.6107788759673,46.97487973190337,526.3680780310995 7.610822051093243,46.974527407976495,526.3680780310995</coordinates>
                      </LinearRing>
                    </outerBoundaryIs>
                  </Polygon>
                  <Polygon>
                    <altitudeMode>absolute</altitudeMode>
                    <outerBoundaryIs>
                      <LinearRing>
                        <coordinates>7.61016794889421,46.97460362035746,586.4180780310994 7.610193641639914,46.97490310771105,586.4180780310994 7.6107788759673,46.97487973190337,586.4180780310994 7.610822051093243,46.974527407976495,586.4180780310994</coordinates>
                      </LinearRing>
                    </outerBoundaryIs>
                  </Polygon>
                  <Polygon>
                    <altitudeMode>absolute</altitudeMode>
                    <outerBoundaryIs>
                      <LinearRing>
                        <coordinates>7.61016794889421,46.97460362035746,526.3680780310995 7.61016794889421,46.97460362035746,586.4180780310994 7.610193641639914,46.97490310771105,586.4180780310994 7.610193641639914,46.97490310771105,526.3680780310995</coordinates>
                      </LinearRing>
                    </outerBoundaryIs>
                  </Polygon>
                  <Polygon>
                    <altitudeMode>absolute</altitudeMode>
                    <outerBoundaryIs>
                      <LinearRing>
                        <coordinates>7.610193641639914,46.97490310771105,526.3680780310995 7.610193641639914,46.97490310771105,586.4180780310994 7.6107788759673,46.97487973190337,586.4180780310994 7.6107788759673,46.97487973190337,526.3680780310995</coordinates>
                      </LinearRing>
                    </outerBoundaryIs>
                  </Polygon>
                  <Polygon>
                    <altitudeMode>absolute</altitudeMode>
                    <outerBoundaryIs>
                      <LinearRing>
                        <coordinates>7.6107788759673,46.97487973190337,526.3680780310995 7.6107788759673,46.97487973190337,586.4180780310994 7.610822051093243,46.974527407976495,586.4180780310994 7.610822051093243,46.974527407976495,526.3680780310995</coordinates>
                      </LinearRing>
                    </outerBoundaryIs>
                  </Polygon>
                  <Polygon>
                    <altitudeMode>absolute</altitudeMode>
                    <outerBoundaryIs>
                      <LinearRing>
                        <coordinates>7.610822051093243,46.974527407976495,526.3680780310995 7.610822051093243,46.974527407976495,586.4180780310994 7.61016794889421,46.97460362035746,586.4180780310994 7.61016794889421,46.97460362035746,526.3680780310995</coordinates>
                      </LinearRing>
                    </outerBoundaryIs>
                  </Polygon>
                </MultiGeometry>
              </Placemark>
            </Folder>
          </Folder>
          <Folder>
            <name>E193: uss1 astm.f3548.v21.dss.queryOperationalIntentReferences</name>
            <Placemark>
              <name>area_of_interest</name>
              <styleUrl>#QueryArea</styleUrl>
              <description><![CDATA[<ul><li>uss1's Activated ae83d376-2517-4ed2-93da-f8d16e1b87b6[3]</li><li>uss2's Activated e5633df8-f7d7-4bf5-9658-f12a457400db[2]</li></ul>]]></description>
              <TimeSpan>
                <begin>2026-10-08T16:10:30.175009+00:00</begin>
                <end>2026-10-08T16:55:31.175009+00:00</end>
              </TimeSpan>
              <MultiGeometry>
                <Polygon>
                  <altitudeMode>absolute</altitudeMode>
                  <outerBoundaryIs>
                    <LinearRing>
                      <coordinates>7.609802179221222,46.974527407976495,526.3679643289418 7.609802179221222,46.974917716076675,526.3679643289418 7.610822051093243,46.974917716076675,526.3679643289418 7.610822051093243,46.974527407976495,526.3679643289418</coordinates>
                    </LinearRing>
                  </outerBoundaryIs>
                </Polygon>
                <Polygon>
                  <altitudeMode>absolute</altitudeMode>
                  <outerBoundaryIs>
                    <LinearRing>
                      <coordinates>7.609802179221222,46.974527407976495,586.4179643289417 7.609802179221222,46.974917716076675,586.4179643289417 7.610822051093243,46.974917716076675,586.4179643289417 7.610822051093243,46.974527407976495,586.4179643289417</coordinates>
                    </LinearRing>
                  </outerBoundaryIs>
                </Polygon>
                <Polygon>
                  <altitudeMode>absolute</altitudeMode>
                  <outerBoundaryIs>
                    <LinearRing>
                      <coordinates>7.609802179221222,46.974527407976495,526.3679643289418 7.609802179221222,46.974527407976495,586.4179643289417 7.609802179221222,46.974917716076675,586.4179643289417 7.609802179221222,46.974917716076675,526.3679643289418</coordinates>
                    </LinearRing>
                  </outerBoundaryIs>
                </Polygon>
                <Polygon>
                  <altitudeMode>absolute</altitudeMode>
                  <outerBoundaryIs>
                    <LinearRing>
                      <coordinates>7.609802179221222,46.974917716076675,526.3679643289418 7.609802179221222,46.974917716076675,586.4179643289417 7.610822051093243,46.974917716076675,586.4179643289417 7.610822051093243,46.974917716076675,526.3679643289418</coordinates>
                    </LinearRing>
                  </outerBoundaryIs>
                </Polygon>
                <Polygon>
                  <altitudeMode>absolute</altitudeMode>
                  <outerBoundaryIs>
                    <LinearRing>
                      <coordinates>7.610822051093243,46.974917716076675,526.3679643289418 7.610822051093243,46.974917716076675,586.4179643289417 7.610822051093243,46.974527407976495,586.4179643289417 7.610822051093243,46.974527407976495,526.3679643289418</coordinates>
                    </LinearRing>
                  </outerBoundaryIs>
                </Polygon>
                <Polygon>
                  <altitudeMode>absolute</altitudeMode>
                  <outerBoundaryIs>
                    <LinearRing>
                      <coordinates>7.610822051093243,46.974527407976495,526.3679643289418 7.610822051093243,46.974527407976495,586.4179643289417 7.609802179221222,46.974527407976495,586.4179643289417 7.609802179221222,46.974527407976495,526.3679643289418</coordinates>
                    </LinearRing>
                  </outerBoundaryIs>
                </Polygon>
              </MultiGeometry>
            </Placemark>
          </Folder>
          <Folder>
            <name>E198: uss1 astm.f3548.v21.uss.getOperationalIntentDetails</name>
            <Folder>
              <name>uss1's P0 Activated ae83d376-2517-4ed2-93da-f8d16e1b87b6[3] @ jXSwPUPhbOrrwJydUe01QMbITt7Hzu98ZAY04wgvulU_</name>
              <Placemark>
                <name>Nominal volume 0</name>
                <styleUrl>#F3548v21Activated</styleUrl>
                <TimeSpan>
                  <begin>2026-10-08T16:10:31.204736+00:00</begin>
                  <end>2026-10-08T16:55:31.175009+00:00</end>
                </TimeSpan>
                <MultiGeometry>
                  <Polygon>
                    <altitudeMode>absolute</altitudeMode>
                    <outerBoundaryIs>
                      <LinearRing>
                        <coordinates>7.61016794889421,46.97460362035746,526.3680780310995 7.610193641639914,46.97490310771105,526.3680780310995 7.6107788759673,46.97487973190337,526.3680780310995 7.610822051093243,46.974527407976495,526.3680780310995</coordinates>
                      </LinearRing>
                    </outerBoundaryIs>
                  </Polygon>
                  <Polygon>
                    <altitudeMode>absolute</altitudeMode>
                    <outerBoundaryIs>
                      <LinearRing>
                        <coordinates>7.61016794889421,46.97460362035746,586.4180780310994 7.610193641639914,46.97490310771105,586.4180780310994 7.6107788759673,46.97487973190337,586.4180780310994 7.610822051093243,46.974527407976495,586.4180780310994</coordinates>
                      </LinearRing>
                    </outerBoundaryIs>
                  </Polygon>
                  <Polygon>
                    <altitudeMode>absolute</altitudeMode>
                    <outerBoundaryIs>
                      <LinearRing>
                        <coordinates>7.61016794889421,46.97460362035746,526.3680780310995 7.61016794889421,46.97460362035746,586.4180780310994 7.610193641639914,46.97490310771105,586.4180780310994 7.610193641639914,46.97490310771105,526.3680780310995</coordinates>
                      </LinearRing>
                    </outerBoundaryIs>
                  </Polygon>
                  <Polygon>
                    <altitudeMode>absolute</altitudeMode>
                    <outerBoundaryIs>
                      <LinearRing>
                        <coordinates>7.610193641639914,46.97490310771105,526.3680780310995 7.610193641639914,46.97490310771105,586.4180780310994 7.6107788759673,46.97487973190337,586.4180780310994 7.6107788759673,46.97487973190337,526.3680780310995</coordinates>
                      </LinearRing>
                    </outerBoundaryIs>
                  </Polygon>
                  <Polygon>
                    <altitudeMode>absolute</altitudeMode>
                    <outerBoundaryIs>
                      <LinearRing>
                        <coordinates>7.6107788759673,46.97487973190337,526.3680780310995 7.6107788759673,46.97487973190337,586.4180780310994 7.610822051093243,46.974527407976495,586.4180780310994 7.610822051093243,46.974527407976495,526.3680780310995</coordinates>
                      </LinearRing>
                    </outerBoundaryIs>
                  </Polygon>
                  <Polygon>
                    <altitudeMode>absolute</altitudeMode>
                    <outerBoundaryIs>
                      <LinearRing>
                        <coordinates>7.610822051093243,46.974527407976495,526.3680780310995 7.610822051093243,46.974527407976495,586.4180780310994 7.61016794889421,46.97460362035746,586.4180780310994 7.61016794889421,46.97460362035746,526.3680780310995</coordinates>
                      </LinearRing>
                    </outerBoundaryIs>
                  </Polygon>
                </MultiGeometry>
              </Placemark>
            </Folder>
          </Folder>
        </Folder>
      </Folder>
      <Folder>
        <name>Attempt to modify activated flight into conflict</name>
        <Folder>
          <name>Modify activated Flight 2 to not conflict with activated Flight 1</name>
          <Folder>
            <name>E207: uss1 astm.f3548.v21.dss.queryOperationalIntentReferences</name>
            <Placemark>
              <name>area_of_interest</name>
              <styleUrl>#QueryArea</styleUrl>
              <description><![CDATA[<ul><li>uss1's Activated ae83d376-2517-4ed2-93da-f8d16e1b87b6[3]</li><li>uss2's Activated e5633df8-f7d7-4bf5-9658-f12a457400db[2]</li></ul>]]></description>
              <TimeSpan>
                <begin>2026-10-08T16:10:30.352247+00:00</begin>
                <end>2026-10-08T16:55:31.352247+00:00</end>
              </TimeSpan>
              <MultiGeometry>
                <Polygon>
                  <altitudeMode>absolute</altitudeMode>
                  <outerBoundaryIs>
                    <LinearRing>
                      <coordinates>7.6097632790545635,46.97493549067684,553.3286241566459 7.6097632790545635,46.97530826770323,553.3286241566459 7.610636849993973,46.97530826770323,553.3286241566459 7.610636849993973,46.97493549067684,553.3286241566459</coordinates>
                    </LinearRing>
                  </outerBoundaryIs>
                </Polygon>
                <Polygon>
                  <altitudeMode>absolute</altitudeMode>
                  <outerBoundaryIs>
                    <LinearRing>
                      <coordinates>7.6097632790545635,46.97493549067684,606.4186241566459 7.6097632790545635,46.97530826770323,606.4186241566459 7.610636849993973,46.97530826770323,606.4186241566459 7.610636849993973,46.97493549067684,606.4186241566459</coordinates>
                    </LinearRing>
                  </outerBoundaryIs>
                </Polygon>
                <Polygon>
                  <altitudeMode>absolute</altitudeMode>
                  <outerBoundaryIs>
                    <LinearRing>
                      <coordinates>7.6097632790545635,46.97493549067684,553.3286241566459 7.6097632790545635,46.97493549067684,606.4186241566459 7.6097632790545635,46.97530826770323,606.4186241566459 7.6097632790545635,46.97530826770323,553.3286241566459</coordinates>
                    </LinearRing>
                  </outerBoundaryIs>
                </Polygon>
                <Polygon>
                  <altitudeMode>absolute</altitudeMode>
                  <outerBoundaryIs>
                    <LinearRing>
                      <coordinates>7.6097632790545635,46.97530826770323,553.3286241566459 7.6097632790545635,46.97530826770323,606.4186241566459 7.610636849993973,46.97530826770323,606.4186241566459 7.610636849993973,46.97530826770323,553.3286241566459</coordinates>
                    </LinearRing>
                  </outerBoundaryIs>
                </Polygon>
                <Polygon>
                  <altitudeMode>absolute</altitudeMode>
                  <outerBoundaryIs>
                    <LinearRing>
                      <coordinates>7.610636849993973,46.97530826770323,553.3286241566459 7.610636849993973,46.97530826770323,606.4186241566459 7.610636849993973,46.97493549067684,606.4186241566459 7.610636849993973,46.97493549067684,553.3286241566459</coordinates>
                    </LinearRing>
                  </outerBoundaryIs>
                </Polygon>
                <Polygon>
                  <altitudeMode>absolute</altitudeMode>
                  <outerBoundaryIs>
                    <LinearRing>
                      <coordinates>7.610636849993973,46.97493549067684,553.3286241566459 7.610636849993973,46.97493549067684,606.4186241566459 7.6097632790545635,46.97493549067684,606.4186241566459 7.6097632790545635,46.97493549067684,553.3286241566459</coordinates>
                    </LinearRing>
                  </outerBoundaryIs>
                </Polygon>
              </MultiGeometry>
            </Placemark>
          </Folder>
          <Folder>
            <name>E213: uss1 astm.f3548.v21.dss.queryOperationalIntentReferences</name>
            <Placemark>
              <name>area_of_interest</name>
              <styleUrl>#QueryArea</styleUrl>
              <description><![CDATA[<ul><li>uss1's Activated ae83d376-2517-4ed2-93da-f8d16e1b87b6[3]</li><li>uss2's Activated e5633df8-f7d7-4bf5-9658-f12a457400db[3]</li></ul>]]></description>
              <TimeSpan>
                <begin>2026-10-08T16:10:30.352247+00:00</begin>
                <end>2026-10-08T16:55:31.352247+00:00</end>
              </TimeSpan>
              <MultiGeometry>
                <Polygon>
                  <altitudeMode>absolute</altitudeMode>
                  <outerBoundaryIs>
                    <LinearRing>
                      <coordinates>7.6097632790545635,46.97493549067684,553.3286241566459 7.6097632790545635,46.97530826770323,553.3286241566459 7.610636849993973,46.97530826770323,553.3286241566459 7.610636849993973,46.97493549067684,553.3286241566459</coordinates>
                    </LinearRing>
                  </outerBoundaryIs>
                </Polygon>
                <Polygon>
                  <altitudeMode>absolute</altitudeMode>
                  <outerBoundaryIs>
                    <LinearRing>
                      <coordinates>7.6097632790545635,46.97493549067684,606.4186241566459 7.6097632790545635,46.97530826770323,606.4186241566459 7.610636849993973,46.97530826770323,606.4186241566459 7.610636849993973,46.97493549067684,606.4186241566459</coordinates>
                    </LinearRing>
                  </outerBoundaryIs>
                </Polygon>
                <Polygon>
                  <altitudeMode>absolute</altitudeMode>
                  <outerBoundaryIs>
                    <LinearRing>
                      <coordinates>7.6097632790545635,46.97493549067684,553.3286241566459 7.6097632790545635,46.97493549067684,606.4186241566459 7.6097632790545635,46.97530826770323,606.4186241566459 7.6097632790545635,46.97530826770323,553.3286241566459</coordinates>
                    </LinearRing>
                  </outerBoundaryIs>
                </Polygon>
                <Polygon>
                  <altitudeMode>absolute</altitudeMode>
                  <outerBoundaryIs>
                    <LinearRing>
                      <coordinates>7.6097632790545635,46.97530826770323,553.3286241566459 7.6097632790545635,46.97530826770323,606.4186241566459 7.610636849993973,46.97530826770323,606.4186241566459 7.610636849993973,46.97530826770323,553.3286241566459</coordinates>
                    </LinearRing>
                  </outerBoundaryIs>
                </Polygon>
                <Polygon>
                  <altitudeMode>absolute</altitudeMode>
                  <outerBoundaryIs>
                    <LinearRing>
                      <coordinates>7.610636849993973,46.97530826770323,553.3286241566459 7.610636849993973,46.97530826770323,606.4186241566459 7.610636849993973,46.97493549067684,606.4186241566459 7.610636849993973,46.97493549067684,553.3286241566459</coordinates>
                    </LinearRing>
                  </outerBoundaryIs>
                </Polygon>
                <Polygon>
                  <altitudeMode>absolute</altitudeMode>
                  <outerBoundaryIs>
                    <LinearRing>
                      <coordinates>7.610636849993973,46.97493549067684,553.3286241566459 7.610636849993973,46.97493549067684,606.4186241566459 7.6097632790545635,46.97493549067684,606.4186241566459 7.6097632790545635,46.97493549067684,553.3286241566459</coordinates>
                    </LinearRing>
                  </outerBoundaryIs>
                </Polygon>
              </MultiGeometry>
            </Placemark>
          </Folder>
          <Folder>
            <name>E218: uss2 astm.f3548.v21.uss.getOperationalIntentDetails</name>
            <Folder>
              <name>uss2's P100 Activated e5633df8-f7d7-4bf5-9658-f12a457400db[3] @ dl8WZi1HCdGCg57HUBFSdo4VVt3czLFqUQ5L3IaLxco_</name>
              <Placemark>
                <name>Nominal volume 0</name>
                <styleUrl>#F3548v21Activated</styleUrl>
                <TimeSpan>
                  <begin>2026-10-08T16:10:31.379360+00:00</begin>
                  <end>2026-10-08T16:55:31.352247+00:00</end>
                </TimeSpan>
                <MultiGeometry>
                  <Polygon>
                    <altitudeMode>absolute</altitudeMode>
                    <outerBoundaryIs>
                      <LinearRing>
                        <coordinates>7.6097632790545635,46.97502046675935,553.3285400109434 7.610636849993973,46.97493549067684,553.3285400109434 7.610081589331281,46.97530826770323,553.3285400109434</coordinates>
                      </LinearRing>
                    </outerBoundaryIs>
                  </Polygon>
                  <Polygon>
                    <altitudeMode>absolute</altitudeMode>
                    <outerBoundaryIs>
                      <LinearRing>
                        <coordinates>7.6097632790545635,46.97502046675935,606.4185400109434 7.610636849993973,46.97493549067684,606.4185400109434 7.610081589331281,46.97530826770323,606.4185400109434</coordinates>
                      </LinearRing>
                    </outerBoundaryIs>
                  </Polygon>
                  <Polygon>
                    <altitudeMode>absolute</altitudeMode>
                    <outerBoundaryIs>
                      <LinearRing>
                        <coordinates>7.6097632790545635,46.97502046675935,553.3285400109434 7.6097632790545635,46.97502046675935,606.4185400109434 7.610636849993973,46.97493549067684,606.4185400109434 7.610636849993973,46.97493549067684,553.3285400109434</coordinates>
                      </LinearRing>
                    </outerBoundaryIs>
                  </Polygon>
                  <Polygon>
                    <altitudeMode>absolute</altitudeMode>
                    <outerBoundaryIs>
                      <LinearRing>
                        <coordinates>7.610636849993973,46.97493549067684,553.3285400109434 7.610636849993973,46.97493549067684,606.4185400109434 7.610081589331281,46.97530826770323,606.4185400109434 7.610081589331281,46.97530826770323,553.3285400109434</coordinates>
                      </LinearRing>
                    </outerBoundaryIs>
                  </Polygon>
                  <Polygon>
                    <altitudeMode>absolute</altitudeMode>
                    <outerBoundaryIs>
                      <LinearRing>
                        <coordinates>7.610081589331281,46.97530826770323,553.3285400109434 7.610081589331281,46.97530826770323,606.4185400109434 7.6097632790545635,46.97502046675935,606.4185400109434 7.6097632790545635,46.97502046675935,553.3285400109434</coordinates>
                      </LinearRing>
                    </outerBoundaryIs>
                  </Polygon>
                </MultiGeometry>
              </Placemark>
            </Folder>
          </Folder>
        </Folder>
        <Folder>
          <name>Attempt to modify activated Flight 1 into conflict</name>
          <Folder>
            <name>E227: uss1 astm.f3548.v21.dss.queryOperationalIntentReferences</name>
            <Placemark>
              <name>area_of_interest</name>
              <styleUrl>#QueryArea</styleUrl>
              <description><![CDATA[<ul><li>uss1's Activated ae83d376-2517-4ed2-93da-f8d16e1b87b6[3]</li><li>uss2's Activated e5633df8-f7d7-4bf5-9658-f12a457400db[3]</li></ul>]]></description>
              <TimeSpan>
                <begin>2026-10-08T16:10:30.518933+00:00</begin>
                <end>2026-10-08T16:55:31.518933+00:00</end>
              </TimeSpan>
              <MultiGeometry>
                <Polygon>
                  <altitudeMode>absolute</altitudeMode>
                  <outerBoundaryIs>
                    <LinearRing>
                      <coordinates>7.61016794889421,46.974527407976495,526.3684086773776 7.61016794889421,46.975290736555166,526.3684086773776 7.610822051093243,46.975290736555166,526.3684086773776 7.610822051093243,46.974527407976495,526.3684086773776</coordinates>
                    </LinearRing>
                  </outerBoundaryIs>
                </Polygon>
                <Polygon>
                  <altitudeMode>absolute</altitudeMode>
                  <outerBoundaryIs>
                    <LinearRing>
                      <coordinates>7.61016794889421,46.974527407976495,591.4184086773776 7.61016794889421,46.975290736555166,591.4184086773776 7.610822051093243,46.975290736555166,591.4184086773776 7.610822051093243,46.974527407976495,591.4184086773776</coordinates>
                    </LinearRing>
                  </outerBoundaryIs>
                </Polygon>
                <Polygon>
                  <altitudeMode>absolute</altitudeMode>
                  <outerBoundaryIs>
                    <LinearRing>
                      <coordinates>7.61016794889421,46.974527407976495,526.3684086773776 7.61016794889421,46.974527407976495,591.4184086773776 7.61016794889421,46.975290736555166,591.4184086773776 7.61016794889421,46.975290736555166,526.3684086773776</coordinates>
                    </LinearRing>
                  </outerBoundaryIs>
                </Polygon>
                <Polygon>
                  <altitudeMode>absolute</altitudeMode>
                  <outerBoundaryIs>
                    <LinearRing>
                      <coordinates>7.61016794889421,46.975290736555166,526.3684086773776 7.61016794889421,46.975290736555166,591.4184086773776 7.610822051093243,46.975290736555166,591.4184086773776 7.610822051093243,46.975290736555166,526.3684086773776</coordinates>
                    </LinearRing>
                  </outerBoundaryIs>
                </Polygon>
                <Polygon>
                  <altitudeMode>absolute</altitudeMode>
                  <outerBoundaryIs>
                    <LinearRing>
                      <coordinates>7.610822051093243,46.975290736555166,526.3684086773776 7.610822051093243,46.975290736555166,591.4184086773776 7.610822051093243,46.974527407976495,591.4184086773776 7.610822051093243,46.974527407976495,526.3684086773776</coordinates>
                    </LinearRing>
                  </outerBoundaryIs>
                </Polygon>
                <Polygon>
                  <altitudeMode>absolute</altitudeMode>
                  <outerBoundaryIs>
                    <LinearRing>
                      <coordinates>7.610822051093243,46.974527407976495,526.3684086773776 7.610822051093243,46.974527407976495,591.4184086773776 7.61016794889421,46.974527407976495,591.4184086773776 7.61016794889421,46.974527407976495,526.3684086773776</coordinates>
                    </LinearRing>
                  </outerBoundaryIs>
                </Polygon>
              </MultiGeometry>
            </Placemark>
          </Folder>
          <Folder>
            <name>E229: uss1 interuss.automated_testing.flight_planning.v1.UpsertFlightPlan</name>
            <Folder>
              <name>Activity Rejected, flight OkToFly</name>
              <Placemark>
                <name>Volume 0</name>
                <styleUrl>#InUse_Nominal</styleUrl>
                <TimeSpan>
                  <begin>2026-10-08T16:10:30.518933+00:00</begin>
                  <end>2026-10-08T16:55:31.518933+00:00</end>
                </TimeSpan>
                <MultiGeometry>
                  <Polygon>
                    <altitudeMode>absolute</altitudeMode>
                    <outerBoundaryIs>
                      <LinearRing>
                        <coordinates>7.610460564488712,46.974591932891784,556.4783381778614 7.61052051848705,46.975290736555166,556.4783381778614 7.6107788759673,46.97487973190337,556.4783381778614 7.610822051093243,46.974527407976495,556.4783381778614</coordinates>
                      </LinearRing>
                    </outerBoundaryIs>
                  </Polygon>
                  <Polygon>
                    <altitudeMode>absolute</altitudeMode>
                    <outerBoundaryIs>
                      <LinearRing>
                        <coordinates>7.610460564488712,46.974591932891784,591.4183381778614 7.61052051848705,46.975290736555166,591.4183381778614 7.6107788759673,46.97487973190337,591.4183381778614 7.610822051093243,46.974527407976495,591.4183381778614</coordinates>
                      </LinearRing>
                    </outerBoundaryIs>
                  </Polygon>
                  <Polygon>
                    <altitudeMode>absolute</altitudeMode>
                    <outerBoundaryIs>
                      <LinearRing>
                        <coordinates>7.610460564488712,46.974591932891784,556.4783381778614 7.610460564488712,46.974591932891784,591.4183381778614 7.61052051848705,46.975290736555166,591.4183381778614 7.61052051848705,46.975290736555166,556.4783381778614</coordinates>
                      </LinearRing>
                    </outerBoundaryIs>
                  </Polygon>
                  <Polygon>
                    <altitudeMode>absolute</altitudeMode>
                    <outerBoundaryIs>
                      <LinearRing>
                        <coordinates>7.61052051848705,46.975290736555166,556.4783381778614 7.61052051848705,46.975290736555166,591.4183381778614 7.6107788759673,46.97487973190337,591.4183381778614 7.6107788759673,46.97487973190337,556.4783381778614</coordinates>
                      </LinearRing>
                    </outerBoundaryIs>
                  </Polygon>
                  <Polygon>
                    <altitudeMode>absolute</altitudeMode>
                    <outerBoundaryIs>
                      <LinearRing>
                        <coordinates>7.6107788759673,46.97487973190337,556.4783381778614 7.6107788759673,46.97487973190337,591.4183381778614 7.610822051093243,46.974527407976495,591.4183381778614 7.610822051093243,46.974527407976495,556.4783381778614</coordinates>
                      </LinearRing>
                    </outerBoundaryIs>
                  </Polygon>
                  <Polygon>
                    <altitudeMode>absolute</altitudeMode>
                    <outerBoundaryIs>
                      <LinearRing>
                        <coordinates>7.610822051093243,46.974527407976495,556.4783381778614 7.610822051093243,46.974527407976495,591.4183381778614 7.610460564488712,46.974591932891784,591.4183381778614 7.610460564488712,46.974591932891784,556.4783381778614</coordinates>
                      </LinearRing>
                    </outerBoundaryIs>
                  </Polygon>
                </MultiGeometry>
              </Placemark>
            </Folder>
          </Folder>
          <Folder>
            <name>E232: uss1 astm.f3548.v21.dss.queryOperationalIntentReferences</name>
            <Placemark>
              <name>area_of_interest</name>
              <styleUrl>#QueryArea</styleUrl>
              <description><![CDATA[<ul><li>uss1's Activated ae83d376-2517-4ed2-93da-f8d16e1b87b6[3]</li><li>uss2's Activated e5633df8-f7d7-4bf5-9658-f12a457400db[3]</li></ul>]]></description>
              <TimeSpan>
                <begin>2026-10-08T16:10:30.518933+00:00</begin>
                <end>2026-10-08T16:55:31.518933+00:00</end>
              </TimeSpan>
              <MultiGeometry>
                <Polygon>
                  <altitudeMode>absolute</altitudeMode>
                  <outerBoundaryIs>
                    <LinearRing>
                      <coordinates>7.61016794889421,46.974527407976495,526.3684086773776 7.61016794889421,46.975290736555166,526.3684086773776 7.610822051093243,46.975290736555166,526.3684086773776 7.610822051093243,46.974527407976495,526.3684086773776</coordinates>
                    </LinearRing>
                  </outerBoundaryIs>
                </Polygon>
                <Polygon>
                  <altitudeMode>absolute</altitudeMode>
                  <outerBoundaryIs>
                    <LinearRing>
                      <coordinates>7.61016794889421,46.974527407976495,591.4184086773776 7.61016794889421,46.975290736555166,591.4184086773776 7.610822051093243,46.975290736555166,591.4184086773776 7.610822051093243,46.974527407976495,591.4184086773776</coordinates>
                    </LinearRing>
                  </outerBoundaryIs>
                </Polygon>
                <Polygon>
                  <altitudeMode>absolute</altitudeMode>
                  <outerBoundaryIs>
                    <LinearRing>
                      <coordinates>7.61016794889421,46.974527407976495,526.3684086773776 7.61016794889421,46.974527407976495,591.4184086773776 7.61016794889421,46.975290736555166,591.4184086773776 7.61016794889421,46.975290736555166,526.3684086773776</coordinates>
                    </LinearRing>
                  </outerBoundaryIs>
                </Polygon>
                <Polygon>
                  <altitudeMode>absolute</altitudeMode>
                  <outerBoundaryIs>
                    <LinearRing>
                      <coordinates>7.61016794889421,46.975290736555166,526.3684086773776 7.61016794889421,46.975290736555166,591.4184086773776 7.610822051093243,46.975290736555166,591.4184086773776 7.610822051093243,46.975290736555166,526.3684086773776</coordinates>
                    </LinearRing>
                  </outerBoundaryIs>
                </Polygon>
                <Polygon>
                  <altitudeMode>absolute</altitudeMode>
                  <outerBoundaryIs>
                    <LinearRing>
                      <coordinates>7.610822051093243,46.975290736555166,526.3684086773776 7.610822051093243,46.975290736555166,591.4184086773776 7.610822051093243,46.974527407976495,591.4184086773776 7.610822051093243,46.974527407976495,526.3684086773776</coordinates>
                    </LinearRing>
                  </outerBoundaryIs>
                </Polygon>
                <Polygon>
                  <altitudeMode>absolute</altitudeMode>
                  <outerBoundaryIs>
                    <LinearRing>
                      <coordinates>7.610822051093243,46.974527407976495,526.3684086773776 7.610822051093243,46.974527407976495,591.4184086773776 7.61016794889421,46.974527407976495,591.4184086773776 7.61016794889421,46.974527407976495,526.3684086773776</coordinates>
                    </LinearRing>
                  </outerBoundaryIs>
                </Polygon>
              </MultiGeometry>
            </Placemark>
          </Folder>
        </Folder>
      </Folder>
      <Folder>
        <name/>
        <Folder>
          <name>Cleanup</name>
        </Folder>
      </Folder>
    </Folder>
  </Document>
</kml>
