<kml xmlns="http://www.opengis.net/kml/2.2" xmlns:atom="http://www.w3.org/2005/Atom" xmlns:gx="http://www.google.com/kml/ext/2.2">
  <Document>
    <Style id="QueryArea">
      <LineStyle>
        <color>ffc0c000</color>
        <width>3</width>
      </LineStyle>
      <PolyStyle>
        <color>80ffffaa</color>
      </PolyStyle>
    </Style>
    <Style id="F3548v21Accepted">
      <LineStyle>
        <color>ff00c000</color>
        <width>3</width>
      </LineStyle>
      <PolyStyle>
        <color>80c0c0c0</color>
      </PolyStyle>
    </Style>
    <Style id="F3548v21Activated">
      <LineStyle>
        <color>ff00c000</color>
        <width>3</width>
      </LineStyle>
      <PolyStyle>
        <color>8000ff00</color>
      </PolyStyle>
    </Style>
    <Style id="F3548v21Nonconforming">
      <LineStyle>
        <color>ff00ffff</color>
        <width>5</width>
      </LineStyle>
      <PolyStyle>
        <color>8000ffff</color>
      </PolyStyle>
    </Style>
    <Style id="F3548v21Contingent">
      <LineStyle>
        <color>ff0000ff</color>
        <width>5</width>
      </LineStyle>
      <PolyStyle>
        <color>80ff0000ff</color>
      </PolyStyle>
    </Style>
    <Style id="F3548v21AcceptedFuture">
      <LineStyle>
        <color>80c0c0c0</color>
        <width>1</width>
      </LineStyle>
      <PolyStyle>
        <color>00000000</color>
      </PolyStyle>
    </Style>
    <Style id="F3548v21ActivatedFuture">
      <LineStyle>
        <color>8040c040</color>
        <width>1</width>
      </LineStyle>
      <PolyStyle>
        <color>00000000</color>
      </PolyStyle>
    </Style>
    <Style id="F3548v21NonconformingFuture">
      <LineStyle>
        <color>8000ffff</color>
        <width>1</width>
      </LineStyle>
      <PolyStyle>
        <color>00000000</color>
      </PolyStyle>
    </Style>
    <Style id="F3548v21ContingentFuture">
      <LineStyle>
        <color>80ff0000ff</color>
        <width>1</width>
      </LineStyle>
      <PolyStyle>
        <color>00000000</color>
      </PolyStyle>
    </Style>
    <Style id="Planned_Nominal">
      <LineStyle>
        <color>ff00c000</color>
        <width>3</width>
      </LineStyle>
      <PolyStyle>
        <color>80808080</color>
      </PolyStyle>
    </Style>
    <Style id="InUse_Nominal">
      <LineStyle>
        <color>ff00c000</color>
        <width>3</width>
      </LineStyle>
      <PolyStyle>
        <color>8000ff00</color>
      </PolyStyle>
    </Style>
    <Style id="InUse_OffNominal">
      <LineStyle>
        <color>ff00ffff</color>
        <width>5</width>
      </LineStyle>
      <PolyStyle>
        <color>8000ff00</color>
      </PolyStyle>
    </Style>
    <Style id="InUse_Contingent">
      <LineStyle>
        <color>ff0000ff</color>
        <width>5</width>
      </LineStyle>
      <PolyStyle>
        <color>8000ff00</color>
      </PolyStyle>
    </Style>
    <Style id="unmodifiedtelemetry">
      <IconStyle>
        <scale>1.4</scale>
        <Icon>
          <href>http://maps.google.com/mapfiles/kml/shapes/placemark_circle.png</href>
        </Icon>
      </IconStyle>
    </Style>
    <Style id="modifiedtelemetry">
      <IconStyle>
        <scale>1.4</scale>
        <Icon>
          <href>http://maps.google.com/mapfiles/kml/shapes/placemark_square.png</href>
        </Icon>
      </IconStyle>
    </Style>
    <Style id="aircraft">
      <IconStyle>
        <scale>1.4</scale>
        <Icon>
          <href>http://maps.google.com/mapfiles/kml/shapes/airports.png</href>
        </Icon>
      </IconStyle>
    </Style>
    <Folder>
      <name>Nominal planning: conflict with higher priority</name>
      <Folder>
        <name>Prerequisites check</name>
        <Folder>
          <name>Verify area is clear</name>
          <Folder>
            <name>E3: uss1 astm.f3548.v21.dss.queryOperationalIntentReferences</name>
            <Placemark>
              <name>area_of_interest</name>
              <styleUrl>#QueryArea</styleUrl>
              <description><![CDATA[(no operational intent references found)]]></description>
              <TimeSpan>
                <begin>2026-10-08T16:10:30.687521+00:00</begin>
                <end>2026-10-08T17:40:31.687521+00:00</end>
              </TimeSpan>
              <MultiGeometry>
                <Polygon>
                  <altitudeMode>absolute</altitudeMode>
                  <outerBoundaryIs>
                    <LinearRing>
                      <coordinates>7.477045799310559,47.06513961490564,526.344242719349 7.477045799310559,47.0659196179747,526.344242719349 7.478107593947205,47.0659196179747,526.344242719349 7.478107593947205,47.06513961490564,526.344242719349</coordinates>
                    </LinearRing>
                  </outerBoundaryIs>
                </Polygon>
                <Polygon>
                  <altitudeMode>absolute</altitudeMode>
                  <outerBoundaryIs>
                    <LinearRing>
                      <coordinates>7.477045799310559,47.06513961490564,606.394242719349 7.477045799310559,47.0659196179747,606.394242719349 7.478107593947205,47.0659196179747,606.394242719349 7.478107593947205,47.06513961490564,606.394242719349</coordinates>
                    </LinearRing>
                  </outerBoundaryIs>
                </Polygon>
                <Polygon>
                  <altitudeMode>absolute</altitudeMode>
                  <outerBoundaryIs>
                    <LinearRing>
                      <coordinates>7.477045799310559,47.06513961490564,526.344242719349 7.477045799310559,47.06513961490564,606.394242719349 7.477045799310559,47.0659196179747,606.394242719349 7.477045799310559,47.0659196179747,526.344242719349</coordinates>
                    </LinearRing>
                  </outerBoundaryIs>
                </Polygon>
                <Polygon>
                  <altitudeMode>absolute</altitudeMode>
                  <outerBoundaryIs>
                    <LinearRing>
                      <coordinates>7.477045799310559,47.0659196179747,526.344242719349 7.477045799310559,47.0659196179747,606.394242719349 7.478107593947205,47.0659196179747,606.394242719349 7.478107593947205,47.0659196179747,526.344242719349</coordinates>
                    </LinearRing>
                  </outerBoundaryIs>
                </Polygon>
                <Polygon>
                  <altitudeMode>absolute</altitudeMode>
                  <outerBoundaryIs>
                    <LinearRing>
                      <coordinates>7.478107593947205,47.0659196179747,526.344242719349 7.478107593947205,47.0659196179747,606.394242719349 7.478107593947205,47.06513961490564,606.394242719349 7.478107593947205,47.06513961490564,526.344242719349</coordinates>
                    </LinearRing>
                  </outerBoundaryIs>
                </Polygon>
                <Polygon>
                  <altitudeMode>absolute</altitudeMode>
                  <outerBoundaryIs>
                    <LinearRing>
                      <coordinates>7.478107593947205,47.06513961490564,526.344242719349 7.478107593947205,47.06513961490564,606.394242719349 7.477045799310559,47.06513961490564,606.394242719349 7.477045799310559,47.06513961490564,526.344242719349</coordinates>
                    </LinearRing>
                  </outerBoundaryIs>
                </Polygon>
              </MultiGeometry>
            </Placemark>
          </Folder>
        </Folder>
      </Folder>
      <Folder>
        <name>Attempt to plan flight in conflict</name>
        <Folder>
          <name>Plan Flight 2</name>
          <Folder>
            <name>E6: uss1 astm.f3548.v21.dss.queryOperationalIntentReferences</name>
            <Placemark>
              <name>area_of_interest</name>
              <styleUrl>#QueryArea</styleUrl>
              <description><![CDATA[(no operational intent references found)]]></description>
              <TimeSpan>
                <begin>2026-10-08T16:10:30.768185+00:00</begin>
                <end>2026-10-08T16:55:31.768185+00:00</end>
              </TimeSpan>
              <MultiGeometry>
                <Polygon>
                  <altitudeMode>absolute</altitudeMode>
                  <outerBoundaryIs>
                    <LinearRing>
                      <coordinates>7.477045799310559,47.06517082637769,555.3239494274349 7.477045799310559,47.0659196179747,555.3239494274349 7.477627920960395,47.0659196179747,555.3239494274349 7.477627920960395,47.06517082637769,555.3239494274349</coordinates>
                    </LinearRing>
                  </outerBoundaryIs>
                </Polygon>
                <Polygon>
                  <altitudeMode>absolute</altitudeMode>
                  <outerBoundaryIs>
                    <LinearRing>
                      <coordinates>7.477045799310559,47.06517082637769,584.393949427435 7.477045799310559,47.0659196179747,584.393949427435 7.477627920960395,47.0659196179747,584.393949427435 7.477627920960395,47.06517082637769,584.393949427435</coordinates>
                    </LinearRing>
                  </outerBoundaryIs>
                </Polygon>
                <Polygon>
                  <altitudeMode>absolute</altitudeMode>
                  <outerBoundaryIs>
                    <LinearRing>
                      <coordinates>7.477045799310559,47.06517082637769,555.3239494274349 7.477045799310559,47.06517082637769,584.393949427435 7.477045799310559,47.0659196179747,584.393949427435 7.477045799310559,47.0659196179747,555.3239494274349</coordinates>
                    </LinearRing>
                  </outerBoundaryIs>
                </Polygon>
                <Polygon>
                  <altitudeMode>absolute</altitudeMode>
                  <outerBoundaryIs>
                    <LinearRing>
                      <coordinates>7.477045799310559,47.0659196179747,555.3239494274349 7.477045799310559,47.0659196179747,584.393949427435 7.477627920960395,47.0659196179747,584.393949427435 7.477627920960395,47.0659196179747,555.3239494274349</coordinates>
                    </LinearRing>
                  </outerBoundaryIs>
                </Polygon>
                <Polygon>
                  <altitudeMode>absolute</altitudeMode>
                  <outerBoundaryIs>
                    <LinearRing>
                      <coordinates>7.477627920960395,47.0659196179747,555.3239494274349 7.477627920960395,47.0659196179747,584.393949427435 7.477627920960395,47.06517082637769,584.393949427435 7.477627920960395,47.06517082637769,555.3239494274349</coordinates>
                    </LinearRing>
                  </outerBoundaryIs>
                </Polygon>
                <Polygon>
                  <altitudeMode>absolute</altitudeMode>
                  <outerBoundaryIs>
                    <LinearRing>
                      <coordinates>7.477627920960395,47.06517082637769,555.3239494274349 7.477627920960395,47.06517082637769,584.393949427435 7.477045799310559,47.06517082637769,584.393949427435 7.477045799310559,47.06517082637769,555.3239494274349</coordinates>
                    </LinearRing>
                  </outerBoundaryIs>
                </Polygon>
              </MultiGeometry>
            </Placemark>
          </Folder>
          <Folder>
            <name>E8: uss1 interuss.automated_testing.flight_planning.v1.UpsertFlightPlan</name>
            <Folder>
              <name>Activity Completed, flight Planned</name>
              <Placemark>
                <name>Volume 0</name>
                <styleUrl>#Planned_Nominal</styleUrl>
                <TimeSpan>
                  <begin>2026-10-08T16:10:30.768185+00:00</begin>
                  <end>2026-10-08T16:55:31.768185+00:00</end>
                </TimeSpan>
                <MultiGeometry>
                  <Polygon>
                    <altitudeMode>absolute</altitudeMode>
                    <outerBoundaryIs>
                      <LinearRing>
                        <coordinates>7.477045799310559,47.065631449659406,555.3239581809179 7.477301456393047,47.06517082637769,555.3239581809179 7.477627920960395,47.06555883284356,555.3239581809179 7.477363934315723,47.0659196179747,555.3239581809179</coordinates>
                      </LinearRing>
                    </outerBoundaryIs>
                  </Polygon>
                  <Polygon>
                    <altitudeMode>absolute</altitudeMode>
                    <outerBoundaryIs>
                      <LinearRing>
                        <coordinates>7.477045799310559,47.065631449659406,584.3939581809179 7.477301456393047,47.06517082637769,584.3939581809179 7.477627920960395,47.06555883284356,584.3939581809179 7.477363934315723,47.0659196179747,584.3939581809179</coordinates>
                      </LinearRing>
                    </outerBoundaryIs>
                  </Polygon>
                  <Polygon>
                    <altitudeMode>absolute</altitudeMode>
                    <outerBoundaryIs>
                      <LinearRing>
                        <coordinates>7.477045799310559,47.065631449659406,555.3239581809179 7.477045799310559,47.065631449659406,584.3939581809179 7.477301456393047,47.06517082637769,584.3939581809179 7.477301456393047,47.06517082637769,555.3239581809179</coordinates>
                      </LinearRing>
                    </outerBoundaryIs>
                  </Polygon>
                  <Polygon>
                    <altitudeMode>absolute</altitudeMode>
                    <outerBoundaryIs>
                      <LinearRing>
                        <coordinates>7.477301456393047,47.06517082637769,555.3239581809179 7.477301456393047,47.06517082637769,584.3939581809179 7.477627920960395,47.06555883284356,584.3939581809179 7.477627920960395,47.06555883284356,555.3239581809179</coordinates>
                      </LinearRing>
                    </outerBoundaryIs>
                  </Polygon>
                  <Polygon>
                    <altitudeMode>absolute</altitudeMode>
                    <outerBoundaryIs>
                      <LinearRing>
                        <coordinates>7.477627920960395,47.06555883284356,555.3239581809179 7.477627920960395,47.06555883284356,584.3939581809179 7.477363934315723,47.0659196179747,584.3939581809179 7.477363934315723,47.0659196179747,555.3239581809179</coordinates>
                      </LinearRing>
                    </outerBoundaryIs>
                  </Polygon>
                  <Polygon>
                    <altitudeMode>absolute</altitudeMode>
                    <outerBoundaryIs>
                      <LinearRing>
                        <coordinates>7.477363934315723,47.0659196179747,555.3239581809179 7.477363934315723,47.0659196179747,584.3939581809179 7.477045799310559,47.065631449659406,584.3939581809179 7.477045799310559,47.065631449659406,555.3239581809179</coordinates>
                      </LinearRing>
                    </outerBoundaryIs>
                  </Polygon>
                </MultiGeometry>
              </Placemark>
            </Folder>
          </Folder>
          <Folder>
            <name>E12: uss1 astm.f3548.v21.dss.queryOperationalIntentReferences</name>
            <Placemark>
              <name>area_of_interest</name>
              <styleUrl>#QueryArea</styleUrl>
              <description><![CDATA[<ul><li>uss1's Accepted 41162622-1370-445a-9a5e-4ca58f12b78d[1]</li></ul>]]></description>
              <TimeSpan>
                <begin>2026-10-08T16:10:30.768185+00:00</begin>
                <end>2026-10-08T16:55:31.768185+00:00</end>
              </TimeSpan>
              <MultiGeometry>
                <Polygon>
                  <altitudeMode>absolute</altitudeMode>
                  <outerBoundaryIs>
                    <LinearRing>
                      <coordinates>7.477045799310559,47.06517082637769,555.3239494274349 7.477045799310559,47.0659196179747,555.3239494274349 7.477627920960395,47.0659196179747,555.3239494274349 7.477627920960395,47.06517082637769,555.3239494274349</coordinates>
                    </LinearRing>
                  </outerBoundaryIs>
                </Polygon>
                <Polygon>
                  <altitudeMode>absolute</altitudeMode>
                  <outerBoundaryIs>
                    <LinearRing>
                      <coordinates>7.477045799310559,47.06517082637769,584.393949427435 7.477045799310559,47.0659196179747,584.393949427435 7.477627920960395,47.0659196179747,584.393949427435 7.477627920960395,47.06517082637769,584.393949427435</coordinates>
                    </LinearRing>
                  </outerBoundaryIs>
                </Polygon>
                <Polygon>
                  <altitudeMode>absolute</altitudeMode>
                  <outerBoundaryIs>
                    <LinearRing>
                      <coordinates>7.477045799310559,47.06517082637769,555.3239494274349 7.477045799310559,47.06517082637769,584.393949427435 7.477045799310559,47.0659196179747,584.393949427435 7.477045799310559,47.0659196179747,555.3239494274349</coordinates>
                    </LinearRing>
                  </outerBoundaryIs>
                </Polygon>
                <Polygon>
                  <altitudeMode>absolute</altitudeMode>
                  <outerBoundaryIs>
                    <LinearRing>
                      <coordinates>7.477045799310559,47.0659196179747,555.3239494274349 7.477045799310559,47.0659196179747,584.393949427435 7.477627920960395,47.0659196179747,584.393949427435 7.477627920960395,47.0659196179747,555.3239494274349</coordinates>
                    </LinearRing>
                  </outerBoundaryIs>
                </Polygon>
                <Polygon>
                  <altitudeMode>absolute</altitudeMode>
                  <outerBoundaryIs>
                    <LinearRing>
                      <coordinates>7.477627920960395,47.0659196179747,555.3239494274349 7.477627920960395,47.0659196179747,584.393949427435 7.477627920960395,47.06517082637769,584.393949427435 7.477627920960395,47.06517082637769,555.3239494274349</coordinates>
                    </LinearRing>
                  </outerBoundaryIs>
                </Polygon>
                <Polygon>
                  <altitudeMode>absolute</altitudeMode>
                  <outerBoundaryIs>
                    <LinearRing>
                      <coordinates>7.477627920960395,47.06517082637769,555.3239494274349 7.477627920960395,47.06517082637769,584.393949427435 7.477045799310559,47.06517082637769,584.393949427435 7.477045799310559,47.06517082637769,555.3239494274349</coordinates>
                    </LinearRing>
                  </outerBoundaryIs>
                </Polygon>
              </MultiGeometry>
            </Placemark>
          </Folder>
          <Folder>
            <name>E16: uss1 astm.f3548.v21.uss.getOperationalIntentDetails</name>
            <Folder>
              <name>uss1's P100 Accepted 41162622-1370-445a-9a5e-4ca58f12b78d[1] @ sWdJ3thCW664.W12KOuLqfZjxMSMOjPdtCMYqISsDOs_</name>
              <Placemark>
                <name>Nominal volume 0</name>
                <styleUrl>#F3548v21Accepted</styleUrl>
                <TimeSpan>
                  <begin>2026-10-08T16:10:31.791829+00:00</begin>
                  <end>2026-10-08T16:55:31.768185+00:00</end>
                </TimeSpan>
                <MultiGeometry>
                  <Polygon>
                    <altitudeMode>absolute</altitudeMode>
                    <outerBoundaryIs>
                      <LinearRing>
                        <coordinates>7.477045799310559,47.065631449659406,555.3239581809179 7.477301456393047,47.06517082637769,555.3239581809179 7.477627920960395,47.06555883284356,555.3239581809179 7.477363934315723,47.0659196179747,555.3239581809179</coordinates>
                      </LinearRing>
                    </outerBoundaryIs>
                  </Polygon>
                  <Polygon>
                    <altitudeMode>absolute</altitudeMode>
                    <outerBoundaryIs>
                      <LinearRing>
                        <coordinates>7.477045799310559,47.065631449659406,584.3939581809179 7.477301456393047,47.06517082637769,584.3939581809179 7.477627920960395,47.06555883284356,584.3939581809179 7.477363934315723,47.0659196179747,584.3939581809179</coordinates>
                      </LinearRing>
                    </outerBoundaryIs>
                  </Polygon>
                  <Polygon>
                    <altitudeMode>absolute</altitudeMode>
                    <outerBoundaryIs>
                      <LinearRing>
                        <coordinates>7.477045799310559,47.065631449659406,555.3239581809179 7.477045799310559,47.065631449659406,584.3939581809179 7.477301456393047,47.06517082637769,584.3939581809179 7.477301456393047,47.06517082637769,555.3239581809179</coordinates>
                      </LinearRing>
                    </outerBoundaryIs>
                  </Polygon>
                  <Polygon>
                    <altitudeMode>absolute</altitudeMode>
                    <outerBoundaryIs>
                      <LinearRing>
                        <coordinates>7.477301456393047,47.06517082637769,555.3239581809179 7.477301456393047,47.06517082637769,584.3939581809179 7.477627920960395,47.06555883284356,584.3939581809179 7.477627920960395,47.06555883284356,555.3239581809179</coordinates>
                      </LinearRing>
                    </outerBoundaryIs>
                  </Polygon>
                  <Polygon>
                    <altitudeMode>absolute</altitudeMode>
                    <outerBoundaryIs>
                      <LinearRing>
                        <coordinates>7.477627920960395,47.06555883284356,555.3239581809179 7.477627920960395,47.06555883284356,584.3939581809179 7.477363934315723,47.0659196179747,584.3939581809179 7.477363934315723,47.0659196179747,555.3239581809179</coordinates>
                      </LinearRing>
                    </outerBoundaryIs>
                  </Polygon>
                  <Polygon>
                    <altitudeMode>absolute</altitudeMode>
                    <outerBoundaryIs>
                      <LinearRing>
                        <coordinates>7.477363934315723,47.0659196179747,555.3239581809179 7.477363934315723,47.0659196179747,584.3939581809179 7.477045799310559,47.065631449659406,584.3939581809179 7.477045799310559,47.065631449659406,555.3239581809179</coordinates>
                      </LinearRing>
                    </outerBoundaryIs>
                  </Polygon>
                </MultiGeometry>
              </Placemark>
            </Folder>
          </Folder>
        </Folder>
        <Folder>
          <name>Attempt to plan Flight 1</name>
          <Folder>
            <name>E25: uss1 astm.f3548.v21.dss.queryOperationalIntentReferences</name>
            <Placemark>
              <name>area_of_interest</name>
              <styleUrl>#QueryArea</styleUrl>
              <description><![CDATA[<ul><li>uss1's Accepted 41162622-1370-445a-9a5e-4ca58f12b78d[1]</li></ul>]]></description>
              <TimeSpan>
                <begin>2026-10-08T16:10:30.900691+00:00</begin>
                <end>2026-10-08T16:55:31.900691+00:00</end>
              </TimeSpan>
              <MultiGeometry>
                <Polygon>
                  <altitudeMode>absolute</altitudeMode>
                  <outerBoundaryIs>
                    <LinearRing>
                      <coordinates>7.477085765467653,47.06513961490564,556.4041784313208 7.477085765467653,47.06552877375427,556.4041784313208 7.478107593947205,47.06552877375427,556.4041784313208 7.478107593947205,47.06513961490564,556.4041784313208</coordinates>
                    </LinearRing>
                  </outerBoundaryIs>
                </Polygon>
                <Polygon>
                  <altitudeMode>absolute</altitudeMode>
                  <outerBoundaryIs>
                    <LinearRing>
                      <coordinates>7.477085765467653,47.06513961490564,586.3941784313208 7.477085765467653,47.06552877375427,586.3941784313208 7.478107593947205,47.06552877375427,586.3941784313208 7.478107593947205,47.06513961490564,586.3941784313208</coordinates>
                    </LinearRing>
                  </outerBoundaryIs>
                </Polygon>
                <Polygon>
                  <altitudeMode>absolute</altitudeMode>
                  <outerBoundaryIs>
                    <LinearRing>
                      <coordinates>7.477085765467653,47.06513961490564,556.4041784313208 7.477085765467653,47.06513961490564,586.3941784313208 7.477085765467653,47.06552877375427,586.3941784313208 7.477085765467653,47.06552877375427,556.4041784313208</coordinates>
                    </LinearRing>
                  </outerBoundaryIs>
                </Polygon>
                <Polygon>
                  <altitudeMode>absolute</altitudeMode>
                  <outerBoundaryIs>
                    <LinearRing>
                      <coordinates>7.477085765467653,47.06552877375427,556.4041784313208 7.477085765467653,47.06552877375427,586.3941784313208 7.478107593947205,47.06552877375427,586.3941784313208 7.478107593947205,47.06552877375427,556.4041784313208</coordinates>
                    </LinearRing>
                  </outerBoundaryIs>
                </Polygon>
                <Polygon>
                  <altitudeMode>absolute</altitudeMode>
                  <outerBoundaryIs>
                    <LinearRing>
                      <coordinates>7.478107593947205,47.06552877375427,556.4041784313208 7.478107593947205,47.06552877375427,586.3941784313208 7.478107593947205,47.06513961490564,586.3941784313208 7.478107593947205,47.06513961490564,556.4041784313208</coordinates>
                    </LinearRing>
                  </outerBoundaryIs>
                </Polygon>
                <Polygon>
                  <altitudeMode>absolute</altitudeMode>
                  <outerBoundaryIs>
                    <LinearRing>
                      <coordinates>7.478107593947205,47.06513961490564,556.4041784313208 7.478107593947205,47.06513961490564,586.3941784313208 7.477085765467653,47.06513961490564,586.3941784313208 7.477085765467653,47.06513961490564,556.4041784313208</coordinates>
                    </LinearRing>
                  </outerBoundaryIs>
                </Polygon>
              </MultiGeometry>
            </Placemark>
          </Folder>
          <Folder>
            <name>E30: uss1 astm.f3548.v21.dss.queryOperationalIntentReferences</name>
            <Placemark>
              <name>area_of_interest</name>
              <styleUrl>#QueryArea</styleUrl>
              <description><![CDATA[<ul><li>uss1's Accepted 41162622-1370-445a-9a5e-4ca58f12b78d[1]</li></ul>]]></description>
              <TimeSpan>
                <begin>2026-10-08T16:10:30.900691+00:00</begin>
                <end>2026-10-08T16:55:31.900691+00:00</end>
              </TimeSpan>
              <MultiGeometry>
                <Polygon>
                  <altitudeMode>absolute</altitudeMode>
                  <outerBoundaryIs>
                    <LinearRing>
                      <coordinates>7.477085765467653,47.06513961490564,556.4041784313208 7.477085765467653,47.06552877375427,556.4041784313208 7.478107593947205,47.06552877375427,556.4041784313208 7.478107593947205,47.06513961490564,556.4041784313208</coordinates>
                    </LinearRing>
                  </outerBoundaryIs>
                </Polygon>
                <Polygon>
                  <altitudeMode>absolute</altitudeMode>
                  <outerBoundaryIs>
                    <LinearRing>
                      <coordinates>7.477085765467653,47.06513961490564,586.3941784313208 7.477085765467653,47.06552877375427,586.3941784313208 7.478107593947205,47.06552877375427,586.3941784313208 7.478107593947205,47.06513961490564,586.3941784313208</coordinates>
                    </LinearRing>
                  </outerBoundaryIs>
                </Polygon>
                <Polygon>
                  <altitudeMode>absolute</altitudeMode>
                  <outerBoundaryIs>
                    <LinearRing>
                      <coordinates>7.477085765467653,47.06513961490564,556.4041784313208 7.477085765467653,47.06513961490564,586.3941784313208 7.477085765467653,47.06552877375427,586.3941784313208 7.477085765467653,47.06552877375427,556.4041784313208</coordinates>
                    </LinearRing>
                  </outerBoundaryIs>
                </Polygon>
                <Polygon>
                  <altitudeMode>absolute</altitudeMode>
                  <outerBoundaryIs>
                    <LinearRing>
                      <coordinates>7.477085765467653,47.06552877375427,556.4041784313208 7.477085765467653,47.06552877375427,586.3941784313208 7.478107593947205,47.06552877375427,586.3941784313208 7.478107593947205,47.06552877375427,556.4041784313208</coordinates>
                    </LinearRing>
                  </outerBoundaryIs>
                </Polygon>
                <Polygon>
                  <altitudeMode>absolute</altitudeMode>
                  <outerBoundaryIs>
                    <LinearRing>
                      <coordinates>7.478107593947205,47.06552877375427,556.4041784313208 7.478107593947205,47.06552877375427,586.3941784313208 7.478107593947205,47.06513961490564,586.3941784313208 7.478107593947205,47.06513961490564,556.4041784313208</coordinates>
                    </LinearRing>
                  </outerBoundaryIs>
                </Polygon>
                <Polygon>
                  <altitudeMode>absolute</altitudeMode>
                  <outerBoundaryIs>
                    <LinearRing>
                      <coordinates>7.478107593947205,47.06513961490564,556.4041784313208 7.478107593947205,47.06513961490564,586.3941784313208 7.477085765467653,47.06513961490564,586.3941784313208 7.477085765467653,47.06513961490564,556.4041784313208</coordinates>
                    </LinearRing>
                  </outerBoundaryIs>
                </Polygon>
              </MultiGeometry>
            </Placemark>
          </Folder>
        </Folder>
        <Folder>
          <name>Delete Flight 2</name>
        </Folder>
      </Folder>
      <Folder>
        <name>Attempt to modify planned flight in conflict</name>
        <Folder>
          <name>Plan Flight 1</name>
          <Folder>
            <name>E35: uss1 astm.f3548.v21.dss.queryOperationalIntentReferences</name>
            <Placemark>
              <name>area_of_interest</name>
              <styleUrl>#QueryArea</styleUrl>
              <description><![CDATA[(no operational intent references found)]]></description>
              <TimeSpan>
                <begin>2026-10-08T16:10:31.027194+00:00</begin>
                <end>2026-10-08T16:55:32.027194+00:00</end>
              </TimeSpan>
              <MultiGeometry>
                <Polygon>
                  <altitudeMode>absolute</altitudeMode>
                  <outerBoundaryIs>
                    <LinearRing>
                      <coordinates>7.477085765467653,47.06513961490564,556.4041784313208 7.477085765467653,47.06552877375427,556.4041784313208 7.478107593947205,47.06552877375427,556.4041784313208 7.478107593947205,47.06513961490564,556.4041784313208</coordinates>
                    </LinearRing>
                  </outerBoundaryIs>
                </Polygon>
                <Polygon>
                  <altitudeMode>absolute</altitudeMode>
                  <outerBoundaryIs>
                    <LinearRing>
                      <coordinates>7.477085765467653,47.06513961490564,586.3941784313208 7.477085765467653,47.06552877375427,586.3941784313208 7.478107593947205,47.06552877375427,586.3941784313208 7.478107593947205,47.06513961490564,586.3941784313208</coordinates>
                    </LinearRing>
                  </outerBoundaryIs>
                </Polygon>
                <Polygon>
                  <altitudeMode>absolute</altitudeMode>
                  <outerBoundaryIs>
                    <LinearRing>
                      <coordinates>7.477085765467653,47.06513961490564,556.4041784313208 7.477085765467653,47.06513961490564,586.3941784313208 7.477085765467653,47.06552877375427,586.3941784313208 7.477085765467653,47.06552877375427,556.4041784313208</coordinates>
                    </LinearRing>
                  </outerBoundaryIs>
                </Polygon>
                <Polygon>
                  <altitudeMode>absolute</altitudeMode>
                  <outerBoundaryIs>
                    <LinearRing>
                      <coordinates>7.477085765467653,47.06552877375427,556.4041784313208 7.477085765467653,47.06552877375427,586.3941784313208 7.478107593947205,47.06552877375427,586.3941784313208 7.478107593947205,47.06552877375427,556.4041784313208</coordinates>
                    </LinearRing>
                  </outerBoundaryIs>
                </Polygon>
                <Polygon>
                  <altitudeMode>absolute</altitudeMode>
                  <outerBoundaryIs>
                    <LinearRing>
                      <coordinates>7.478107593947205,47.06552877375427,556.4041784313208 7.478107593947205,47.06552877375427,586.3941784313208 7.478107593947205,47.06513961490564,586.3941784313208 7.478107593947205,47.06513961490564,556.4041784313208</coordinates>
                    </LinearRing>
                  </outerBoundaryIs>
                </Polygon>
                <Polygon>
                  <altitudeMode>absolute</altitudeMode>
                  <outerBoundaryIs>
                    <LinearRing>
                      <coordinates>7.478107593947205,47.06513961490564,556.4041784313208 7.478107593947205,47.06513961490564,586.3941784313208 7.477085765467653,47.06513961490564,586.3941784313208 7.477085765467653,47.06513961490564,556.4041784313208</coordinates>
                    </LinearRing>
                  </outerBoundaryIs>
                </Polygon>
              </MultiGeometry>
            </Placemark>
          </Folder>
          <Folder>
            <name>E41: uss1 astm.f3548.v21.dss.queryOperationalIntentReferences</name>
            <Placemark>
              <name>area_of_interest</name>
              <styleUrl>#QueryArea</styleUrl>
              <description><![CDATA[<ul><li>uss2's Accepted d46436f7-1798-4d3b-a290-0b49d05b5c4e[1]</li></ul>]]></description>
              <TimeSpan>
                <begin>2026-10-08T16:10:31.027194+00:00</begin>
                <end>2026-10-08T16:55:32.027194+00:00</end>
              </TimeSpan>
              <MultiGeometry>
                <Polygon>
                  <altitudeMode>absolute</altitudeMode>
                  <outerBoundaryIs>
                    <LinearRing>
                      <coordinates>7.477085765467653,47.06513961490564,556.4041784313208 7.477085765467653,47.06552877375427,556.4041784313208 7.478107593947205,47.06552877375427,556.4041784313208 7.478107593947205,47.06513961490564,556.4041784313208</coordinates>
                    </LinearRing>
                  </outerBoundaryIs>
                </Polygon>
                <Polygon>
                  <altitudeMode>absolute</altitudeMode>
                  <outerBoundaryIs>
                    <LinearRing>
                      <coordinates>7.477085765467653,47.06513961490564,586.3941784313208 7.477085765467653,47.06552877375427,586.3941784313208 7.478107593947205,47.06552877375427,586.3941784313208 7.478107593947205,47.06513961490564,586.3941784313208</coordinates>
                    </LinearRing>
                  </outerBoundaryIs>
                </Polygon>
                <Polygon>
                  <altitudeMode>absolute</altitudeMode>
                  <outerBoundaryIs>
                    <LinearRing>
                      <coordinates>7.477085765467653,47.06513961490564,556.4041784313208 7.477085765467653,47.06513961490564,586.3941784313208 7.477085765467653,47.06552877375427,586.3941784313208 7.477085765467653,47.06552877375427,556.4041784313208</coordinates>
                    </LinearRing>
                  </outerBoundaryIs>
                </Polygon>
                <Polygon>
                  <altitudeMode>absolute</altitudeMode>
                  <outerBoundaryIs>
                    <LinearRing>
                      <coordinates>7.477085765467653,47.06552877375427,556.4041784313208 7.477085765467653,47.06552877375427,586.3941784313208 7.478107593947205,47.06552877375427,586.3941784313208 7.478107593947205,47.06552877375427,556.4041784313208</coordinates>
                    </LinearRing>
                  </outerBoundaryIs>
                </Polygon>
                <Polygon>
                  <altitudeMode>absolute</altitudeMode>
                  <outerBoundaryIs>
                    <LinearRing>
                      <coordinates>7.478107593947205,47.06552877375427,556.4041784313208 7.478107593947205,47.06552877375427,586.3941784313208 7.478107593947205,47.06513961490564,586.3941784313208 7.478107593947205,47.06513961490564,556.4041784313208</coordinates>
                    </LinearRing>
                  </outerBoundaryIs>
                </Polygon>
                <Polygon>
                  <altitudeMode>absolute</altitudeMode>
                  <outerBoundaryIs>
                    <LinearRing>
                      <coordinates>7.478107593947205,47.06513961490564,556.4041784313208 7.478107593947205,47.06513961490564,586.3941784313208 7.477085765467653,47.06513961490564,586.3941784313208 7.477085765467653,47.06513961490564,556.4041784313208</coordinates>
                    </LinearRing>
                  </outerBoundaryIs>
                </Polygon>
              </MultiGeometry>
            </Placemark>
          </Folder>
          <Folder>
            <name>E45: uss2 astm.f3548.v21.uss.getOperationalIntentDetails</name>
            <Folder>
              <name>uss2's P0 Accepted d46436f7-1798-4d3b-a290-0b49d05b5c4e[1] @ SKM5vrc3f5Laxd1Yh8-VKsRqyFDKcqKlS00LrMD2Ob8_</name>
              <Placemark>
                <name>Nominal volume 0</name>
                <styleUrl>#F3548v21Accepted</styleUrl>
                <TimeSpan>
                  <begin>2026-10-08T16:10:32.055315+00:00</begin>
                  <end>2026-10-08T16:55:32.027194+00:00</end>
                </TimeSpan>
                <MultiGeometry>
                  <Polygon>
                    <altitudeMode>absolute</altitudeMode>
                    <outerBoundaryIs>
                      <LinearRing>
                        <coordinates>7.477085765467653,47.06522925706449,556.4041784804684 7.477110755241576,47.06552877375427,556.4041784804684 7.478063469687955,47.06549188844276,556.4041784804684 7.478107593947205,47.06513961490564,556.4041784804684</coordinates>
                      </LinearRing>
                    </outerBoundaryIs>
                  </Polygon>
                  <Polygon>
                    <altitudeMode>absolute</altitudeMode>
                    <outerBoundaryIs>
                      <LinearRing>
                        <coordinates>7.477085765467653,47.06522925706449,586.3941784804684 7.477110755241576,47.06552877375427,586.3941784804684 7.478063469687955,47.06549188844276,586.3941784804684 7.478107593947205,47.06513961490564,586.3941784804684</coordinates>
                      </LinearRing>
                    </outerBoundaryIs>
                  </Polygon>
                  <Polygon>
                    <altitudeMode>absolute</altitudeMode>
                    <outerBoundaryIs>
                      <LinearRing>
                        <coordinates>7.477085765467653,47.06522925706449,556.4041784804684 7.477085765467653,47.06522925706449,586.3941784804684 7.477110755241576,47.06552877375427,586.3941784804684 7.477110755241576,47.06552877375427,556.4041784804684</coordinates>
                      </LinearRing>
                    </outerBoundaryIs>
                  </Polygon>
                  <Polygon>
                    <altitudeMode>absolute</altitudeMode>
                    <outerBoundaryIs>
                      <LinearRing>
                        <coordinates>7.477110755241576,47.06552877375427,556.4041784804684 7.477110755241576,47.06552877375427,586.3941784804684 7.478063469687955,47.06549188844276,586.3941784804684 7.478063469687955,47.06549188844276,556.4041784804684</coordinates>
                      </LinearRing>
                    </outerBoundaryIs>
                  </Polygon>
                  <Polygon>
                    <altitudeMode>absolute</altitudeMode>
                    <outerBoundaryIs>
                      <LinearRing>
                        <coordinates>7.478063469687955,47.06549188844276,556.4041784804684 7.478063469687955,47.06549188844276,586.3941784804684 7.478107593947205,47.06513961490564,586.3941784804684 7.478107593947205,47.06513961490564,556.4041784804684</coordinates>
                      </LinearRing>
                    </outerBoundaryIs>
                  </Polygon>
                  <Polygon>
                    <altitudeMode>absolute</altitudeMode>
                    <outerBoundaryIs>
                      <LinearRing>
                        <coordinates>7.478107593947205,47.06513961490564,556.4041784804684 7.478107593947205,47.06513961490564,586.3941784804684 7.477085765467653,47.06522925706449,586.3941784804684 7.477085765467653,47.06522925706449,556.4041784804684</coordinates>
                      </LinearRing>
                    </outerBoundaryIs>
                  </Polygon>
                </MultiGeometry>
              </Placemark>
            </Folder>
          </Folder>
        </Folder>
        <Folder>
          <name>Plan Flight 2</name>
          <Folder>
            <name>E58: uss1 astm.f3548.v21.dss.queryOperationalIntentReferences</name>
            <Placemark>
              <name>area_of_interest</name>
              <styleUrl>#QueryArea</styleUrl>
              <description><![CDATA[<ul><li>uss2's Accepted d46436f7-1798-4d3b-a290-0b49d05b5c4e[1]</li></ul>]]></description>
              <TimeSpan>
                <begin>2026-10-08T16:10:31.168180+00:00</begin>
                <end>2026-10-08T16:55:32.168180+00:00</end>
              </TimeSpan>
              <MultiGeometry>
                <Polygon>
                  <altitudeMode>absolute</altitudeMode>
                  <outerBoundaryIs>
                    <LinearRing>
                      <coordinates>7.477045799310559,47.06517082637769,555.3239494274349 7.477045799310559,47.0659196179747,555.3239494274349 7.477627920960395,47.0659196179747,555.3239494274349 7.477627920960395,47.06517082637769,555.3239494274349</coordinates>
                    </LinearRing>
                  </outerBoundaryIs>
                </Polygon>
                <Polygon>
                  <altitudeMode>absolute</altitudeMode>
                  <outerBoundaryIs>
                    <LinearRing>
                      <coordinates>7.477045799310559,47.06517082637769,584.393949427435 7.477045799310559,47.0659196179747,584.393949427435 7.477627920960395,47.0659196179747,584.393949427435 7.477627920960395,47.06517082637769,584.393949427435</coordinates>
                    </LinearRing>
                  </outerBoundaryIs>
                </Polygon>
                <Polygon>
                  <altitudeMode>absolute</altitudeMode>
                  <outerBoundaryIs>
                    <LinearRing>
                      <coordinates>7.477045799310559,47.06517082637769,555.3239494274349 7.477045799310559,47.06517082637769,584.393949427435 7.477045799310559,47.0659196179747,584.393949427435 7.477045799310559,47.0659196179747,555.3239494274349</coordinates>
                    </LinearRing>
                  </outerBoundaryIs>
                </Polygon>
                <Polygon>
                  <altitudeMode>absolute</altitudeMode>
                  <outerBoundaryIs>
                    <LinearRing>
                      <coordinates>7.477045799310559,47.0659196179747,555.3239494274349 7.477045799310559,47.0659196179747,584.393949427435 7.477627920960395,47.0659196179747,584.393949427435 7.477627920960395,47.0659196179747,555.3239494274349</coordinates>
                    </LinearRing>
                  </outerBoundaryIs>
                </Polygon>
                <Polygon>
                  <altitudeMode>absolute</altitudeMode>
                  <outerBoundaryIs>
                    <LinearRing>
                      <coordinates>7.477627920960395,47.0659196179747,555.3239494274349 7.477627920960395,47.0659196179747,584.393949427435 7.477627920960395,47.06517082637769,584.393949427435 7.477627920960395,47.06517082637769,555.3239494274349</coordinates>
                    </LinearRing>
                  </outerBoundaryIs>
                </Polygon>
                <Polygon>
                  <altitudeMode>absolute</altitudeMode>
                  <outerBoundaryIs>
                    <LinearRing>
                      <coordinates>7.477627920960395,47.06517082637769,555.3239494274349 7.477627920960395,47.06517082637769,584.393949427435 7.477045799310559,47.06517082637769,584.393949427435 7.477045799310559,47.06517082637769,555.3239494274349</coordinates>
                    </LinearRing>
                  </outerBoundaryIs>
                </Polygon>
              </MultiGeometry>
            </Placemark>
          </Folder>
          <Folder>
            <name>E60: uss1 interuss.automated_testing.flight_planning.v1.UpsertFlightPlan</name>
            <Folder>
              <name>Activity Completed, flight Planned</name>
              <Placemark>
                <name>Volume 0</name>
                <styleUrl>#Planned_Nominal</styleUrl>
                <TimeSpan>
                  <begin>2026-10-08T16:10:31.168180+00:00</begin>
                  <end>2026-10-08T16:55:32.168180+00:00</end>
                </TimeSpan>
                <MultiGeometry>
                  <Polygon>
                    <altitudeMode>absolute</altitudeMode>
                    <outerBoundaryIs>
                      <LinearRing>
                        <coordinates>7.477045799310559,47.065631449659406,555.3239581809179 7.477301456393047,47.06517082637769,555.3239581809179 7.477627920960395,47.06555883284356,555.3239581809179 7.477363934315723,47.0659196179747,555.3239581809179</coordinates>
                      </LinearRing>
                    </outerBoundaryIs>
                  </Polygon>
                  <Polygon>
                    <altitudeMode>absolute</altitudeMode>
                    <outerBoundaryIs>
                      <LinearRing>
                        <coordinates>7.477045799310559,47.065631449659406,584.3939581809179 7.477301456393047,47.06517082637769,584.3939581809179 7.477627920960395,47.06555883284356,584.3939581809179 7.477363934315723,47.0659196179747,584.3939581809179</coordinates>
                      </LinearRing>
                    </outerBoundaryIs>
                  </Polygon>
                  <Polygon>
                    <altitudeMode>absolute</altitudeMode>
                    <outerBoundaryIs>
                      <LinearRing>
                        <coordinates>7.477045799310559,47.065631449659406,555.3239581809179 7.477045799310559,47.065631449659406,584.3939581809179 7.477301456393047,47.06517082637769,584.3939581809179 7.477301456393047,47.06517082637769,555.3239581809179</coordinates>
                      </LinearRing>
                    </outerBoundaryIs>
                  </Polygon>
                  <Polygon>
                    <altitudeMode>absolute</altitudeMode>
                    <outerBoundaryIs>
                      <LinearRing>
                        <coordinates>7.477301456393047,47.06517082637769,555.3239581809179 7.477301456393047,47.06517082637769,584.3939581809179 7.477627920960395,47.06555883284356,584.3939581809179 7.477627920960395,47.06555883284356,555.3239581809179</coordinates>
                      </LinearRing>
                    </outerBoundaryIs>
                  </Polygon>
                  <Polygon>
                    <altitudeMode>absolute</altitudeMode>
                    <outerBoundaryIs>
                      <LinearRing>
                        <coordinates>7.477627920960395,47.06555883284356,555.3239581809179 7.477627920960395,47.06555883284356,584.3939581809179 7.477363934315723,47.0659196179747,584.3939581809179 7.477363934315723,47.0659196179747,555.3239581809179</coordinates>
                      </LinearRing>
                    </outerBoundaryIs>
                  </Polygon>
                  <Polygon>
                    <altitudeMode>absolute</altitudeMode>
                    <outerBoundaryIs>
                      <LinearRing>
                        <coordinates>7.477363934315723,47.0659196179747,555.3239581809179 7.477363934315723,47.0659196179747,584.3939581809179 7.477045799310559,47.065631449659406,584.3939581809179 7.477045799310559,47.065631449659406,555.3239581809179</coordinates>
                      </LinearRing>
                    </outerBoundaryIs>
                  </Polygon>
                </MultiGeometry>
              </Placemark>
            </Folder>
          </Folder>
          <Folder>
            <name>E64: uss1 astm.f3548.v21.dss.queryOperationalIntentReferences</name>
            <Placemark>
              <name>area_of_interest</name>
              <styleUrl>#QueryArea</styleUrl>
              <description><![CDATA[<ul><li>uss2's Accepted d46436f7-1798-4d3b-a290-0b49d05b5c4e[1]</li><li>uss1's Accepted e64424fe-6803-4e68-8d9a-9a044efc8f83[1]</li></ul>]]></description>
              <TimeSpan>
                <begin>2026-10-08T16:10:31.168180+00:00</begin>
                <end>2026-10-08T16:55:32.168180+00:00</end>
              </TimeSpan>
              <MultiGeometry>
                <Polygon>
                  <altitudeMode>absolute</altitudeMode>
                  <outerBoundaryIs>
                    <LinearRing>
                      <coordinates>7.477045799310559,47.06517082637769,555.3239494274349 7.477045799310559,47.0659196179747,555.3239494274349 7.477627920960395,47.0659196179747,555.3239494274349 7.477627920960395,47.06517082637769,555.3239494274349</coordinates>
                    </LinearRing>
                  </outerBoundaryIs>
                </Polygon>
                <Polygon>
                  <altitudeMode>absolute</altitudeMode>
                  <outerBoundaryIs>
                    <LinearRing>
                      <coordinates>7.477045799310559,47.06517082637769,584.393949427435 7.477045799310559,47.0659196179747,584.393949427435 7.477627920960395,47.0659196179747,584.393949427435 7.477627920960395,47.06517082637769,584.393949427435</coordinates>
                    </LinearRing>
                  </outerBoundaryIs>
                </Polygon>
                <Polygon>
                  <altitudeMode>absolute</altitudeMode>
                  <outerBoundaryIs>
                    <LinearRing>
                      <coordinates>7.477045799310559,47.06517082637769,555.3239494274349 7.477045799310559,47.06517082637769,584.393949427435 7.477045799310559,47.0659196179747,584.393949427435 7.477045799310559,47.0659196179747,555.3239494274349</coordinates>
                    </LinearRing>
                  </outerBoundaryIs>
                </Polygon>
                <Polygon>
                  <altitudeMode>absolute</altitudeMode>
                  <outerBoundaryIs>
                    <LinearRing>
                      <coordinates>7.477045799310559,47.0659196179747,555.3239494274349 7.477045799310559,47.0659196179747,584.393949427435 7.477627920960395,47.0659196179747,584.393949427435 7.477627920960395,47.0659196179747,555.3239494274349</coordinates>
                    </LinearRing>
                  </outerBoundaryIs>
                </Polygon>
                <Polygon>
                  <altitudeMode>absolute</altitudeMode>
                  <outerBoundaryIs>
                    <LinearRing>
                      <coordinates>7.477627920960395,47.0659196179747,555.3239494274349 7.477627920960395,47.0659196179747,584.393949427435 7.477627920960395,47.06517082637769,584.393949427435 7.477627920960395,47.06517082637769,555.3239494274349</coordinates>
                    </LinearRing>
                  </outerBoundaryIs>
                </Polygon>
                <Polygon>
                  <altitudeMode>absolute</altitudeMode>
                  <outerBoundaryIs>
                    <LinearRing>
                      <coordinates>7.477627920960395,47.06517082637769,555.3239494274349 7.477627920960395,47.06517082637769,584.393949427435 7.477045799310559,47.06517082637769,584.393949427435 7.477045799310559,47.06517082637769,555.3239494274349</coordinates>
                    </LinearRing>
                  </outerBoundaryIs>
                </Polygon>
              </MultiGeometry>
            </Placemark>
          </Folder>
          <Folder>
            <name>E68: uss1 astm.f3548.v21.uss.getOperationalIntentDetails</name>
            <Folder>
              <name>uss1's P100 Accepted e64424fe-6803-4e68-8d9a-9a044efc8f83[1] @ Ab7EI7BFgtlRVB8RCG54TwfCoJXBBHc5wMxzxMP0X3I_</name>
              <Placemark>
                <name>Nominal volume 0</name>
                <styleUrl>#F3548v21Accepted</styleUrl>
                <TimeSpan>
                  <begin>2026-10-08T16:10:32.198535+00:00</begin>
                  <end>2026-10-08T16:55:32.168180+00:00</end>
                </TimeSpan>
                <MultiGeometry>
                  <Polygon>
                    <altitudeMode>absolute</altitudeMode>
                    <outerBoundaryIs>
                      <LinearRing>
                        <coordinates>7.477045799310559,47.065631449659406,555.3239581809179 7.477301456393047,47.06517082637769,555.3239581809179 7.477627920960395,47.06555883284356,555.3239581809179 7.477363934315723,47.0659196179747,555.3239581809179</coordinates>
                      </LinearRing>
                    </outerBoundaryIs>
                  </Polygon>
                  <Polygon>
                    <altitudeMode>absolute</altitudeMode>
                    <outerBoundaryIs>
                      <LinearRing>
                        <coordinates>7.477045799310559,47.065631449659406,584.3939581809179 7.477301456393047,47.06517082637769,584.3939581809179 7.477627920960395,47.06555883284356,584.3939581809179 7.477363934315723,47.0659196179747,584.3939581809179</coordinates>
                      </LinearRing>
                    </outerBoundaryIs>
                  </Polygon>
                  <Polygon>
                    <altitudeMode>absolute</altitudeMode>
                    <outerBoundaryIs>
                      <LinearRing>
                        <coordinates>7.477045799310559,47.065631449659406,555.3239581809179 7.477045799310559,47.065631449659406,584.3939581809179 7.477301456393047,47.06517082637769,584.3939581809179 7.477301456393047,47.06517082637769,555.3239581809179</coordinates>
                      </LinearRing>
                    </outerBoundaryIs>
                  </Polygon>
                  <Polygon>
                    <altitudeMode>absolute</altitudeMode>
                    <outerBoundaryIs>
                      <LinearRing>
                        <coordinates>7.477301456393047,47.06517082637769,555.3239581809179 7.477301456393047,47.06517082637769,584.3939581809179 7.477627920960395,47.06555883284356,584.3939581809179 7.477627920960395,47.06555883284356,555.3239581809179</coordinates>
                      </LinearRing>
                    </outerBoundaryIs>
                  </Polygon>
                  <Polygon>
                    <altitudeMode>absolute</altitudeMode>
                    <outerBoundaryIs>
                      <LinearRing>
                        <coordinates>7.477627920960395,47.06555883284356,555.3239581809179 7.477627920960395,47.06555883284356,584.3939581809179 7.477363934315723,47.0659196179747,584.3939581809179 7.477363934315723,47.0659196179747,555.3239581809179</coordinates>
                      </LinearRing>
                    </outerBoundaryIs>
                  </Polygon>
                  <Polygon>
                    <altitudeMode>absolute</altitudeMode>
                    <outerBoundaryIs>
                      <LinearRing>
                        <coordinates>7.477363934315723,47.0659196179747,555.3239581809179 7.477363934315723,47.0659196179747,584.3939581809179 7.477045799310559,47.065631449659406,584.3939581809179 7.477045799310559,47.065631449659406,555.3239581809179</coordinates>
                      </LinearRing>
                    </outerBoundaryIs>
                  </Polygon>
                </MultiGeometry>
              </Placemark>
            </Folder>
          </Folder>
        </Folder>
        <Folder>
          <name>Check for conflict notifications</name>
        </Folder>
        <Folder>
          <name>Attempt to modify planned Flight 1 in conflict</name>
          <Folder>
            <name>E81: uss1 astm.f3548.v21.dss.queryOperationalIntentReferences</name>
            <Placemark>
              <name>area_of_interest</name>
              <styleUrl>#QueryArea</styleUrl>
              <description><![CDATA[<ul><li>uss2's Accepted d46436f7-1798-4d3b-a290-0b49d05b5c4e[1]</li><li>uss1's Accepted e64424fe-6803-4e68-8d9a-9a044efc8f83[1]</li></ul>]]></description>
              <TimeSpan>
                <begin>2026-10-08T16:10:31.417017+00:00</begin>
                <end>2026-10-08T16:55:32.417017+00:00</end>
              </TimeSpan>
              <MultiGeometry>
                <Polygon>
                  <altitudeMode>absolute</altitudeMode>
                  <outerBoundaryIs>
                    <LinearRing>
                      <coordinates>7.477085765467653,47.06513961490564,526.3641784313209 7.477085765467653,47.06552877375427,526.3641784313209 7.478107593947205,47.06552877375427,526.3641784313209 7.478107593947205,47.06513961490564,526.3641784313209</coordinates>
                    </LinearRing>
                  </outerBoundaryIs>
                </Polygon>
                <Polygon>
                  <altitudeMode>absolute</altitudeMode>
                  <outerBoundaryIs>
                    <LinearRing>
                      <coordinates>7.477085765467653,47.06513961490564,586.3941784313208 7.477085765467653,47.06552877375427,586.3941784313208 7.478107593947205,47.06552877375427,586.3941784313208 7.478107593947205,47.06513961490564,586.3941784313208</coordinates>
                    </LinearRing>
                  </outerBoundaryIs>
                </Polygon>
                <Polygon>
                  <altitudeMode>absolute</altitudeMode>
                  <outerBoundaryIs>
                    <LinearRing>
                      <coordinates>7.477085765467653,47.06513961490564,526.3641784313209 7.477085765467653,47.06513961490564,586.3941784313208 7.477085765467653,47.06552877375427,586.3941784313208 7.477085765467653,47.06552877375427,526.3641784313209</coordinates>
                    </LinearRing>
                  </outerBoundaryIs>
                </Polygon>
                <Polygon>
                  <altitudeMode>absolute</altitudeMode>
                  <outerBoundaryIs>
                    <LinearRing>
                      <coordinates>7.477085765467653,47.06552877375427,526.3641784313209 7.477085765467653,47.06552877375427,586.3941784313208 7.478107593947205,47.06552877375427,586.3941784313208 7.478107593947205,47.06552877375427,526.3641784313209</coordinates>
                    </LinearRing>
                  </outerBoundaryIs>
                </Polygon>
                <Polygon>
                  <altitudeMode>absolute</altitudeMode>
                  <outerBoundaryIs>
                    <LinearRing>
                      <coordinates>7.478107593947205,47.06552877375427,526.3641784313209 7.478107593947205,47.06552877375427,586.3941784313208 7.478107593947205,47.06513961490564,586.3941784313208 7.478107593947205,47.06513961490564,526.3641784313209</coordinates>
                    </LinearRing>
                  </outerBoundaryIs>
                </Polygon>
                <Polygon>
                  <altitudeMode>absolute</altitudeMode>
                  <outerBoundaryIs>
                    <LinearRing>
                      <coordinates>7.478107593947205,47.06513961490564,526.3641784313209 7.478107593947205,47.06513961490564,586.3941784313208 7.477085765467653,47.06513961490564,586.3941784313208 7.477085765467653,47.06513961490564,526.3641784313209</coordinates>
                    </LinearRing>
                  </outerBoundaryIs>
                </Polygon>
              </MultiGeometry>
            </Placemark>
          </Folder>
          <Folder>
            <name>E86: uss1 astm.f3548.v21.dss.queryOperationalIntentReferences</name>
            <Placemark>
              <name>area_of_interest</name>
              <styleUrl>#QueryArea</styleUrl>
              <description><![CDATA[<ul><li>uss2's Accepted d46436f7-1798-4d3b-a290-0b49d05b5c4e[1]</li><li>uss1's Accepted e64424fe-6803-4e68-8d9a-9a044efc8f83[1]</li></ul>]]></description>
              <TimeSpan>
                <begin>2026-10-08T16:10:31.417017+00:00</begin>
                <end>2026-10-08T16:55:32.417017+00:00</end>
              </TimeSpan>
              <MultiGeometry>
                <Polygon>
                  <altitudeMode>absolute</altitudeMode>
                  <outerBoundaryIs>
                    <LinearRing>
                      <coordinates>7.477085765467653,47.06513961490564,526.3641784313209 7.477085765467653,47.06552877375427,526.3641784313209 7.478107593947205,47.06552877375427,526.3641784313209 7.478107593947205,47.06513961490564,526.3641784313209</coordinates>
                    </LinearRing>
                  </outerBoundaryIs>
                </Polygon>
                <Polygon>
                  <altitudeMode>absolute</altitudeMode>
                  <outerBoundaryIs>
                    <LinearRing>
                      <coordinates>7.477085765467653,47.06513961490564,586.3941784313208 7.477085765467653,47.06552877375427,586.3941784313208 7.478107593947205,47.06552877375427,586.3941784313208 7.478107593947205,47.06513961490564,586.3941784313208</coordinates>
                    </LinearRing>
                  </outerBoundaryIs>
                </Polygon>
                <Polygon>
                  <altitudeMode>absolute</altitudeMode>
                  <outerBoundaryIs>
                    <LinearRing>
                      <coordinates>7.477085765467653,47.06513961490564,526.3641784313209 7.477085765467653,47.06513961490564,586.3941784313208 7.477085765467653,47.06552877375427,586.3941784313208 7.477085765467653,47.06552877375427,526.3641784313209</coordinates>
                    </LinearRing>
                  </outerBoundaryIs>
                </Polygon>
                <Polygon>
                  <altitudeMode>absolute</altitudeMode>
                  <outerBoundaryIs>
                    <LinearRing>
                      <coordinates>7.477085765467653,47.06552877375427,526.3641784313209 7.477085765467653,47.06552877375427,586.3941784313208 7.478107593947205,47.06552877375427,586.3941784313208 7.478107593947205,47.06552877375427,526.3641784313209</coordinates>
                    </LinearRing>
                  </outerBoundaryIs>
                </Polygon>
                <Polygon>
                  <altitudeMode>absolute</altitudeMode>
                  <outerBoundaryIs>
                    <LinearRing>
                      <coordinates>7.478107593947205,47.06552877375427,526.3641784313209 7.478107593947205,47.06552877375427,586.3941784313208 7.478107593947205,47.06513961490564,586.3941784313208 7.478107593947205,47.06513961490564,526.3641784313209</coordinates>
                    </LinearRing>
                  </outerBoundaryIs>
                </Polygon>
                <Polygon>
                  <altitudeMode>absolute</altitudeMode>
                  <outerBoundaryIs>
                    <LinearRing>
                      <coordinates>7.478107593947205,47.06513961490564,526.3641784313209 7.478107593947205,47.06513961490564,586.3941784313208 7.477085765467653,47.06513961490564,586.3941784313208 7.477085765467653,47.06513961490564,526.3641784313209</coordinates>
                    </LinearRing>
                  </outerBoundaryIs>
                </Polygon>
              </MultiGeometry>
            </Placemark>
          </Folder>
          <Folder>
            <name>E90: uss2 astm.f3548.v21.uss.getOperationalIntentDetails</name>
            <Folder>
              <name>uss2's P0 Accepted d46436f7-1798-4d3b-a290-0b49d05b5c4e[1] @ SKM5vrc3f5Laxd1Yh8-VKsRqyFDKcqKlS00LrMD2Ob8_</name>
              <Placemark>
                <name>Nominal volume 0</name>
                <styleUrl>#F3548v21Accepted</styleUrl>
                <TimeSpan>
                  <begin>2026-10-08T16:10:32.055315+00:00</begin>
                  <end>2026-10-08T16:55:32.027194+00:00</end>
                </TimeSpan>
                <MultiGeometry>
                  <Polygon>
                    <altitudeMode>absolute</altitudeMode>
                    <outerBoundaryIs>
                      <LinearRing>
                        <coordinates>7.477085765467653,47.06522925706449,556.4041784804684 7.477110755241576,47.06552877375427,556.4041784804684 7.478063469687955,47.06549188844276,556.4041784804684 7.478107593947205,47.06513961490564,556.4041784804684</coordinates>
                      </LinearRing>
                    </outerBoundaryIs>
                  </Polygon>
                  <Polygon>
                    <altitudeMode>absolute</altitudeMode>
                    <outerBoundaryIs>
                      <LinearRing>
                        <coordinates>7.477085765467653,47.06522925706449,586.3941784804684 7.477110755241576,47.06552877375427,586.3941784804684 7.478063469687955,47.06549188844276,586.3941784804684 7.478107593947205,47.06513961490564,586.3941784804684</coordinates>
                      </LinearRing>
                    </outerBoundaryIs>
                  </Polygon>
                  <Polygon>
                    <altitudeMode>absolute</altitudeMode>
                    <outerBoundaryIs>
                      <LinearRing>
                        <coordinates>7.477085765467653,47.06522925706449,556.4041784804684 7.477085765467653,47.06522925706449,586.3941784804684 7.477110755241576,47.06552877375427,586.3941784804684 7.477110755241576,47.06552877375427,556.4041784804684</coordinates>
                      </LinearRing>
                    </outerBoundaryIs>
                  </Polygon>
                  <Polygon>
                    <altitudeMode>absolute</altitudeMode>
                    <outerBoundaryIs>
                      <LinearRing>
                        <coordinates>7.477110755241576,47.06552877375427,556.4041784804684 7.477110755241576,47.06552877375427,586.3941784804684 7.478063469687955,47.06549188844276,586.3941784804684 7.478063469687955,47.06549188844276,556.4041784804684</coordinates>
                      </LinearRing>
                    </outerBoundaryIs>
                  </Polygon>
                  <Polygon>
                    <altitudeMode>absolute</altitudeMode>
                    <outerBoundaryIs>
                      <LinearRing>
                        <coordinates>7.478063469687955,47.06549188844276,556.4041784804684 7.478063469687955,47.06549188844276,586.3941784804684 7.478107593947205,47.06513961490564,586.3941784804684 7.478107593947205,47.06513961490564,556.4041784804684</coordinates>
                      </LinearRing>
                    </outerBoundaryIs>
                  </Polygon>
                  <Polygon>
                    <altitudeMode>absolute</altitudeMode>
                    <outerBoundaryIs>
                      <LinearRing>
                        <coordinates>7.478107593947205,47.06513961490564,556.4041784804684 7.478107593947205,47.06513961490564,586.3941784804684 7.477085765467653,47.06522925706449,586.3941784804684 7.477085765467653,47.06522925706449,556.4041784804684</coordinates>
                      </LinearRing>
                    </outerBoundaryIs>
                  </Polygon>
                </MultiGeometry>
              </Placemark>
            </Folder>
          </Folder>
        </Folder>
      </Folder>
      <Folder>
        <name>Attempt to activate flight in conflict</name>
        <Folder>
          <name>Attempt to activate conflicting Flight 1</name>
          <Folder>
            <name>E99: uss1 astm.f3548.v21.dss.queryOperationalIntentReferences</name>
            <Placemark>
              <name>area_of_interest</name>
              <styleUrl>#QueryArea</styleUrl>
              <description><![CDATA[<ul><li>uss2's Accepted d46436f7-1798-4d3b-a290-0b49d05b5c4e[1]</li><li>uss1's Accepted e64424fe-6803-4e68-8d9a-9a044efc8f83[1]</li></ul>]]></description>
              <TimeSpan>
                <begin>2026-10-08T16:10:31.531304+00:00</begin>
                <end>2026-10-08T16:55:32.531304+00:00</end>
              </TimeSpan>
              <MultiGeometry>
                <Polygon>
                  <altitudeMode>absolute</altitudeMode>
                  <outerBoundaryIs>
                    <LinearRing>
                      <coordinates>7.477085765467653,47.06513961490564,556.4041784313208 7.477085765467653,47.06552877375427,556.4041784313208 7.478107593947205,47.06552877375427,556.4041784313208 7.478107593947205,47.06513961490564,556.4041784313208</coordinates>
                    </LinearRing>
                  </outerBoundaryIs>
                </Polygon>
                <Polygon>
                  <altitudeMode>absolute</altitudeMode>
                  <outerBoundaryIs>
                    <LinearRing>
                      <coordinates>7.477085765467653,47.06513961490564,586.3941784313208 7.477085765467653,47.06552877375427,586.3941784313208 7.478107593947205,47.06552877375427,586.3941784313208 7.478107593947205,47.06513961490564,586.3941784313208</coordinates>
                    </LinearRing>
                  </outerBoundaryIs>
                </Polygon>
                <Polygon>
                  <altitudeMode>absolute</altitudeMode>
                  <outerBoundaryIs>
                    <LinearRing>
                      <coordinates>7.477085765467653,47.06513961490564,556.4041784313208 7.477085765467653,47.06513961490564,586.3941784313208 7.477085765467653,47.06552877375427,586.3941784313208 7.477085765467653,47.06552877375427,556.4041784313208</coordinates>
                    </LinearRing>
                  </outerBoundaryIs>
                </Polygon>
                <Polygon>
                  <altitudeMode>absolute</altitudeMode>
                  <outerBoundaryIs>
                    <LinearRing>
                      <coordinates>7.477085765467653,47.06552877375427,556.4041784313208 7.477085765467653,47.06552877375427,586.3941784313208 7.478107593947205,47.06552877375427,586.3941784313208 7.478107593947205,47.06552877375427,556.4041784313208</coordinates>
                    </LinearRing>
                  </outerBoundaryIs>
                </Polygon>
                <Polygon>
                  <altitudeMode>absolute</altitudeMode>
                  <outerBoundaryIs>
                    <LinearRing>
                      <coordinates>7.478107593947205,47.06552877375427,556.4041784313208 7.478107593947205,47.06552877375427,586.3941784313208 7.478107593947205,47.06513961490564,586.3941784313208 7.478107593947205,47.06513961490564,556.4041784313208</coordinates>
                    </LinearRing>
                  </outerBoundaryIs>
                </Polygon>
                <Polygon>
                  <altitudeMode>absolute</altitudeMode>
                  <outerBoundaryIs>
                    <LinearRing>
                      <coordinates>7.478107593947205,47.06513961490564,556.4041784313208 7.478107593947205,47.06513961490564,586.3941784313208 7.477085765467653,47.06513961490564,586.3941784313208 7.477085765467653,47.06513961490564,556.4041784313208</coordinates>
                    </LinearRing>
                  </outerBoundaryIs>
                </Polygon>
              </MultiGeometry>
            </Placemark>
          </Folder>
          <Folder>
            <name>E104: uss1 astm.f3548.v21.dss.queryOperationalIntentReferences</name>
            <Placemark>
              <name>area_of_interest</name>
              <styleUrl>#QueryArea</styleUrl>
              <description><![CDATA[<ul><li>uss2's Accepted d46436f7-1798-4d3b-a290-0b49d05b5c4e[1]</li><li>uss1's Accepted e64424fe-6803-4e68-8d9a-9a044efc8f83[1]</li></ul>]]></description>
              <TimeSpan>
                <begin>2026-10-08T16:10:31.531304+00:00</begin>
                <end>2026-10-08T16:55:32.531304+00:00</end>
              </TimeSpan>
              <MultiGeometry>
                <Polygon>
                  <altitudeMode>absolute</altitudeMode>
                  <outerBoundaryIs>
                    <LinearRing>
                      <coordinates>7.477085765467653,47.06513961490564,556.4041784313208 7.477085765467653,47.06552877375427,556.4041784313208 7.478107593947205,47.06552877375427,556.4041784313208 7.478107593947205,47.06513961490564,556.4041784313208</coordinates>
                    </LinearRing>
                  </outerBoundaryIs>
                </Polygon>
                <Polygon>
                  <altitudeMode>absolute</altitudeMode>
                  <outerBoundaryIs>
                    <LinearRing>
                      <coordinates>7.477085765467653,47.06513961490564,586.3941784313208 7.477085765467653,47.06552877375427,586.3941784313208 7.478107593947205,47.06552877375427,586.3941784313208 7.478107593947205,47.06513961490564,586.3941784313208</coordinates>
                    </LinearRing>
                  </outerBoundaryIs>
                </Polygon>
                <Polygon>
                  <altitudeMode>absolute</altitudeMode>
                  <outerBoundaryIs>
                    <LinearRing>
                      <coordinates>7.477085765467653,47.06513961490564,556.4041784313208 7.477085765467653,47.06513961490564,586.3941784313208 7.477085765467653,47.06552877375427,586.3941784313208 7.477085765467653,47.06552877375427,556.4041784313208</coordinates>
                    </LinearRing>
                  </outerBoundaryIs>
                </Polygon>
                <Polygon>
                  <altitudeMode>absolute</altitudeMode>
                  <outerBoundaryIs>
                    <LinearRing>
                      <coordinates>7.477085765467653,47.06552877375427,556.4041784313208 7.477085765467653,47.06552877375427,586.3941784313208 7.478107593947205,47.06552877375427,586.3941784313208 7.478107593947205,47.06552877375427,556.4041784313208</coordinates>
                    </LinearRing>
                  </outerBoundaryIs>
                </Polygon>
                <Polygon>
                  <altitudeMode>absolute</altitudeMode>
                  <outerBoundaryIs>
                    <LinearRing>
                      <coordinates>7.478107593947205,47.06552877375427,556.4041784313208 7.478107593947205,47.06552877375427,586.3941784313208 7.478107593947205,47.06513961490564,586.3941784313208 7.478107593947205,47.06513961490564,556.4041784313208</coordinates>
                    </LinearRing>
                  </outerBoundaryIs>
                </Polygon>
                <Polygon>
                  <altitudeMode>absolute</altitudeMode>
                  <outerBoundaryIs>
                    <LinearRing>
                      <coordinates>7.478107593947205,47.06513961490564,556.4041784313208 7.478107593947205,47.06513961490564,586.3941784313208 7.477085765467653,47.06513961490564,586.3941784313208 7.477085765467653,47.06513961490564,556.4041784313208</coordinates>
                    </LinearRing>
                  </outerBoundaryIs>
                </Polygon>
              </MultiGeometry>
            </Placemark>
          </Folder>
          <Folder>
            <name>E108: uss2 astm.f3548.v21.uss.getOperationalIntentDetails</name>
            <Folder>
              <name>uss2's P0 Accepted d46436f7-1798-4d3b-a290-0b49d05b5c4e[1] @ SKM5vrc3f5Laxd1Yh8-VKsRqyFDKcqKlS00LrMD2Ob8_</name>
              <Placemark>
                <name>Nominal volume 0</name>
                <styleUrl>#F3548v21Accepted</styleUrl>
                <TimeSpan>
                  <begin>2026-10-08T16:10:32.055315+00:00</begin>
                  <end>2026-10-08T16:55:32.027194+00:00</end>
                </TimeSpan>
                <MultiGeometry>
                  <Polygon>
                    <altitudeMode>absolute</altitudeMode>
                    <outerBoundaryIs>
                      <LinearRing>
                        <coordinates>7.477085765467653,47.06522925706449,556.4041784804684 7.477110755241576,47.06552877375427,556.4041784804684 7.478063469687955,47.06549188844276,556.4041784804684 7.478107593947205,47.06513961490564,556.4041784804684</coordinates>
                      </LinearRing>
                    </outerBoundaryIs>
                  </Polygon>
                  <Polygon>
                    <altitudeMode>absolute</altitudeMode>
                    <outerBoundaryIs>
                      <LinearRing>
                        <coordinates>7.477085765467653,47.06522925706449,586.3941784804684 7.477110755241576,47.06552877375427,586.3941784804684 7.478063469687955,47.06549188844276,586.3941784804684 7.478107593947205,47.06513961490564,586.3941784804684</coordinates>
                      </LinearRing>
                    </outerBoundaryIs>
                  </Polygon>
                  <Polygon>
                    <altitudeMode>absolute</altitudeMode>
                    <outerBoundaryIs>
                      <LinearRing>
                        <coordinates>7.477085765467653,47.06522925706449,556.4041784804684 7.477085765467653,47.06522925706449,586.3941784804684 7.477110755241576,47.06552877375427,586.3941784804684 7.477110755241576,47.06552877375427,556.4041784804684</coordinates>
                      </LinearRing>
                    </outerBoundaryIs>
                  </Polygon>
                  <Polygon>
                    <altitudeMode>absolute</altitudeMode>
                    <outerBoundaryIs>
                      <LinearRing>
                        <coordinates>7.477110755241576,47.06552877375427,556.4041784804684 7.477110755241576,47.06552877375427,586.3941784804684 7.478063469687955,47.06549188844276,586.3941784804684 7.478063469687955,47.06549188844276,556.4041784804684</coordinates>
                      </LinearRing>
                    </outerBoundaryIs>
                  </Polygon>
                  <Polygon>
                    <altitudeMode>absolute</altitudeMode>
                    <outerBoundaryIs>
                      <LinearRing>
                        <coordinates>7.478063469687955,47.06549188844276,556.4041784804684 7.478063469687955,47.06549188844276,586.3941784804684 7.478107593947205,47.06513961490564,586.3941784804684 7.478107593947205,47.06513961490564,556.4041784804684</coordinates>
                      </LinearRing>
                    </outerBoundaryIs>
                  </Polygon>
                  <Polygon>
                    <altitudeMode>absolute</altitudeMode>
                    <outerBoundaryIs>
                      <LinearRing>
                        <coordinates>7.478107593947205,47.06513961490564,556.4041784804684 7.478107593947205,47.06513961490564,586.3941784804684 7.477085765467653,47.06522925706449,586.3941784804684 7.477085765467653,47.06522925706449,556.4041784804684</coordinates>
                      </LinearRing>
                    </outerBoundaryIs>
                  </Polygon>
                </MultiGeometry>
              </Placemark>
            </Folder>
          </Folder>
        </Folder>
      </Folder>
      <Folder>
        <name>Modify activated flight with pre-existing conflict</name>
        <Folder>
          <name>Delete Flight 2</name>
        </Folder>
        <Folder>
          <name>Activate Flight 1</name>
          <Folder>
            <name>E119: uss1 astm.f3548.v21.dss.queryOperationalIntentReferences</name>
            <Placemark>
              <name>area_of_interest</name>
              <styleUrl>#QueryArea</styleUrl>
              <description><![CDATA[<ul><li>uss2's Accepted d46436f7-1798-4d3b-a290-0b49d05b5c4e[1]</li></ul>]]></description>
              <TimeSpan>
                <begin>2026-10-08T16:10:31.675520+00:00</begin>
                <end>2026-10-08T16:55:32.675520+00:00</end>
              </TimeSpan>
              <MultiGeometry>
                <Polygon>
                  <altitudeMode>absolute</altitudeMode>
                  <outerBoundaryIs>
                    <LinearRing>
                      <coordinates>7.477085765467653,47.06513961490564,556.4141784313208 7.477085765467653,47.06552877375427,556.4141784313208 7.478107593947205,47.06552877375427,556.4141784313208 7.478107593947205,47.06513961490564,556.4141784313208</coordinates>
                    </LinearRing>
                  </outerBoundaryIs>
                </Polygon>
                <Polygon>
                  <altitudeMode>absolute</altitudeMode>
                  <outerBoundaryIs>
                    <LinearRing>
                      <coordinates>7.477085765467653,47.06513961490564,586.3941784313208 7.477085765467653,47.06552877375427,586.3941784313208 7.478107593947205,47.06552877375427,586.3941784313208 7.478107593947205,47.06513961490564,586.3941784313208</coordinates>
                    </LinearRing>
                  </outerBoundaryIs>
                </Polygon>
                <Polygon>
                  <altitudeMode>absolute</altitudeMode>
                  <outerBoundaryIs>
                    <LinearRing>
                      <coordinates>7.477085765467653,47.06513961490564,556.4141784313208 7.477085765467653,47.06513961490564,586.3941784313208 7.477085765467653,47.06552877375427,586.3941784313208 7.477085765467653,47.06552877375427,556.4141784313208</coordinates>
                    </LinearRing>
                  </outerBoundaryIs>
                </Polygon>
                <Polygon>
                  <altitudeMode>absolute</altitudeMode>
                  <outerBoundaryIs>
                    <LinearRing>
                      <coordinates>7.477085765467653,47.06552877375427,556.4141784313208 7.477085765467653,47.06552877375427,586.3941784313208 7.478107593947205,47.06552877375427,586.3941784313208 7.478107593947205,47.06552877375427,556.4141784313208</coordinates>
                    </LinearRing>
                  </outerBoundaryIs>
                </Polygon>
                <Polygon>
                  <altitudeMode>absolute</altitudeMode>
                  <outerBoundaryIs>
                    <LinearRing>
                      <coordinates>7.478107593947205,47.06552877375427,556.4141784313208 7.478107593947205,47.06552877375427,586.3941784313208 7.478107593947205,47.06513961490564,586.3941784313208 7.478107593947205,47.06513961490564,556.4141784313208</coordinates>
                    </LinearRing>
                  </outerBoundaryIs>
                </Polygon>
                <Polygon>
                  <altitudeMode>absolute</altitudeMode>
                  <outerBoundaryIs>
                    <LinearRing>
                      <coordinates>7.478107593947205,47.06513961490564,556.4141784313208 7.478107593947205,47.06513961490564,586.3941784313208 7.477085765467653,47.06513961490564,586.3941784313208 7.477085765467653,47.06513961490564,556.4141784313208</coordinates>
                    </LinearRing>
                  </outerBoundaryIs>
                </Polygon>
              </MultiGeometry>
            </Placemark>
          </Folder>
          <Folder>
            <name>E125: uss1 astm.f3548.v21.dss.queryOperationalIntentReferences</name>
            <Placemark>
              <name>area_of_interest</name>
              <styleUrl>#QueryArea</styleUrl>
              <description><![CDATA[<ul><li>uss2's Activated d46436f7-1798-4d3b-a290-0b49d05b5c4e[2]</li></ul>]]></description>
              <TimeSpan>
                <begin>2026-10-08T16:10:31.675520+00:00</begin>
                <end>2026-10-08T16:55:32.675520+00:00</end>
              </TimeSpan>
              <MultiGeometry>
                <Polygon>
                  <altitudeMode>absolute</altitudeMode>
                  <outerBoundaryIs>
                    <LinearRing>
                      <coordinates>7.477085765467653,47.06513961490564,556.4141784313208 7.477085765467653,47.06552877375427,556.4141784313208 7.478107593947205,47.06552877375427,556.4141784313208 7.478107593947205,47.06513961490564,556.4141784313208</coordinates>
                    </LinearRing>
                  </outerBoundaryIs>
                </Polygon>
                <Polygon>
                  <altitudeMode>absolute</altitudeMode>
                  <outerBoundaryIs>
                    <LinearRing>
                      <coordinates>7.477085765467653,47.06513961490564,586.3941784313208 7.477085765467653,47.06552877375427,586.3941784313208 7.478107593947205,47.06552877375427,586.3941784313208 7.478107593947205,47.06513961490564,586.3941784313208</coordinates>
                    </LinearRing>
                  </outerBoundaryIs>
                </Polygon>
                <Polygon>
                  <altitudeMode>absolute</altitudeMode>
                  <outerBoundaryIs>
                    <LinearRing>
                      <coordinates>7.477085765467653,47.06513961490564,556.4141784313208 7.477085765467653,47.06513961490564,586.3941784313208 7.477085765467653,47.06552877375427,586.3941784313208 7.477085765467653,47.06552877375427,556.4141784313208</coordinates>
                    </LinearRing>
                  </outerBoundaryIs>
                </Polygon>
                <Polygon>
                  <altitudeMode>absolute</altitudeMode>
                  <outerBoundaryIs>
                    <LinearRing>
                      <coordinates>7.477085765467653,47.06552877375427,556.4141784313208 7.477085765467653,47.06552877375427,586.3941784313208 7.478107593947205,47.06552877375427,586.3941784313208 7.478107593947205,47.06552877375427,556.4141784313208</coordinates>
                    </LinearRing>
                  </outerBoundaryIs>
                </Polygon>
                <Polygon>
                  <altitudeMode>absolute</altitudeMode>
                  <outerBoundaryIs>
                    <LinearRing>
                      <coordinates>7.478107593947205,47.06552877375427,556.4141784313208 7.478107593947205,47.06552877375427,586.3941784313208 7.478107593947205,47.06513961490564,586.3941784313208 7.478107593947205,47.06513961490564,556.4141784313208</coordinates>
                    </LinearRing>
                  </outerBoundaryIs>
                </Polygon>
                <Polygon>
                  <altitudeMode>absolute</altitudeMode>
                  <outerBoundaryIs>
                    <LinearRing>
                      <coordinates>7.478107593947205,47.06513961490564,556.4141784313208 7.478107593947205,47.06513961490564,586.3941784313208 7.477085765467653,47.06513961490564,586.3941784313208 7.477085765467653,47.06513961490564,556.4141784313208</coordinates>
                    </LinearRing>
                  </outerBoundaryIs>
                </Polygon>
              </MultiGeometry>
            </Placemark>
          </Folder>
          <Folder>
            <name>E130: uss2 astm.f3548.v21.uss.getOperationalIntentDetails</name>
            <Folder>
              <name>uss2's P0 Activated d46436f7-1798-4d3b-a290-0b49d05b5c4e[2] @ wqmPGFNWHJ9ERhXRdcCHqq0..bshKjILw3aMbA-LfQo_</name>
              <Placemark>
                <name>Nominal volume 0</name>
                <styleUrl>#F3548v21Activated</styleUrl>
                <TimeSpan>
                  <begin>2026-10-08T16:10:32.704122+00:00</begin>
                  <end>2026-10-08T16:55:32.675520+00:00</end>
                </TimeSpan>
                <MultiGeometry>
                  <Polygon>
                    <altitudeMode>absolute</altitudeMode>
                    <outerBoundaryIs>
                      <LinearRing>
                        <coordinates>7.477085765467653,47.06522925706449,556.4141784804684 7.477110755241576,47.06552877375427,556.4141784804684 7.478063469687955,47.06549188844276,556.4141784804684 7.478107593947205,47.06513961490564,556.4141784804684</coordinates>
                      </LinearRing>
                    </outerBoundaryIs>
                  </Polygon>
                  <Polygon>
                    <altitudeMode>absolute</altitudeMode>
                    <outerBoundaryIs>
                      <LinearRing>
                        <coordinates>7.477085765467653,47.06522925706449,586.3941784804684 7.477110755241576,47.06552877375427,586.3941784804684 7.478063469687955,47.06549188844276,586.3941784804684 7.478107593947205,47.06513961490564,586.3941784804684</coordinates>
                      </LinearRing>
                    </outerBoundaryIs>
                  </Polygon>
                  <Polygon>
                    <altitudeMode>absolute</altitudeMode>
                    <outerBoundaryIs>
                      <LinearRing>
                        <coordinates>7.477085765467653,47.06522925706449,556.4141784804684 7.477085765467653,47.06522925706449,586.3941784804684 7.477110755241576,47.06552877375427,586.3941784804684 7.477110755241576,47.06552877375427,556.4141784804684</coordinates>
                      </LinearRing>
                    </outerBoundaryIs>
                  </Polygon>
                  <Polygon>
                    <altitudeMode>absolute</altitudeMode>
                    <outerBoundaryIs>
                      <LinearRing>
                        <coordinates>7.477110755241576,47.06552877375427,556.4141784804684 7.477110755241576,47.06552877375427,586.3941784804684 7.478063469687955,47.06549188844276,586.3941784804684 7.478063469687955,47.06549188844276,556.4141784804684</coordinates>
                      </LinearRing>
                    </outerBoundaryIs>
                  </Polygon>
                  <Polygon>
                    <altitudeMode>absolute</altitudeMode>
                    <outerBoundaryIs>
                      <LinearRing>
                        <coordinates>7.478063469687955,47.06549188844276,556.4141784804684 7.478063469687955,47.06549188844276,586.3941784804684 7.478107593947205,47.06513961490564,586.3941784804684 7.478107593947205,47.06513961490564,556.4141784804684</coordinates>
                      </LinearRing>
                    </outerBoundaryIs>
                  </Polygon>
                  <Polygon>
                    <altitudeMode>absolute</altitudeMode>
                    <outerBoundaryIs>
                      <LinearRing>
                        <coordinates>7.478107593947205,47.06513961490564,556.4141784804684 7.478107593947205,47.06513961490564,586.3941784804684 7.477085765467653,47.06522925706449,586.3941784804684 7.477085765467653,47.06522925706449,556.4141784804684</coordinates>
                      </LinearRing>
                    </outerBoundaryIs>
                  </Polygon>
                </MultiGeometry>
              </Placemark>
            </Folder>
          </Folder>
        </Folder>
        <Folder>
          <name>Plan Flight 2</name>
          <Folder>
            <name>E139: uss1 astm.f3548.v21.dss.queryOperationalIntentReferences</name>
            <Placemark>
              <name>area_of_interest</name>
              <styleUrl>#QueryArea</styleUrl>
              <description><![CDATA[<ul><li>uss2's Activated d46436f7-1798-4d3b-a290-0b49d05b5c4e[2]</li></ul>]]></description>
              <TimeSpan>
                <begin>2026-10-08T16:10:31.835875+00:00</begin>
                <end>2026-10-08T16:55:32.835875+00:00</end>
              </TimeSpan>
              <MultiGeometry>
                <Polygon>
                  <altitudeMode>absolute</altitudeMode>
                  <outerBoundaryIs>
                    <LinearRing>
                      <coordinates>7.477045799310559,47.06517082637769,555.3239494274349 7.477045799310559,47.0659196179747,555.3239494274349 7.477627920960395,47.0659196179747,555.3239494274349 7.477627920960395,47.06517082637769,555.3239494274349</coordinates>
                    </LinearRing>
                  </outerBoundaryIs>
                </Polygon>
                <Polygon>
                  <altitudeMode>absolute</altitudeMode>
                  <outerBoundaryIs>
                    <LinearRing>
                      <coordinates>7.477045799310559,47.06517082637769,584.393949427435 7.477045799310559,47.0659196179747,584.393949427435 7.477627920960395,47.0659196179747,584.393949427435 7.477627920960395,47.06517082637769,584.393949427435</coordinates>
                    </LinearRing>
                  </outerBoundaryIs>
                </Polygon>
                <Polygon>
                  <altitudeMode>absolute</altitudeMode>
                  <outerBoundaryIs>
                    <LinearRing>
                      <coordinates>7.477045799310559,47.06517082637769,555.3239494274349 7.477045799310559,47.06517082637769,584.393949427435 7.477045799310559,47.0659196179747,584.393949427435 7.477045799310559,47.0659196179747,555.3239494274349</coordinates>
                    </LinearRing>
                  </outerBoundaryIs>
                </Polygon>
                <Polygon>
                  <altitudeMode>absolute</altitudeMode>
                  <outerBoundaryIs>
                    <LinearRing>
                      <coordinates>7.477045799310559,47.0659196179747,555.3239494274349 7.477045799310559,47.0659196179747,584.393949427435 7.477627920960395,47.0659196179747,584.393949427435 7.477627920960395,47.0659196179747,555.3239494274349</coordinates>
                    </LinearRing>
                  </outerBoundaryIs>
                </Polygon>
                <Polygon>
                  <altitudeMode>absolute</altitudeMode>
                  <outerBoundaryIs>
                    <LinearRing>
                      <coordinates>7.477627920960395,47.0659196179747,555.3239494274349 7.477627920960395,47.0659196179747,584.393949427435 7.477627920960395,47.06517082637769,584.393949427435 7.477627920960395,47.06517082637769,555.3239494274349</coordinates>
                    </LinearRing>
                  </outerBoundaryIs>
                </Polygon>
                <Polygon>
                  <altitudeMode>absolute</altitudeMode>
                  <outerBoundaryIs>
                    <LinearRing>
                      <coordinates>7.477627920960395,47.06517082637769,555.3239494274349 7.477627920960395,47.06517082637769,584.393949427435 7.477045799310559,47.06517082637769,584.393949427435 7.477045799310559,47.06517082637769,555.3239494274349</coordinates>
                    </LinearRing>
                  </outerBoundaryIs>
                </Polygon>
              </MultiGeometry>
            </Placemark>
          </Folder>
          <Folder>
            <name>E141: uss1 interuss.automated_testing.flight_planning.v1.UpsertFlightPlan</name>
            <Folder>
              <name>Activity Completed, flight Planned</name>
              <Placemark>
                <name>Volume 0</name>
                <styleUrl>#Planned_Nominal</styleUrl>
                <TimeSpan>
                  <begin>2026-10-08T16:10:31.835875+00:00</begin>
                  <end>2026-10-08T16:55:32.835875+00:00</end>
                </TimeSpan>
                <MultiGeometry>
                  <Polygon>
                    <altitudeMode>absolute</altitudeMode>
                    <outerBoundaryIs>
                      <LinearRing>
                        <coordinates>7.477045799310559,47.065631449659406,555.3239581809179 7.477301456393047,47.06517082637769,555.3239581809179 7.477627920960395,47.06555883284356,555.3239581809179 7.477363934315723,47.0659196179747,555.3239581809179</coordinates>
                      </LinearRing>
                    </outerBoundaryIs>
                  </Polygon>
                  <Polygon>
                    <altitudeMode>absolute</altitudeMode>
                    <outerBoundaryIs>
                      <LinearRing>
                        <coordinates>7.477045799310559,47.065631449659406,584.3939581809179 7.477301456393047,47.06517082637769,584.3939581809179 7.477627920960395,47.06555883284356,584.3939581809179 7.477363934315723,47.0659196179747,584.3939581809179</coordinates>
                      </LinearRing>
                    </outerBoundaryIs>
                  </Polygon>
                  <Polygon>
                    <altitudeMode>absolute</altitudeMode>
                    <outerBoundaryIs>
                      <LinearRing>
                        <coordinates>7.477045799310559,47.065631449659406,555.3239581809179 7.477045799310559,47.065631449659406,584.3939581809179 7.477301456393047,47.06517082637769,584.3939581809179 7.477301456393047,47.06517082637769,555.3239581809179</coordinates>
                      </LinearRing>
                    </outerBoundaryIs>
                  </Polygon>
                  <Polygon>
                    <altitudeMode>absolute</altitudeMode>
                    <outerBoundaryIs>
                      <LinearRing>
                        <coordinates>7.477301456393047,47.06517082637769,555.3239581809179 7.477301456393047,47.06517082637769,584.3939581809179 7.477627920960395,47.06555883284356,584.3939581809179 7.477627920960395,47.06555883284356,555.3239581809179</coordinates>
                      </LinearRing>
                    </outerBoundaryIs>
                  </Polygon>
                  <Polygon>
                    <altitudeMode>absolute</altitudeMode>
                    <outerBoundaryIs>
                      <LinearRing>
                        <coordinates>7.477627920960395,47.06555883284356,555.3239581809179 7.477627920960395,47.06555883284356,584.3939581809179 7.477363934315723,47.0659196179747,584.3939581809179 7.477363934315723,47.0659196179747,555.3239581809179</coordinates>
                      </LinearRing>
                    </outerBoundaryIs>
                  </Polygon>
                  <Polygon>
                    <altitudeMode>absolute</altitudeMode>
                    <outerBoundaryIs>
                      <LinearRing>
                        <coordinates>7.477363934315723,47.0659196179747,555.3239581809179 7.477363934315723,47.0659196179747,584.3939581809179 7.477045799310559,47.065631449659406,584.3939581809179 7.477045799310559,47.065631449659406,555.3239581809179</coordinates>
                      </LinearRing>
                    </outerBoundaryIs>
                  </Polygon>
                </MultiGeometry>
              </Placemark>
            </Folder>
          </Folder>
          <Folder>
            <name>E145: uss1 astm.f3548.v21.dss.queryOperationalIntentReferences</name>
            <Placemark>
              <name>area_of_interest</name>
              <styleUrl>#QueryArea</styleUrl>
              <description><![CDATA[<ul><li>uss1's Accepted 87ee34e2-656d-4ebb-8555-ce6b44871b86[1]</li><li>uss2's Activated d46436f7-1798-4d3b-a290-0b49d05b5c4e[2]</li></ul>]]></description>
              <TimeSpan>
                <begin>2026-10-08T16:10:31.835875+00:00</begin>
                <end>2026-10-08T16:55:32.835875+00:00</end>
              </TimeSpan>
              <MultiGeometry>
                <Polygon>
                  <altitudeMode>absolute</altitudeMode>
                  <outerBoundaryIs>
                    <LinearRing>
                      <coordinates>7.477045799310559,47.06517082637769,555.3239494274349 7.477045799310559,47.0659196179747,555.3239494274349 7.477627920960395,47.0659196179747,555.3239494274349 7.477627920960395,47.06517082637769,555.3239494274349</coordinates>
                    </LinearRing>
                  </outerBoundaryIs>
                </Polygon>
                <Polygon>
                  <altitudeMode>absolute</altitudeMode>
                  <outerBoundaryIs>
                    <LinearRing>
                      <coordinates>7.477045799310559,47.06517082637769,584.393949427435 7.477045799310559,47.0659196179747,584.393949427435 7.477627920960395,47.0659196179747,584.393949427435 7.477627920960395,47.06517082637769,584.393949427435</coordinates>
                    </LinearRing>
                  </outerBoundaryIs>
                </Polygon>
                <Polygon>
                  <altitudeMode>absolute</altitudeMode>
                  <outerBoundaryIs>
                    <LinearRing>
                      <coordinates>7.477045799310559,47.06517082637769,555.3239494274349 7.477045799310559,47.06517082637769,584.393949427435 7.477045799310559,47.0659196179747,584.393949427435 7.477045799310559,47.0659196179747,555.3239494274349</coordinates>
                    </LinearRing>
                  </outerBoundaryIs>
                </Polygon>
                <Polygon>
                  <altitudeMode>absolute</altitudeMode>
                  <outerBoundaryIs>
                    <LinearRing>
                      <coordinates>7.477045799310559,47.0659196179747,555.3239494274349 7.477045799310559,47.0659196179747,584.393949427435 7.477627920960395,47.0659196179747,584.393949427435 7.477627920960395,47.0659196179747,555.3239494274349</coordinates>
                    </LinearRing>
                  </outerBoundaryIs>
                </Polygon>
                <Polygon>
                  <altitudeMode>absolute</altitudeMode>
                  <outerBoundaryIs>
                    <LinearRing>
                      <coordinates>7.477627920960395,47.0659196179747,555.3239494274349 7.477627920960395,47.0659196179747,584.393949427435 7.477627920960395,47.06517082637769,584.393949427435 7.477627920960395,47.06517082637769,555.3239494274349</coordinates>
                    </LinearRing>
                  </outerBoundaryIs>
                </Polygon>
                <Polygon>
                  <altitudeMode>absolute</altitudeMode>
                  <outerBoundaryIs>
                    <LinearRing>
                      <coordinates>7.477627920960395,47.06517082637769,555.3239494274349 7.477627920960395,47.06517082637769,584.393949427435 7.477045799310559,47.06517082637769,584.393949427435 7.477045799310559,47.06517082637769,555.3239494274349</coordinates>
                    </LinearRing>
                  </outerBoundaryIs>
                </Polygon>
              </MultiGeometry>
            </Placemark>
          </Folder>
          <Folder>
            <name>E149: uss1 astm.f3548.v21.uss.getOperationalIntentDetails</name>
            <Folder>
              <name>uss1's P100 Accepted 87ee34e2-656d-4ebb-8555-ce6b44871b86[1] @ pLcr7RQIDTDulb7j2VqIWIQMyGn1zh-lJyqs3oL1y9w_</name>
              <Placemark>
                <name>Nominal volume 0</name>
                <styleUrl>#F3548v21Accepted</styleUrl>
                <TimeSpan>
                  <begin>2026-10-08T16:10:32.861587+00:00</begin>
                  <end>2026-10-08T16:55:32.835875+00:00</end>
                </TimeSpan>
                <MultiGeometry>
                  <Polygon>
                    <altitudeMode>absolute</altitudeMode>
                    <outerBoundaryIs>
                      <LinearRing>
                        <coordinates>7.477045799310559,47.065631449659406,555.3239581809179 7.477301456393047,47.06517082637769,555.3239581809179 7.477627920960395,47.06555883284356,555.3239581809179 7.477363934315723,47.0659196179747,555.3239581809179</coordinates>
                      </LinearRing>
                    </outerBoundaryIs>
                  </Polygon>
                  <Polygon>
                    <altitudeMode>absolute</altitudeMode>
                    <outerBoundaryIs>
                      <LinearRing>
                        <coordinates>7.477045799310559,47.065631449659406,584.3939581809179 7.477301456393047,47.06517082637769,584.3939581809179 7.477627920960395,47.06555883284356,584.3939581809179 7.477363934315723,47.0659196179747,584.3939581809179</coordinates>
                      </LinearRing>
                    </outerBoundaryIs>
                  </Polygon>
                  <Polygon>
                    <altitudeMode>absolute</altitudeMode>
                    <outerBoundaryIs>
                      <LinearRing>
                        <coordinates>7.477045799310559,47.065631449659406,555.3239581809179 7.477045799310559,47.065631449659406,584.3939581809179 7.477301456393047,47.06517082637769,584.3939581809179 7.477301456393047,47.06517082637769,555.3239581809179</coordinates>
                      </LinearRing>
                    </outerBoundaryIs>
                  </Polygon>
                  <Polygon>
                    <altitudeMode>absolute</altitudeMode>
                    <outerBoundaryIs>
                      <LinearRing>
                        <coordinates>7.477301456393047,47.06517082637769,555.3239581809179 7.477301456393047,47.06517082637769,584.3939581809179 7.477627920960395,47.06555883284356,584.3939581809179 7.477627920960395,47.06555883284356,555.3239581809179</coordinates>
                      </LinearRing>
                    </outerBoundaryIs>
                  </Polygon>
                  <Polygon>
                    <altitudeMode>absolute</altitudeMode>
                    <outerBoundaryIs>
                      <LinearRing>
                        <coordinates>7.477627920960395,47.06555883284356,555.3239581809179 7.477627920960395,47.06555883284356,584.3939581809179 7.477363934315723,47.0659196179747,584.3939581809179 7.477363934315723,47.0659196179747,555.3239581809179</coordinates>
                      </LinearRing>
                    </outerBoundaryIs>
                  </Polygon>
                  <Polygon>
                    <altitudeMode>absolute</altitudeMode>
                    <outerBoundaryIs>
                      <LinearRing>
                        <coordinates>7.477363934315723,47.0659196179747,555.3239581809179 7.477363934315723,47.0659196179747,584.3939581809179 7.477045799310559,47.065631449659406,584.3939581809179 7.477045799310559,47.065631449659406,555.3239581809179</coordinates>
                      </LinearRing>
                    </outerBoundaryIs>
                  </Polygon>
                </MultiGeometry>
              </Placemark>
            </Folder>
          </Folder>
        </Folder>
        <Folder>
          <name>Activate Flight 2</name>
          <Folder>
            <name>E162: uss1 astm.f3548.v21.dss.queryOperationalIntentReferences</name>
            <Placemark>
              <name>area_of_interest</name>
              <styleUrl>#QueryArea</styleUrl>
              <description><![CDATA[<ul><li>uss1's Accepted 87ee34e2-656d-4ebb-8555-ce6b44871b86[1]</li><li>uss2's Activated d46436f7-1798-4d3b-a290-0b49d05b5c4e[2]</li></ul>]]></description>
              <TimeSpan>
                <begin>2026-10-08T16:10:32.030471+00:00</begin>
                <end>2026-10-08T16:55:33.030471+00:00</end>
              </TimeSpan>
              <MultiGeometry>
                <Polygon>
                  <altitudeMode>absolute</altitudeMode>
                  <outerBoundaryIs>
                    <LinearRing>
                      <coordinates>7.477045799310559,47.06517082637769,556.473949427435 7.477045799310559,47.0659196179747,556.473949427435 7.477627920960395,47.0659196179747,556.473949427435 7.477627920960395,47.06517082637769,556.473949427435</coordinates>
                    </LinearRing>
                  </outerBoundaryIs>
                </Polygon>
                <Polygon>
                  <altitudeMode>absolute</altitudeMode>
                  <outerBoundaryIs>
                    <LinearRing>
                      <coordinates>7.477045799310559,47.06517082637769,584.393949427435 7.477045799310559,47.0659196179747,584.393949427435 7.477627920960395,47.0659196179747,584.393949427435 7.477627920960395,47.06517082637769,584.393949427435</coordinates>
                    </LinearRing>
                  </outerBoundaryIs>
                </Polygon>
                <Polygon>
                  <altitudeMode>absolute</altitudeMode>
                  <outerBoundaryIs>
                    <LinearRing>
                      <coordinates>7.477045799310559,47.06517082637769,556.473949427435 7.477045799310559,47.06517082637769,584.393949427435 7.477045799310559,47.0659196179747,584.393949427435 7.477045799310559,47.0659196179747,556.473949427435</coordinates>
                    </LinearRing>
                  </outerBoundaryIs>
                </Polygon>
                <Polygon>
                  <altitudeMode>absolute</altitudeMode>
                  <outerBoundaryIs>
                    <LinearRing>
                      <coordinates>7.477045799310559,47.0659196179747,556.473949427435 7.477045799310559,47.0659196179747,584.393949427435 7.477627920960395,47.0659196179747,584.393949427435 7.477627920960395,47.0659196179747,556.473949427435</coordinates>
                    </LinearRing>
                  </outerBoundaryIs>
                </Polygon>
                <Polygon>
                  <altitudeMode>absolute</altitudeMode>
                  <outerBoundaryIs>
                    <LinearRing>
                      <coordinates>7.477627920960395,47.0659196179747,556.473949427435 7.477627920960395,47.0659196179747,584.393949427435 7.477627920960395,47.06517082637769,584.393949427435 7.477627920960395,47.06517082637769,556.473949427435</coordinates>
                    </LinearRing>
                  </outerBoundaryIs>
                </Polygon>
                <Polygon>
                  <altitudeMode>absolute</altitudeMode>
                  <outerBoundaryIs>
                    <LinearRing>
                      <coordinates>7.477627920960395,47.06517082637769,556.473949427435 7.477627920960395,47.06517082637769,584.393949427435 7.477045799310559,47.06517082637769,584.393949427435 7.477045799310559,47.06517082637769,556.473949427435</coordinates>
                    </LinearRing>
                  </outerBoundaryIs>
                </Polygon>
              </MultiGeometry>
            </Placemark>
          </Folder>
          <Folder>
            <name>E164: uss1 interuss.automated_testing.flight_planning.v1.UpsertFlightPlan</name>
            <Folder>
              <name>Activity Completed, flight OkToFly</name>
              <Placemark>
                <name>Volume 0</name>
                <styleUrl>#InUse_Nominal</styleUrl>
                <TimeSpan>
                  <begin>2026-10-08T16:10:32.030471+00:00</begin>
                  <end>2026-10-08T16:55:33.030471+00:00</end>
                </TimeSpan>
                <MultiGeometry>
                  <Polygon>
                    <altitudeMode>absolute</altitudeMode>
                    <outerBoundaryIs>
                      <LinearRing>
                        <coordinates>7.477045799310559,47.065631449659406,556.473958180918 7.477301456393047,47.06517082637769,556.473958180918 7.477627920960395,47.06555883284356,556.473958180918 7.477363934315723,47.0659196179747,556.473958180918</coordinates>
                      </LinearRing>
                    </outerBoundaryIs>
                  </Polygon>
                  <Polygon>
                    <altitudeMode>absolute</altitudeMode>
                    <outerBoundaryIs>
                      <LinearRing>
                        <coordinates>7.477045799310559,47.065631449659406,584.3939581809179 7.477301456393047,47.06517082637769,584.3939581809179 7.477627920960395,47.06555883284356,584.3939581809179 7.477363934315723,47.0659196179747,584.3939581809179</coordinates>
                      </LinearRing>
                    </outerBoundaryIs>
                  </Polygon>
                  <Polygon>
                    <altitudeMode>absolute</altitudeMode>
                    <outerBoundaryIs>
                      <LinearRing>
                        <coordinates>7.477045799310559,47.065631449659406,556.473958180918 7.477045799310559,47.065631449659406,584.3939581809179 7.477301456393047,47.06517082637769,584.3939581809179 7.477301456393047,47.06517082637769,556.473958180918</coordinates>
                      </LinearRing>
                    </outerBoundaryIs>
                  </Polygon>
                  <Polygon>
                    <altitudeMode>absolute</altitudeMode>
                    <outerBoundaryIs>
                      <LinearRing>
                        <coordinates>7.477301456393047,47.06517082637769,556.473958180918 7.477301456393047,47.06517082637769,584.3939581809179 7.477627920960395,47.06555883284356,584.3939581809179 7.477627920960395,47.06555883284356,556.473958180918</coordinates>
                      </LinearRing>
                    </outerBoundaryIs>
                  </Polygon>
                  <Polygon>
                    <altitudeMode>absolute</altitudeMode>
                    <outerBoundaryIs>
                      <LinearRing>
                        <coordinates>7.477627920960395,47.06555883284356,556.473958180918 7.477627920960395,47.06555883284356,584.3939581809179 7.477363934315723,47.0659196179747,584.3939581809179 7.477363934315723,47.0659196179747,556.473958180918</coordinates>
                      </LinearRing>
                    </outerBoundaryIs>
                  </Polygon>
                  <Polygon>
                    <altitudeMode>absolute</altitudeMode>
                    <outerBoundaryIs>
                      <LinearRing>
                        <coordinates>7.477363934315723,47.0659196179747,556.473958180918 7.477363934315723,47.0659196179747,584.3939581809179 7.477045799310559,47.065631449659406,584.3939581809179 7.477045799310559,47.065631449659406,556.473958180918</coordinates>
                      </LinearRing>
                    </outerBoundaryIs>
                  </Polygon>
                </MultiGeometry>
              </Placemark>
            </Folder>
          </Folder>
          <Folder>
            <name>E168: uss1 astm.f3548.v21.dss.queryOperationalIntentReferences</name>
            <Placemark>
              <name>area_of_interest</name>
              <styleUrl>#QueryArea</styleUrl>
              <description><![CDATA[<ul><li>uss1's Activated 87ee34e2-656d-4ebb-8555-ce6b44871b86[2]</li><li>uss2's Activated d46436f7-1798-4d3b-a290-0b49d05b5c4e[2]</li></ul>]]></description>
              <TimeSpan>
                <begin>2026-10-08T16:10:32.030471+00:00</begin>
                <end>2026-10-08T16:55:33.030471+00:00</end>
              </TimeSpan>
              <MultiGeometry>
                <Polygon>
                  <altitudeMode>absolute</altitudeMode>
                  <outerBoundaryIs>
                    <LinearRing>
                      <coordinates>7.477045799310559,47.06517082637769,556.473949427435 7.477045799310559,47.0659196179747,556.473949427435 7.477627920960395,47.0659196179747,556.473949427435 7.477627920960395,47.06517082637769,556.473949427435</coordinates>
                    </LinearRing>
                  </outerBoundaryIs>
                </Polygon>
                <Polygon>
                  <altitudeMode>absolute</altitudeMode>
                  <outerBoundaryIs>
                    <LinearRing>
                      <coordinates>7.477045799310559,47.06517082637769,584.393949427435 7.477045799310559,47.0659196179747,584.393949427435 7.477627920960395,47.0659196179747,584.393949427435 7.477627920960395,47.06517082637769,584.393949427435</coordinates>
                    </LinearRing>
                  </outerBoundaryIs>
                </Polygon>
                <Polygon>
                  <altitudeMode>absolute</altitudeMode>
                  <outerBoundaryIs>
                    <LinearRing>
                      <coordinates>7.477045799310559,47.06517082637769,556.473949427435 7.477045799310559,47.06517082637769,584.393949427435 7.477045799310559,47.0659196179747,584.393949427435 7.477045799310559,47.0659196179747,556.473949427435</coordinates>
                    </LinearRing>
                  </outerBoundaryIs>
                </Polygon>
                <Polygon>
                  <altitudeMode>absolute</altitudeMode>
                  <outerBoundaryIs>
                    <LinearRing>
                      <coordinates>7.477045799310559,47.0659196179747,556.473949427435 7.477045799310559,47.0659196179747,584.393949427435 7.477627920960395,47.0659196179747,584.393949427435 7.477627920960395,47.0659196179747,556.473949427435</coordinates>
                    </LinearRing>
                  </outerBoundaryIs>
                </Polygon>
                <Polygon>
                  <altitudeMode>absolute</altitudeMode>
                  <outerBoundaryIs>
                    <LinearRing>
                      <coordinates>7.477627920960395,47.0659196179747,556.473949427435 7.477627920960395,47.0659196179747,584.393949427435 7.477627920960395,47.06517082637769,584.393949427435 7.477627920960395,47.06517082637769,556.473949427435</coordinates>
                    </LinearRing>
                  </outerBoundaryIs>
                </Polygon>
                <Polygon>
                  <altitudeMode>absolute</altitudeMode>
                  <outerBoundaryIs>
                    <LinearRing>
                      <coordinates>7.477627920960395,47.06517082637769,556.473949427435 7.477627920960395,47.06517082637769,584.393949427435 7.477045799310559,47.06517082637769,584.393949427435 7.477045799310559,47.06517082637769,556.473949427435</coordinates>
                    </LinearRing>
                  </outerBoundaryIs>
                </Polygon>
              </MultiGeometry>
            </Placemark>
          </Folder>
          <Folder>
            <name>E173: uss1 astm.f3548.v21.uss.getOperationalIntentDetails</name>
            <Folder>
              <name>uss1's P100 Activated 87ee34e2-656d-4ebb-8555-ce6b44871b86[2] @ .bsmPmA35FNQ-a4Pbtbg9AY8tyvzBY.Xx9uCh00bRiU_</name>
              <Placemark>
                <name>Nominal volume 0</name>
                <styleUrl>#F3548v21Activated</styleUrl>
                <TimeSpan>
                  <begin>2026-10-08T16:10:33.059225+00:00</begin>
                  <end>2026-10-08T16:55:33.030471+00:00</end>
                </TimeSpan>
                <MultiGeometry>
                  <Polygon>
                    <altitudeMode>absolute</altitudeMode>
                    <outerBoundaryIs>
                      <LinearRing>
                        <coordinates>7.477045799310559,47.065631449659406,556.473958180918 7.477301456393047,47.06517082637769,556.473958180918 7.477627920960395,47.06555883284356,556.473958180918 7.477363934315723,47.0659196179747,556.473958180918</coordinates>
                      </LinearRing>
                    </outerBoundaryIs>
                  </Polygon>
                  <Polygon>
                    <altitudeMode>absolute</altitudeMode>
                    <outerBoundaryIs>
                      <LinearRing>
                        <coordinates>7.477045799310559,47.065631449659406,584.3939581809179 7.477301456393047,47.06517082637769,584.3939581809179 7.477627920960395,47.06555883284356,584.3939581809179 7.477363934315723,47.0659196179747,584.3939581809179</coordinates>
                      </LinearRing>
                    </outerBoundaryIs>
                  </Polygon>
                  <Polygon>
                    <altitudeMode>absolute</altitudeMode>
                    <outerBoundaryIs>
                      <LinearRing>
                        <coordinates>7.477045799310559,47.065631449659406,556.473958180918 7.477045799310559,47.065631449659406,584.3939581809179 7.477301456393047,47.06517082637769,584.3939581809179 7.477301456393047,47.06517082637769,556.473958180918</coordinates>
                      </LinearRing>
                    </outerBoundaryIs>
                  </Polygon>
                  <Polygon>
                    <altitudeMode>absolute</altitudeMode>
                    <outerBoundaryIs>
                      <LinearRing>
                        <coordinates>7.477301456393047,47.06517082637769,556.473958180918 7.477301456393047,47.06517082637769,584.3939581809179 7.477627920960395,47.06555883284356,584.3939581809179 7.477627920960395,47.06555883284356,556.473958180918</coordinates>
                      </LinearRing>
                    </outerBoundaryIs>
                  </Polygon>
                  <Polygon>
                    <altitudeMode>absolute</altitudeMode>
                    <outerBoundaryIs>
                      <LinearRing>
                        <coordinates>7.477627920960395,47.06555883284356,556.473958180918 7.477627920960395,47.06555883284356,584.3939581809179 7.477363934315723,47.0659196179747,584.3939581809179 7.477363934315723,47.0659196179747,556.473958180918</coordinates>
                      </LinearRing>
                    </outerBoundaryIs>
                  </Polygon>
                  <Polygon>
                    <altitudeMode>absolute</altitudeMode>
                    <outerBoundaryIs>
                      <LinearRing>
                        <coordinates>7.477363934315723,47.0659196179747,556.473958180918 7.477363934315723,47.0659196179747,584.3939581809179 7.477045799310559,47.065631449659406,584.3939581809179 7.477045799310559,47.065631449659406,556.473958180918</coordinates>
                      </LinearRing>
                    </outerBoundaryIs>
                  </Polygon>
                </MultiGeometry>
              </Placemark>
            </Folder>
          </Folder>
        </Folder>
        <Folder>
          <name>Check for conflict notifications</name>
        </Folder>
        <Folder>
          <name>Modify activated Flight 1 in conflict with activated Flight 2</name>
          <Folder>
            <name>E186: uss1 astm.f3548.v21.dss.queryOperationalIntentReferences</name>
            <Placemark>
              <name>area_of_interest</name>
              <styleUrl>#QueryArea</styleUrl>
              <description><![CDATA[<ul><li>uss1's Activated 87ee34e2-656d-4ebb-8555-ce6b44871b86[2]</li><li>uss2's Activated d46436f7-1798-4d3b-a290-0b49d05b5c4e[2]</li></ul>]]></description>
              <TimeSpan>
                <begin>2026-10-08T16:10:32.222560+00:00</begin>
                <end>2026-10-08T16:55:33.222560+00:00</end>
              </TimeSpan>
              <MultiGeometry>
                <Polygon>
                  <altitudeMode>absolute</altitudeMode>
                  <outerBoundaryIs>
                    <LinearRing>
                      <coordinates>7.477085765467653,47.06513961490564,526.3441784313209 7.477085765467653,47.06552877375427,526.3441784313209 7.478107593947205,47.06552877375427,526.3441784313209 7.478107593947205,47.06513961490564,526.3441784313209</coordinates>
                    </LinearRing>
                  </outerBoundaryIs>
                </Polygon>
                <Polygon>
                  <altitudeMode>absolute</altitudeMode>
                  <outerBoundaryIs>
                    <LinearRing>
                      <coordinates>7.477085765467653,47.06513961490564,586.3941784313208 7.477085765467653,47.06552877375427,586.3941784313208 7.478107593947205,47.06552877375427,586.3941784313208 7.478107593947205,47.06513961490564,586.3941784313208</coordinates>
                    </LinearRing>
                  </outerBoundaryIs>
                </Polygon>
                <Polygon>
                  <altitudeMode>absolute</altitudeMode>
                  <outerBoundaryIs>
                    <LinearRing>
                      <coordinates>7.477085765467653,47.06513961490564,526.3441784313209 7.477085765467653,47.06513961490564,586.3941784313208 7.477085765467653,47.06552877375427,586.3941784313208 7.477085765467653,47.06552877375427,526.3441784313209</coordinates>
                    </LinearRing>
                  </outerBoundaryIs>
                </Polygon>
                <Polygon>
                  <altitudeMode>absolute</altitudeMode>
                  <outerBoundaryIs>
                    <LinearRing>
                      <coordinates>7.477085765467653,47.06552877375427,526.3441784313209 7.477085765467653,47.06552877375427,586.3941784313208 7.478107593947205,47.06552877375427,586.3941784313208 7.478107593947205,47.06552877375427,526.3441784313209</coordinates>
                    </LinearRing>
                  </outerBoundaryIs>
                </Polygon>
                <Polygon>
                  <altitudeMode>absolute</altitudeMode>
                  <outerBoundaryIs>
                    <LinearRing>
                      <coordinates>7.478107593947205,47.06552877375427,526.3441784313209 7.478107593947205,47.06552877375427,586.3941784313208 7.478107593947205,47.06513961490564,586.3941784313208 7.478107593947205,47.06513961490564,526.3441784313209</coordinates>
                    </LinearRing>
                  </outerBoundaryIs>
                </Polygon>
                <Polygon>
                  <altitudeMode>absolute</altitudeMode>
                  <outerBoundaryIs>
                    <LinearRing>
                      <coordinates>7.478107593947205,47.06513961490564,526.3441784313209 7.478107593947205,47.06513961490564,586.3941784313208 7.477085765467653,47.06513961490564,586.3941784313208 7.477085765467653,47.06513961490564,526.3441784313209</coordinates>
                    </LinearRing>
                  </outerBoundaryIs>
                </Polygon>
              </MultiGeometry>
            </Placemark>
          </Folder>
          <Folder>
            <name>E193: uss1 astm.f3548.v21.dss.queryOperationalIntentReferences</name>
            <Placemark>
              <name>area_of_interest</name>
              <styleUrl>#QueryArea</styleUrl>
              <description><![CDATA[<ul><li>uss1's Activated 87ee34e2-656d-4ebb-8555-ce6b44871b86[2]</li><li>uss2's Activated d46436f7-1798-4d3b-a290-0b49d05b5c4e[3]</li></ul>]]></description>
              <TimeSpan>
                <begin>2026-10-08T16:10:32.222560+00:00</begin>
                <end>2026-10-08T16:55:33.222560+00:00</end>
              </TimeSpan>
              <MultiGeometry>
                <Polygon>
                  <altitudeMode>absolute</altitudeMode>
                  <outerBoundaryIs>
                    <LinearRing>
                      <coordinates>7.477085765467653,47.06513961490564,526.3441784313209 7.477085765467653,47.06552877375427,526.3441784313209 7.478107593947205,47.06552877375427,526.3441784313209 7.478107593947205,47.06513961490564,526.3441784313209</coordinates>
                    </LinearRing>
                  </outerBoundaryIs>
                </Polygon>
                <Polygon>
                  <altitudeMode>absolute</altitudeMode>
                  <outerBoundaryIs>
                    <LinearRing>
                      <coordinates>7.477085765467653,47.06513961490564,586.3941784313208 7.477085765467653,47.06552877375427,586.3941784313208 7.478107593947205,47.06552877375427,586.3941784313208 7.478107593947205,47.06513961490564,586.3941784313208</coordinates>
                    </LinearRing>
                  </outerBoundaryIs>
                </Polygon>
                <Polygon>
                  <altitudeMode>absolute</altitudeMode>
                  <outerBoundaryIs>
                    <LinearRing>
                      <coordinates>7.477085765467653,47.06513961490564,526.3441784313209 7.477085765467653,47.06513961490564,586.3941784313208 7.477085765467653,47.06552877375427,586.3941784313208 7.477085765467653,47.06552877375427,526.3441784313209</coordinates>
                    </LinearRing>
                  </outerBoundaryIs>
                </Polygon>
                <Polygon>
                  <altitudeMode>absolute</altitudeMode>
                  <outerBoundaryIs>
                    <LinearRing>
                      <coordinates>7.477085765467653,47.06552877375427,526.3441784313209 7.477085765467653,47.06552877375427,586.3941784313208 7.478107593947205,47.06552877375427,586.3941784313208 7.478107593947205,47.06552877375427,526.3441784313209</coordinates>
                    </LinearRing>
                  </outerBoundaryIs>
                </Polygon>
                <Polygon>
                  <altitudeMode>absolute</altitudeMode>
                  <outerBoundaryIs>
                    <LinearRing>
                      <coordinates>7.478107593947205,47.06552877375427,526.3441784313209 7.478107593947205,47.06552877375427,586.3941784313208 7.478107593947205,47.06513961490564,586.3941784313208 7.478107593947205,47.06513961490564,526.3441784313209</coordinates>
                    </LinearRing>
                  </outerBoundaryIs>
                </Polygon>
                <Polygon>
                  <altitudeMode>absolute</altitudeMode>
                  <outerBoundaryIs>
                    <LinearRing>
                      <coordinates>7.478107593947205,47.06513961490564,526.3441784313209 7.478107593947205,47.06513961490564,586.3941784313208 7.477085765467653,47.06513961490564,586.3941784313208 7.477085765467653,47.06513961490564,526.3441784313209</coordinates>
                    </LinearRing>
                  </outerBoundaryIs>
                </Polygon>
              </MultiGeometry>
            </Placemark>
          </Folder>
          <Folder>
            <name>E198: uss2 astm.f3548.v21.uss.getOperationalIntentDetails</name>
            <Folder>
              <name>uss2's P0 Activated d46436f7-1798-4d3b-a290-0b49d05b5c4e[3] @ Nk9Ot8SISEnSOJedoAo72Ys7.5mMIPEZpmV7TfIvaGI_</name>
              <Placemark>
                <name>Nominal volume 0</name>
                <styleUrl>#F3548v21Activated</styleUrl>
                <TimeSpan>
                  <begin>2026-10-08T16:10:33.254820+00:00</begin>
                  <end>2026-10-08T16:55:33.222560+00:00</end>
                </TimeSpan>
                <MultiGeometry>
                  <Polygon>
                    <altitudeMode>absolute</altitudeMode>
                    <outerBoundaryIs>
                      <LinearRing>
                        <coordinates>7.4774521922047015,47.06521507142086,526.34440452037 7.47747718403083,47.06551458803094,526.34440452037 7.478063469687955,47.06549188844276,526.34440452037 7.478107593947205,47.06513961490564,526.34440452037</coordinates>
                      </LinearRing>
                    </outerBoundaryIs>
                  </Polygon>
                  <Polygon>
                    <altitudeMode>absolute</altitudeMode>
                    <outerBoundaryIs>
                      <LinearRing>
                        <coordinates>7.4774521922047015,47.06521507142086,586.3944045203699 7.47747718403083,47.06551458803094,586.3944045203699 7.478063469687955,47.06549188844276,586.3944045203699 7.478107593947205,47.06513961490564,586.3944045203699</coordinates>
                      </LinearRing>
                    </outerBoundaryIs>
                  </Polygon>
                  <Polygon>
                    <altitudeMode>absolute</altitudeMode>
                    <outerBoundaryIs>
                      <LinearRing>
                        <coordinates>7.4774521922047015,47.06521507142086,526.34440452037 7.4774521922047015,47.06521507142086,586.3944045203699 7.47747718403083,47.06551458803094,586.3944045203699 7.47747718403083,47.06551458803094,526.34440452037</coordinates>
                      </LinearRing>
                    </outerBoundaryIs>
                  </Polygon>
                  <Polygon>
                    <altitudeMode>absolute</altitudeMode>
                    <outerBoundaryIs>
                      <LinearRing>
                        <coordinates>7.47747718403083,47.06551458803094,526.34440452037 7.47747718403083,47.06551458803094,586.3944045203699 7.478063469687955,47.06549188844276,586.3944045203699 7.478063469687955,47.06549188844276,526.34440452037</coordinates>
                      </LinearRing>
                    </outerBoundaryIs>
                  </Polygon>
                  <Polygon>
                    <altitudeMode>absolute</altitudeMode>
                    <outerBoundaryIs>
                      <LinearRing>
                        <coordinates>7.478063469687955,47.06549188844276,526.34440452037 7.478063469687955,47.06549188844276,586.3944045203699 7.478107593947205,47.06513961490564,586.3944045203699 7.478107593947205,47.06513961490564,526.34440452037</coordinates>
                      </LinearRing>
                    </outerBoundaryIs>
                  </Polygon>
                  <Polygon>
                    <altitudeMode>absolute</altitudeMode>
                    <outerBoundaryIs>
                      <LinearRing>
                        <coordinates>7.478107593947205,47.06513961490564,526.34440452037 7.478107593947205,47.06513961490564,586.3944045203699 7.4774521922047015,47.06521507142086,586.3944045203699 7.4774521922047015,47.06521507142086,526.34440452037</coordinates>
                      </LinearRing>
                    </outerBoundaryIs>
                  </Polygon>
                </MultiGeometry>
              </Placemark>
            </Folder>
          </Folder>
        </Folder>
      </Folder>
      <Folder>
        <name>Attempt to modify activated flight into conflict</name>
        <Folder>
          <name>Modify activated Flight 2 to not conflict with activated Flight 1</name>
          <Folder>
            <name>E207: uss1 astm.f3548.v21.dss.queryOperationalIntentReferences</name>
            <Placemark>
              <name>area_of_interest</name>
              <styleUrl>#QueryArea</styleUrl>
              <description><![CDATA[<ul><li>uss1's Activated 87ee34e2-656d-4ebb-8555-ce6b44871b86[2]</li><li>uss2's Activated d46436f7-1798-4d3b-a290-0b49d05b5c4e[3]</li></ul>]]></description>
              <TimeSpan>
                <begin>2026-10-08T16:10:32.422520+00:00</begin>
                <end>2026-10-08T16:55:33.422520+00:00</end>
              </TimeSpan>
              <MultiGeometry>
                <Polygon>
                  <altitudeMode>absolute</altitudeMode>
                  <outerBoundaryIs>
                    <LinearRing>
                      <coordinates>7.477045799310559,47.065547483038834,553.3042187431975 7.477045799310559,47.0659196179747,553.3042187431975 7.477921064062588,47.0659196179747,553.3042187431975 7.477921064062588,47.065547483038834,553.3042187431975</coordinates>
                    </LinearRing>
                  </outerBoundaryIs>
                </Polygon>
                <Polygon>
                  <altitudeMode>absolute</altitudeMode>
                  <outerBoundaryIs>
                    <LinearRing>
                      <coordinates>7.477045799310559,47.065547483038834,606.3942187431975 7.477045799310559,47.0659196179747,606.3942187431975 7.477921064062588,47.0659196179747,606.3942187431975 7.477921064062588,47.065547483038834,606.3942187431975</coordinates>
                    </LinearRing>
                  </outerBoundaryIs>
                </Polygon>
                <Polygon>
                  <altitudeMode>absolute</altitudeMode>
                  <outerBoundaryIs>
                    <LinearRing>
                      <coordinates>7.477045799310559,47.065547483038834,553.3042187431975 7.477045799310559,47.065547483038834,606.3942187431975 7.477045799310559,47.0659196179747,606.3942187431975 7.477045799310559,47.0659196179747,553.3042187431975</coordinates>
                    </LinearRing>
                  </outerBoundaryIs>
                </Polygon>
                <Polygon>
                  <altitudeMode>absolute</altitudeMode>
                  <outerBoundaryIs>
                    <LinearRing>
                      <coordinates>7.477045799310559,47.0659196179747,553.3042187431975 7.477045799310559,47.0659196179747,606.3942187431975 7.477921064062588,47.0659196179747,606.3942187431975 7.477921064062588,47.0659196179747,553.3042187431975</coordinates>
                    </LinearRing>
                  </outerBoundaryIs>
                </Polygon>
                <Polygon>
                  <altitudeMode>absolute</altitudeMode>
                  <outerBoundaryIs>
                    <LinearRing>
                      <coordinates>7.477921064062588,47.0659196179747,553.3042187431975 7.477921064062588,47.0659196179747,606.3942187431975 7.477921064062588,47.065547483038834,606.3942187431975 7.477921064062588,47.065547483038834,553.3042187431975</coordinates>
                    </LinearRing>
                  </outerBoundaryIs>
                </Polygon>
                <Polygon>
                  <altitudeMode>absolute</altitudeMode>
                  <outerBoundaryIs>
                    <LinearRing>
                      <coordinates>7.477921064062588,47.065547483038834,553.3042187431975 7.477921064062588,47.065547483038834,606.3942187431975 7.477045799310559,47.065547483038834,606.3942187431975 7.477045799310559,47.065547483038834,553.3042187431975</coordinates>
                    </LinearRing>
                  </outerBoundaryIs>
                </Polygon>
              </MultiGeometry>
            </Placemark>
          </Folder>
          <Folder>
            <name>E209: uss1 interuss.automated_testing.flight_planning.v1.UpsertFlightPlan</name>
            <Folder>
              <name>Activity Completed, flight OkToFly</name>
              <Placemark>
                <name>Volume 0</name>
                <styleUrl>#InUse_Nominal</styleUrl>
                <TimeSpan>
                  <begin>2026-10-08T16:10:32.422520+00:00</begin>
                  <end>2026-10-08T16:55:33.422520+00:00</end>
                </TimeSpan>
                <MultiGeometry>
                  <Polygon>
                    <altitudeMode>absolute</altitudeMode>
                    <outerBoundaryIs>
                      <LinearRing>
                        <coordinates>7.477045799310559,47.065631449659406,553.3041533602042 7.477921064062588,47.065547483038834,553.3041533602042 7.477363934315723,47.0659196179747,553.3041533602042</coordinates>
                      </LinearRing>
                    </outerBoundaryIs>
                  </Polygon>
                  <Polygon>
                    <altitudeMode>absolute</altitudeMode>
                    <outerBoundaryIs>
                      <LinearRing>
                        <coordinates>7.477045799310559,47.065631449659406,606.3941533602042 7.477921064062588,47.065547483038834,606.3941533602042 7.477363934315723,47.0659196179747,606.3941533602042</coordinates>
                      </LinearRing>
                    </outerBoundaryIs>
                  </Polygon>
                  <Polygon>
                    <altitudeMode>absolute</altitudeMode>
                    <outerBoundaryIs>
                      <LinearRing>
                        <coordinates>7.477045799310559,47.065631449659406,553.3041533602042 7.477045799310559,47.065631449659406,606.3941533602042 7.477921064062588,47.065547483038834,606.3941533602042 7.477921064062588,47.065547483038834,553.3041533602042</coordinates>
                      </LinearRing>
                    </outerBoundaryIs>
                  </Polygon>
                  <Polygon>
                    <altitudeMode>absolute</altitudeMode>
                    <outerBoundaryIs>
                      <LinearRing>
                        <coordinates>7.477921064062588,47.065547483038834,553.3041533602042 7.477921064062588,47.065547483038834,606.3941533602042 7.477363934315723,47.0659196179747,606.3941533602042 7.477363934315723,47.0659196179747,553.3041533602042</coordinates>
                      </LinearRing>
                    </outerBoundaryIs>
                  </Polygon>
                  <Polygon>
                    <altitudeMode>absolute</altitudeMode>
                    <outerBoundaryIs>
                      <LinearRing>
                        <coordinates>7.477363934315723,47.0659196179747,553.3041533602042 7.477363934315723,47.0659196179747,606.3941533602042 7.477045799310559,47.065631449659406,606.3941533602042 7.477045799310559,47.065631449659406,553.3041533602042</coordinates>
                      </LinearRing>
                    </outerBoundaryIs>
                  </Polygon>
                </MultiGeometry>
              </Placemark>
            </Folder>
          </Folder>
          <Folder>
            <name>E213: uss1 astm.f3548.v21.dss.queryOperationalIntentReferences</name>
            <Placemark>
              <name>area_of_interest</name>
              <styleUrl>#QueryArea</styleUrl>
              <description><![CDATA[<ul><li>uss1's Activated 87ee34e2-656d-4ebb-8555-ce6b44871b86[3]</li><li>uss2's Activated d46436f7-1798-4d3b-a290-0b49d05b5c4e[3]</li></ul>]]></description>
              <TimeSpan>
                <begin>2026-10-08T16:10:32.422520+00:00</begin>
                <end>2026-10-08T16:55:33.422520+00:00</end>
              </TimeSpan>
              <MultiGeometry>
                <Polygon>
                  <altitudeMode>absolute</altitudeMode>
                  <outerBoundaryIs>
                    <LinearRing>
                      <coordinates>7.477045799310559,47.065547483038834,553.3042187431975 7.477045799310559,47.0659196179747,553.3042187431975 7.477921064062588,47.0659196179747,553.3042187431975 7.477921064062588,47.065547483038834,553.3042187431975</coordinates>
                    </LinearRing>
                  </outerBoundaryIs>
                </Polygon>
                <Polygon>
                  <altitudeMode>absolute</altitudeMode>
                  <outerBoundaryIs>
                    <LinearRing>
                      <coordinates>7.477045799310559,47.065547483038834,606.3942187431975 7.477045799310559,47.0659196179747,606.3942187431975 7.477921064062588,47.0659196179747,606.3942187431975 7.477921064062588,47.065547483038834,606.3942187431975</coordinates>
                    </LinearRing>
                  </outerBoundaryIs>
                </Polygon>
                <Polygon>
                  <altitudeMode>absolute</altitudeMode>
                  <outerBoundaryIs>
                    <LinearRing>
                      <coordinates>7.477045799310559,47.065547483038834,553.3042187431975 7.477045799310559,47.065547483038834,606.3942187431975 7.477045799310559,47.0659196179747,606.3942187431975 7.477045799310559,47.0659196179747,553.3042187431975</coordinates>
                    </LinearRing>
                  </outerBoundaryIs>
                </Polygon>
                <Polygon>
                  <altitudeMode>absolute</altitudeMode>
                  <outerBoundaryIs>
                    <LinearRing>
                      <coordinates>7.477045799310559,47.0659196179747,553.3042187431975 7.477045799310559,47.0659196179747,606.3942187431975 7.477921064062588,47.0659196179747,606.3942187431975 7.477921064062588,47.0659196179747,553.3042187431975</coordinates>
                    </LinearRing>
                  </outerBoundaryIs>
                </Polygon>
                <Polygon>
                  <altitudeMode>absolute</altitudeMode>
                  <outerBoundaryIs>
                    <LinearRing>
                      <coordinates>7.477921064062588,47.0659196179747,553.3042187431975 7.477921064062588,47.0659196179747,606.3942187431975 7.477921064062588,47.065547483038834,606.3942187431975 7.477921064062588,47.065547483038834,553.3042187431975</coordinates>
                    </LinearRing>
                  </outerBoundaryIs>
                </Polygon>
                <Polygon>
                  <altitudeMode>absolute</altitudeMode>
                  <outerBoundaryIs>
                    <LinearRing>
                      <coordinates>7.477921064062588,47.065547483038834,553.3042187431975 7.477921064062588,47.065547483038834,606.3942187431975 7.477045799310559,47.065547483038834,606.3942187431975 7.477045799310559,47.065547483038834,553.3042187431975</coordinates>
                    </LinearRing>
                  </outerBoundaryIs>
                </Polygon>
              </MultiGeometry>
            </Placemark>
          </Folder>
          <Folder>
            <name>E218: uss1 astm.f3548.v21.uss.getOperationalIntentDetails</name>
            <Folder>
              <name>uss1's P100 Activated 87ee34e2-656d-4ebb-8555-ce6b44871b86[3] @ WLFkVTF1Q7ZSDfoEXAUib3x74HojfaE3cVduJYCLICA_</name>
              <Placemark>
                <name>Nominal volume 0</name>
                <styleUrl>#F3548v21Activated</styleUrl>
                <TimeSpan>
                  <begin>2026-10-08T16:10:33.453976+00:00</begin>
                  <end>2026-10-08T16:55:33.422520+00:00</end>
                </TimeSpan>
                <MultiGeometry>
                  <Polygon>
                    <altitudeMode>absolute</altitudeMode>
                    <outerBoundaryIs>
                      <LinearRing>
                        <coordinates>7.477045799310559,47.065631449659406,553.3041533602042 7.477921064062588,47.065547483038834,553.3041533602042 7.477363934315723,47.0659196179747,553.3041533602042</coordinates>
                      </LinearRing>
                    </outerBoundaryIs>
                  </Polygon>
                  <Polygon>
                    <altitudeMode>absolute</altitudeMode>
                    <outerBoundaryIs>
                      <LinearRing>
                        <coordinates>7.477045799310559,47.065631449659406,606.3941533602042 7.477921064062588,47.065547483038834,606.3941533602042 7.477363934315723,47.0659196179747,606.3941533602042</coordinates>
                      </LinearRing>
                    </outerBoundaryIs>
                  </Polygon>
                  <Polygon>
                    <altitudeMode>absolute</altitudeMode>
                    <outerBoundaryIs>
                      <LinearRing>
                        <coordinates>7.477045799310559,47.065631449659406,553.3041533602042 7.477045799310559,47.065631449659406,606.3941533602042 7.477921064062588,47.065547483038834,606.3941533602042 7.477921064062588,47.065547483038834,553.3041533602042</coordinates>
                      </LinearRing>
                    </outerBoundaryIs>
                  </Polygon>
                  <Polygon>
                    <altitudeMode>absolute</altitudeMode>
                    <outerBoundaryIs>
                      <LinearRing>
                        <coordinates>7.477921064062588,47.065547483038834,553.3041533602042 7.477921064062588,47.065547483038834,606.3941533602042 7.477363934315723,47.0659196179747,606.3941533602042 7.477363934315723,47.0659196179747,553.3041533602042</coordinates>
                      </LinearRing>
                    </outerBoundaryIs>
                  </Polygon>
                  <Polygon>
                    <altitudeMode>absolute</altitudeMode>
                    <outerBoundaryIs>
                      <LinearRing>
                        <coordinates>7.477363934315723,47.0659196179747,553.3041533602042 7.477363934315723,47.0659196179747,606.3941533602042 7.477045799310559,47.065631449659406,606.3941533602042 7.477045799310559,47.065631449659406,553.3041533602042</coordinates>
                      </LinearRing>
                    </outerBoundaryIs>
                  </Polygon>
                </MultiGeometry>
              </Placemark>
            </Folder>
          </Folder>
        </Folder>
        <Folder>
          <name>Attempt to modify activated Flight 1 into conflict</name>
          <Folder>
            <name>E227: uss1 astm.f3548.v21.dss.queryOperationalIntentReferences</name>
            <Placemark>
              <name>area_of_interest</name>
              <styleUrl>#QueryArea</styleUrl>
              <description><![CDATA[<ul><li>uss1's Activated 87ee34e2-656d-4ebb-8555-ce6b44871b86[3]</li><li>uss2's Activated d46436f7-1798-4d3b-a290-0b49d05b5c4e[3]</li></ul>]]></description>
              <TimeSpan>
                <begin>2026-10-08T16:10:32.622395+00:00</begin>
                <end>2026-10-08T16:55:33.622395+00:00</end>
              </TimeSpan>
              <MultiGeometry>
                <Polygon>
                  <altitudeMode>absolute</altitudeMode>
                  <outerBoundaryIs>
                    <LinearRing>
                      <coordinates>7.4774521922047015,47.06513961490564,526.3444932534536 7.4774521922047015,47.06590259399747,526.3444932534536 7.478107593947205,47.06590259399747,526.3444932534536 7.478107593947205,47.06513961490564,526.3444932534536</coordinates>
                    </LinearRing>
                  </outerBoundaryIs>
                </Polygon>
                <Polygon>
                  <altitudeMode>absolute</altitudeMode>
                  <outerBoundaryIs>
                    <LinearRing>
                      <coordinates>7.4774521922047015,47.06513961490564,591.3944932534536 7.4774521922047015,47.06590259399747,591.3944932534536 7.478107593947205,47.06590259399747,591.3944932534536 7.478107593947205,47.06513961490564,591.3944932534536</coordinates>
                    </LinearRing>
                  </outerBoundaryIs>
                </Polygon>
                <Polygon>
                  <altitudeMode>absolute</altitudeMode>
                  <outerBoundaryIs>
                    <LinearRing>
                      <coordinates>7.4774521922047015,47.06513961490564,526.3444932534536 7.4774521922047015,47.06513961490564,591.3944932534536 7.4774521922047015,47.06590259399747,591.3944932534536 7.4774521922047015,47.06590259399747,526.3444932534536</coordinates>
                    </LinearRing>
                  </outerBoundaryIs>
                </Polygon>
                <Polygon>
                  <altitudeMode>absolute</altitudeMode>
                  <outerBoundaryIs>
                    <LinearRing>
                      <coordinates>7.4774521922047015,47.06590259399747,526.3444932534536 7.4774521922047015,47.06590259399747,591.3944932534536 7.478107593947205,47.06590259399747,591.3944932534536 7.478107593947205,47.06590259399747,526.3444932534536</coordinates>
                    </LinearRing>
                  </outerBoundaryIs>
                </Polygon>
                <Polygon>
                  <altitudeMode>absolute</altitudeMode>
                  <outerBoundaryIs>
                    <LinearRing>
                      <coordinates>7.478107593947205,47.06590259399747,526.3444932534536 7.478107593947205,47.06590259399747,591.3944932534536 7.478107593947205,47.06513961490564,591.3944932534536 7.478107593947205,47.06513961490564,526.3444932534536</coordinates>
                    </LinearRing>
                  </outerBoundaryIs>
                </Polygon>
                <Polygon>
                  <altitudeMode>absolute</altitudeMode>
                  <outerBoundaryIs>
                    <LinearRing>
                      <coordinates>7.478107593947205,47.06513961490564,526.3444932534536 7.478107593947205,47.06513961490564,591.3944932534536 7.4774521922047015,47.06513961490564,591.3944932534536 7.4774521922047015,47.06513961490564,526.3444932534536</coordinates>
                    </LinearRing>
                  </outerBoundaryIs>
                </Polygon>
              </MultiGeometry>
            </Placemark>
          </Folder>
          <Folder>
            <name>E232: uss1 astm.f3548.v21.dss.queryOperationalIntentReferences</name>
            <Placemark>
              <name>area_of_interest</name>
              <styleUrl>#QueryArea</styleUrl>
              <description><![CDATA[<ul><li>uss1's Activated 87ee34e2-656d-4ebb-8555-ce6b44871b86[3]</li><li>uss2's Activated d46436f7-1798-4d3b-a290-0b49d05b5c4e[3]</li></ul>]]></description>
              <TimeSpan>
                <begin>2026-10-08T16:10:32.622395+00:00</begin>
                <end>2026-10-08T16:55:33.622395+00:00</end>
              </TimeSpan>
              <MultiGeometry>
                <Polygon>
                  <altitudeMode>absolute</altitudeMode>
                  <outerBoundaryIs>
                    <LinearRing>
                      <coordinates>7.4774521922047015,47.06513961490564,526.3444932534536 7.4774521922047015,47.06590259399747,526.3444932534536 7.478107593947205,47.06590259399747,526.3444932534536 7.478107593947205,47.06513961490564,526.3444932534536</coordinates>
                    </LinearRing>
                  </outerBoundaryIs>
                </Polygon>
                <Polygon>
                  <altitudeMode>absolute</altitudeMode>
                  <outerBoundaryIs>
                    <LinearRing>
                      <coordinates>7.4774521922047015,47.06513961490564,591.3944932534536 7.4774521922047015,47.06590259399747,591.3944932534536 7.478107593947205,47.06590259399747,591.3944932534536 7.478107593947205,47.06513961490564,591.3944932534536</coordinates>
                    </LinearRing>
                  </outerBoundaryIs>
                </Polygon>
                <Polygon>
                  <altitudeMode>absolute</altitudeMode>
                  <outerBoundaryIs>
                    <LinearRing>
                      <coordinates>7.4774521922047015,47.06513961490564,526.3444932534536 7.4774521922047015,47.06513961490564,591.3944932534536 7.4774521922047015,47.06590259399747,591.3944932534536 7.4774521922047015,47.06590259399747,526.3444932534536</coordinates>
                    </LinearRing>
                  </outerBoundaryIs>
                </Polygon>
                <Polygon>
                  <altitudeMode>absolute</altitudeMode>
                  <outerBoundaryIs>
                    <LinearRing>
                      <coordinates>7.4774521922047015,47.06590259399747,526.3444932534536 7.4774521922047015,47.06590259399747,591.3944932534536 7.478107593947205,47.06590259399747,591.3944932534536 7.478107593947205,47.06590259399747,526.3444932534536</coordinates>
                    </LinearRing>
                  </outerBoundaryIs>
                </Polygon>
                <Polygon>
                  <altitudeMode>absolute</altitudeMode>
                  <outerBoundaryIs>
                    <LinearRing>
                      <coordinates>7.478107593947205,47.06590259399747,526.3444932534536 7.478107593947205,47.06590259399747,591.3944932534536 7.478107593947205,47.06513961490564,591.3944932534536 7.478107593947205,47.06513961490564,526.3444932534536</coordinates>
                    </LinearRing>
                  </outerBoundaryIs>
                </Polygon>
                <Polygon>
                  <altitudeMode>absolute</altitudeMode>
                  <outerBoundaryIs>
                    <LinearRing>
                      <coordinates>7.478107593947205,47.06513961490564,526.3444932534536 7.478107593947205,47.06513961490564,591.3944932534536 7.4774521922047015,47.06513961490564,591.3944932534536 7.4774521922047015,47.06513961490564,526.3444932534536</coordinates>
                    </LinearRing>
                  </outerBoundaryIs>
                </Polygon>
              </MultiGeometry>
            </Placemark>
          </Folder>
        </Folder>
      </Folder>
      <Folder>
        <name/>
        <Folder>
          <name>Cleanup</name>
        </Folder>
      </Folder>
    </Folder>
  </Document>
</kml>
