<kml xmlns="http://www.opengis.net/kml/2.2" xmlns:atom="http://www.w3.org/2005/Atom" xmlns:gx="http://www.google.com/kml/ext/2.2">
  <Document>
    <Style id="QueryArea">
      <LineStyle>
        <color>ffc0c000</color>
        <width>3</width>
      </LineStyle>
      <PolyStyle>
        <color>80ffffaa</color>
      </PolyStyle>
    </Style>
    <Style id="F3548v21Accepted">
      <LineStyle>
        <color>ff00c000</color>
        <width>3</width>
      </LineStyle>
      <PolyStyle>
        <color>80c0c0c0</color>
      </PolyStyle>
    </Style>
    <Style id="F3548v21Activated">
      <LineStyle>
        <color>ff00c000</color>
        <width>3</width>
      </LineStyle>
      <PolyStyle>
        <color>8000ff00</color>
      </PolyStyle>
    </Style>
    <Style id="F3548v21Nonconforming">
      <LineStyle>
        <color>ff00ffff</color>
        <width>5</width>
      </LineStyle>
      <PolyStyle>
        <color>8000ffff</color>
      </PolyStyle>
    </Style>
    <Style id="F3548v21Contingent">
      <LineStyle>
        <color>ff0000ff</color>
        <width>5</width>
      </LineStyle>
      <PolyStyle>
        <color>80ff0000ff</color>
      </PolyStyle>
    </Style>
    <Style id="F3548v21AcceptedFuture">
      <LineStyle>
        <color>80c0c0c0</color>
        <width>1</width>
      </LineStyle>
      <PolyStyle>
        <color>00000000</color>
      </PolyStyle>
    </Style>
    <Style id="F3548v21ActivatedFuture">
      <LineStyle>
        <color>8040c040</color>
        <width>1</width>
      </LineStyle>
      <PolyStyle>
        <color>00000000</color>
      </PolyStyle>
    </Style>
    <Style id="F3548v21NonconformingFuture">
      <LineStyle>
        <color>8000ffff</color>
        <width>1</width>
      </LineStyle>
      <PolyStyle>
        <color>00000000</color>
      </PolyStyle>
    </Style>
    <Style id="F3548v21ContingentFuture">
      <LineStyle>
        <color>80ff0000ff</color>
        <width>1</width>
      </LineStyle>
      <PolyStyle>
        <color>00000000</color>
      </PolyStyle>
    </Style>
    <Style id="Planned_Nominal">
      <LineStyle>
        <color>ff00c000</color>
        <width>3</width>
      </LineStyle>
      <PolyStyle>
        <color>80808080</color>
      </PolyStyle>
    </Style>
    <Style id="InUse_Nominal">
      <LineStyle>
        <color>ff00c000</color>
        <width>3</width>
      </LineStyle>
      <PolyStyle>
        <color>8000ff00</color>
      </PolyStyle>
    </Style>
    <Style id="InUse_OffNominal">
      <LineStyle>
        <color>ff00ffff</color>
        <width>5</width>
      </LineStyle>
      <PolyStyle>
        <color>8000ff00</color>
      </PolyStyle>
    </Style>
    <Style id="InUse_Contingent">
      <LineStyle>
        <color>ff0000ff</color>
        <width>5</width>
      </LineStyle>
      <PolyStyle>
        <color>8000ff00</color>
      </PolyStyle>
    </Style>
    <Style id="unmodifiedtelemetry">
      <IconStyle>
        <scale>1.4</scale>
        <Icon>
          <href>http://maps.google.com/mapfiles/kml/shapes/placemark_circle.png</href>
        </Icon>
      </IconStyle>
    </Style>
    <Style id="modifiedtelemetry">
      <IconStyle>
        <scale>1.4</scale>
        <Icon>
          <href>http://maps.google.com/mapfiles/kml/shapes/placemark_square.png</href>
        </Icon>
      </IconStyle>
    </Style>
    <Style id="aircraft">
      <IconStyle>
        <scale>1.4</scale>
        <Icon>
          <href>http://maps.google.com/mapfiles/kml/shapes/airports.png</href>
        </Icon>
      </IconStyle>
    </Style>
    <Folder>
      <name>Nominal planning: conflict with higher priority</name>
      <Folder>
        <name>Prerequisites check</name>
        <Folder>
          <name>Verify area is clear</name>
          <Folder>
            <name>E3: uss1 astm.f3548.v21.dss.queryOperationalIntentReferences</name>
            <Placemark>
              <name>area_of_interest</name>
              <styleUrl>#QueryArea</styleUrl>
              <description><![CDATA[(no operational intent references found)]]></description>
              <TimeSpan>
                <begin>2026-10-08T16:10:32.819648+00:00</begin>
                <end>2026-10-08T17:40:33.819648+00:00</end>
              </TimeSpan>
              <MultiGeometry>
                <Polygon>
                  <altitudeMode>absolute</altitudeMode>
                  <outerBoundaryIs>
                    <LinearRing>
                      <coordinates>7.742479898503331,46.9745267709099,526.4276666585016 7.742479898503331,46.975308485059976,526.4276666585016 7.743537445362028,46.975308485059976,526.4276666585016 7.743537445362028,46.9745267709099,526.4276666585016</coordinates>
                    </LinearRing>
                  </outerBoundaryIs>
                </Polygon>
                <Polygon>
                  <altitudeMode>absolute</altitudeMode>
                  <outerBoundaryIs>
                    <LinearRing>
                      <coordinates>7.742479898503331,46.9745267709099,606.4776666585016 7.742479898503331,46.975308485059976,606.4776666585016 7.743537445362028,46.975308485059976,606.4776666585016 7.743537445362028,46.9745267709099,606.4776666585016</coordinates>
                    </LinearRing>
                  </outerBoundaryIs>
                </Polygon>
                <Polygon>
                  <altitudeMode>absolute</altitudeMode>
                  <outerBoundaryIs>
                    <LinearRing>
                      <coordinates>7.742479898503331,46.9745267709099,526.4276666585016 7.742479898503331,46.9745267709099,606.4776666585016 7.742479898503331,46.975308485059976,606.4776666585016 7.742479898503331,46.975308485059976,526.4276666585016</coordinates>
                    </LinearRing>
                  </outerBoundaryIs>
                </Polygon>
                <Polygon>
                  <altitudeMode>absolute</altitudeMode>
                  <outerBoundaryIs>
                    <LinearRing>
                      <coordinates>7.742479898503331,46.975308485059976,526.4276666585016 7.742479898503331,46.975308485059976,606.4776666585016 7.743537445362028,46.975308485059976,606.4776666585016 7.743537445362028,46.975308485059976,526.4276666585016</coordinates>
                    </LinearRing>
                  </outerBoundaryIs>
                </Polygon>
                <Polygon>
                  <altitudeMode>absolute</altitudeMode>
                  <outerBoundaryIs>
                    <LinearRing>
                      <coordinates>7.743537445362028,46.975308485059976,526.4276666585016 7.743537445362028,46.975308485059976,606.4776666585016 7.743537445362028,46.9745267709099,606.4776666585016 7.743537445362028,46.9745267709099,526.4276666585016</coordinates>
                    </LinearRing>
                  </outerBoundaryIs>
                </Polygon>
                <Polygon>
                  <altitudeMode>absolute</altitudeMode>
                  <outerBoundaryIs>
                    <LinearRing>
                      <coordinates>7.743537445362028,46.9745267709099,526.4276666585016 7.743537445362028,46.9745267709099,606.4776666585016 7.742479898503331,46.9745267709099,606.4776666585016 7.742479898503331,46.9745267709099,526.4276666585016</coordinates>
                    </LinearRing>
                  </outerBoundaryIs>
                </Polygon>
              </MultiGeometry>
            </Placemark>
          </Folder>
        </Folder>
      </Folder>
      <Folder>
        <name>Attempt to plan flight in conflict</name>
        <Folder>
          <name>Plan Flight 2</name>
          <Folder>
            <name>E6: uss1 astm.f3548.v21.dss.queryOperationalIntentReferences</name>
            <Placemark>
              <name>area_of_interest</name>
              <styleUrl>#QueryArea</styleUrl>
              <description><![CDATA[(no operational intent references found)]]></description>
              <TimeSpan>
                <begin>2026-10-08T16:10:32.888751+00:00</begin>
                <end>2026-10-08T16:55:33.888751+00:00</end>
              </TimeSpan>
              <MultiGeometry>
                <Polygon>
                  <altitudeMode>absolute</altitudeMode>
                  <outerBoundaryIs>
                    <LinearRing>
                      <coordinates>7.742479898503331,46.97455984188882,555.407629940361 7.742479898503331,46.975308485059976,555.407629940361 7.743060669290376,46.975308485059976,555.407629940361 7.743060669290376,46.97455984188882,555.407629940361</coordinates>
                    </LinearRing>
                  </outerBoundaryIs>
                </Polygon>
                <Polygon>
                  <altitudeMode>absolute</altitudeMode>
                  <outerBoundaryIs>
                    <LinearRing>
                      <coordinates>7.742479898503331,46.97455984188882,584.477629940361 7.742479898503331,46.975308485059976,584.477629940361 7.743060669290376,46.975308485059976,584.477629940361 7.743060669290376,46.97455984188882,584.477629940361</coordinates>
                    </LinearRing>
                  </outerBoundaryIs>
                </Polygon>
                <Polygon>
                  <altitudeMode>absolute</altitudeMode>
                  <outerBoundaryIs>
                    <LinearRing>
                      <coordinates>7.742479898503331,46.97455984188882,555.407629940361 7.742479898503331,46.97455984188882,584.477629940361 7.742479898503331,46.975308485059976,584.477629940361 7.742479898503331,46.975308485059976,555.407629940361</coordinates>
                    </LinearRing>
                  </outerBoundaryIs>
                </Polygon>
                <Polygon>
                  <altitudeMode>absolute</altitudeMode>
                  <outerBoundaryIs>
                    <LinearRing>
                      <coordinates>7.742479898503331,46.975308485059976,555.407629940361 7.742479898503331,46.975308485059976,584.477629940361 7.743060669290376,46.975308485059976,584.477629940361 7.743060669290376,46.975308485059976,555.407629940361</coordinates>
                    </LinearRing>
                  </outerBoundaryIs>
                </Polygon>
                <Polygon>
                  <altitudeMode>absolute</altitudeMode>
                  <outerBoundaryIs>
                    <LinearRing>
                      <coordinates>7.743060669290376,46.975308485059976,555.407629940361 7.743060669290376,46.975308485059976,584.477629940361 7.743060669290376,46.97455984188882,584.477629940361 7.743060669290376,46.97455984188882,555.407629940361</coordinates>
                    </LinearRing>
                  </outerBoundaryIs>
                </Polygon>
                <Polygon>
                  <altitudeMode>absolute</altitudeMode>
                  <outerBoundaryIs>
                    <LinearRing>
                      <coordinates>7.743060669290376,46.97455984188882,555.407629940361 7.743060669290376,46.97455984188882,584.477629940361 7.742479898503331,46.97455984188882,584.477629940361 7.742479898503331,46.97455984188882,555.407629940361</coordinates>
                    </LinearRing>
                  </outerBoundaryIs>
                </Polygon>
              </MultiGeometry>
            </Placemark>
          </Folder>
          <Folder>
            <name>E12: uss1 astm.f3548.v21.dss.queryOperationalIntentReferences</name>
            <Placemark>
              <name>area_of_interest</name>
              <styleUrl>#QueryArea</styleUrl>
              <description><![CDATA[<ul><li>uss2's Accepted 330fbb7b-6d90-484b-b0ff-723f23ee2c4a[1]</li></ul>]]></description>
              <TimeSpan>
                <begin>2026-10-08T16:10:32.888751+00:00</begin>
                <end>2026-10-08T16:55:33.888751+00:00</end>
              </TimeSpan>
              <MultiGeometry>
                <Polygon>
                  <altitudeMode>absolute</altitudeMode>
                  <outerBoundaryIs>
                    <LinearRing>
                      <coordinates>7.742479898503331,46.97455984188882,555.407629940361 7.742479898503331,46.975308485059976,555.407629940361 7.743060669290376,46.975308485059976,555.407629940361 7.743060669290376,46.97455984188882,555.407629940361</coordinates>
                    </LinearRing>
                  </outerBoundaryIs>
                </Polygon>
                <Polygon>
                  <altitudeMode>absolute</altitudeMode>
                  <outerBoundaryIs>
                    <LinearRing>
                      <coordinates>7.742479898503331,46.97455984188882,584.477629940361 7.742479898503331,46.975308485059976,584.477629940361 7.743060669290376,46.975308485059976,584.477629940361 7.743060669290376,46.97455984188882,584.477629940361</coordinates>
                    </LinearRing>
                  </outerBoundaryIs>
                </Polygon>
                <Polygon>
                  <altitudeMode>absolute</altitudeMode>
                  <outerBoundaryIs>
                    <LinearRing>
                      <coordinates>7.742479898503331,46.97455984188882,555.407629940361 7.742479898503331,46.97455984188882,584.477629940361 7.742479898503331,46.975308485059976,584.477629940361 7.742479898503331,46.975308485059976,555.407629940361</coordinates>
                    </LinearRing>
                  </outerBoundaryIs>
                </Polygon>
                <Polygon>
                  <altitudeMode>absolute</altitudeMode>
                  <outerBoundaryIs>
                    <LinearRing>
                      <coordinates>7.742479898503331,46.975308485059976,555.407629940361 7.742479898503331,46.975308485059976,584.477629940361 7.743060669290376,46.975308485059976,584.477629940361 7.743060669290376,46.975308485059976,555.407629940361</coordinates>
                    </LinearRing>
                  </outerBoundaryIs>
                </Polygon>
                <Polygon>
                  <altitudeMode>absolute</altitudeMode>
                  <outerBoundaryIs>
                    <LinearRing>
                      <coordinates>7.743060669290376,46.975308485059976,555.407629940361 7.743060669290376,46.975308485059976,584.477629940361 7.743060669290376,46.97455984188882,584.477629940361 7.743060669290376,46.97455984188882,555.407629940361</coordinates>
                    </LinearRing>
                  </outerBoundaryIs>
                </Polygon>
                <Polygon>
                  <altitudeMode>absolute</altitudeMode>
                  <outerBoundaryIs>
                    <LinearRing>
                      <coordinates>7.743060669290376,46.97455984188882,555.407629940361 7.743060669290376,46.97455984188882,584.477629940361 7.742479898503331,46.97455984188882,584.477629940361 7.742479898503331,46.97455984188882,555.407629940361</coordinates>
                    </LinearRing>
                  </outerBoundaryIs>
                </Polygon>
              </MultiGeometry>
            </Placemark>
          </Folder>
          <Folder>
            <name>E16: uss2 astm.f3548.v21.uss.getOperationalIntentDetails</name>
            <Folder>
              <name>uss2's P100 Accepted 330fbb7b-6d90-484b-b0ff-723f23ee2c4a[1] @ mI3hkQyi8c8fuTso5lWRAxmgZNJYkWF-1ki1ZCmKcOE_</name>
              <Placemark>
                <name>Nominal volume 0</name>
                <styleUrl>#F3548v21Accepted</styleUrl>
                <TimeSpan>
                  <begin>2026-10-08T16:10:33.914621+00:00</begin>
                  <end>2026-10-08T16:55:33.888751+00:00</end>
                </TimeSpan>
                <MultiGeometry>
                  <Polygon>
                    <altitudeMode>absolute</altitudeMode>
                    <outerBoundaryIs>
                      <LinearRing>
                        <coordinates>7.742479898503331,46.97502105231019,555.4076913382216 7.742732834280618,46.97455984188882,555.4076913382216 7.743060669290376,46.97494709300333,555.4076913382216 7.7427989225939715,46.975308485059976,555.4076913382216</coordinates>
                      </LinearRing>
                    </outerBoundaryIs>
                  </Polygon>
                  <Polygon>
                    <altitudeMode>absolute</altitudeMode>
                    <outerBoundaryIs>
                      <LinearRing>
                        <coordinates>7.742479898503331,46.97502105231019,584.4776913382217 7.742732834280618,46.97455984188882,584.4776913382217 7.743060669290376,46.97494709300333,584.4776913382217 7.7427989225939715,46.975308485059976,584.4776913382217</coordinates>
                      </LinearRing>
                    </outerBoundaryIs>
                  </Polygon>
                  <Polygon>
                    <altitudeMode>absolute</altitudeMode>
                    <outerBoundaryIs>
                      <LinearRing>
                        <coordinates>7.742479898503331,46.97502105231019,555.4076913382216 7.742479898503331,46.97502105231019,584.4776913382217 7.742732834280618,46.97455984188882,584.4776913382217 7.742732834280618,46.97455984188882,555.4076913382216</coordinates>
                      </LinearRing>
                    </outerBoundaryIs>
                  </Polygon>
                  <Polygon>
                    <altitudeMode>absolute</altitudeMode>
                    <outerBoundaryIs>
                      <LinearRing>
                        <coordinates>7.742732834280618,46.97455984188882,555.4076913382216 7.742732834280618,46.97455984188882,584.4776913382217 7.743060669290376,46.97494709300333,584.4776913382217 7.743060669290376,46.97494709300333,555.4076913382216</coordinates>
                      </LinearRing>
                    </outerBoundaryIs>
                  </Polygon>
                  <Polygon>
                    <altitudeMode>absolute</altitudeMode>
                    <outerBoundaryIs>
                      <LinearRing>
                        <coordinates>7.743060669290376,46.97494709300333,555.4076913382216 7.743060669290376,46.97494709300333,584.4776913382217 7.7427989225939715,46.975308485059976,584.4776913382217 7.7427989225939715,46.975308485059976,555.4076913382216</coordinates>
                      </LinearRing>
                    </outerBoundaryIs>
                  </Polygon>
                  <Polygon>
                    <altitudeMode>absolute</altitudeMode>
                    <outerBoundaryIs>
                      <LinearRing>
                        <coordinates>7.7427989225939715,46.975308485059976,555.4076913382216 7.7427989225939715,46.975308485059976,584.4776913382217 7.742479898503331,46.97502105231019,584.4776913382217 7.742479898503331,46.97502105231019,555.4076913382216</coordinates>
                      </LinearRing>
                    </outerBoundaryIs>
                  </Polygon>
                </MultiGeometry>
              </Placemark>
            </Folder>
          </Folder>
        </Folder>
        <Folder>
          <name>Attempt to plan Flight 1</name>
          <Folder>
            <name>E25: uss1 astm.f3548.v21.dss.queryOperationalIntentReferences</name>
            <Placemark>
              <name>area_of_interest</name>
              <styleUrl>#QueryArea</styleUrl>
              <description><![CDATA[<ul><li>uss2's Accepted 330fbb7b-6d90-484b-b0ff-723f23ee2c4a[1]</li></ul>]]></description>
              <TimeSpan>
                <begin>2026-10-08T16:10:33.023831+00:00</begin>
                <end>2026-10-08T16:55:34.023831+00:00</end>
              </TimeSpan>
              <MultiGeometry>
                <Polygon>
                  <altitudeMode>absolute</altitudeMode>
                  <outerBoundaryIs>
                    <LinearRing>
                      <coordinates>7.742517800347998,46.9745267709099,556.4871866198954 7.742517800347998,46.97491822714537,556.4871866198954 7.743537445362028,46.97491822714537,556.4871866198954 7.743537445362028,46.9745267709099,556.4871866198954</coordinates>
                    </LinearRing>
                  </outerBoundaryIs>
                </Polygon>
                <Polygon>
                  <altitudeMode>absolute</altitudeMode>
                  <outerBoundaryIs>
                    <LinearRing>
                      <coordinates>7.742517800347998,46.9745267709099,586.4771866198954 7.742517800347998,46.97491822714537,586.4771866198954 7.743537445362028,46.97491822714537,586.4771866198954 7.743537445362028,46.9745267709099,586.4771866198954</coordinates>
                    </LinearRing>
                  </outerBoundaryIs>
                </Polygon>
                <Polygon>
                  <altitudeMode>absolute</altitudeMode>
                  <outerBoundaryIs>
                    <LinearRing>
                      <coordinates>7.742517800347998,46.9745267709099,556.4871866198954 7.742517800347998,46.9745267709099,586.4771866198954 7.742517800347998,46.97491822714537,586.4771866198954 7.742517800347998,46.97491822714537,556.4871866198954</coordinates>
                    </LinearRing>
                  </outerBoundaryIs>
                </Polygon>
                <Polygon>
                  <altitudeMode>absolute</altitudeMode>
                  <outerBoundaryIs>
                    <LinearRing>
                      <coordinates>7.742517800347998,46.97491822714537,556.4871866198954 7.742517800347998,46.97491822714537,586.4771866198954 7.743537445362028,46.97491822714537,586.4771866198954 7.743537445362028,46.97491822714537,556.4871866198954</coordinates>
                    </LinearRing>
                  </outerBoundaryIs>
                </Polygon>
                <Polygon>
                  <altitudeMode>absolute</altitudeMode>
                  <outerBoundaryIs>
                    <LinearRing>
                      <coordinates>7.743537445362028,46.97491822714537,556.4871866198954 7.743537445362028,46.97491822714537,586.4771866198954 7.743537445362028,46.9745267709099,586.4771866198954 7.743537445362028,46.9745267709099,556.4871866198954</coordinates>
                    </LinearRing>
                  </outerBoundaryIs>
                </Polygon>
                <Polygon>
                  <altitudeMode>absolute</altitudeMode>
                  <outerBoundaryIs>
                    <LinearRing>
                      <coordinates>7.743537445362028,46.9745267709099,556.4871866198954 7.743537445362028,46.9745267709099,586.4771866198954 7.742517800347998,46.9745267709099,586.4771866198954 7.742517800347998,46.9745267709099,556.4871866198954</coordinates>
                    </LinearRing>
                  </outerBoundaryIs>
                </Polygon>
              </MultiGeometry>
            </Placemark>
          </Folder>
          <Folder>
            <name>E30: uss1 astm.f3548.v21.dss.queryOperationalIntentReferences</name>
            <Placemark>
              <name>area_of_interest</name>
              <styleUrl>#QueryArea</styleUrl>
              <description><![CDATA[<ul><li>uss2's Accepted 330fbb7b-6d90-484b-b0ff-723f23ee2c4a[1]</li></ul>]]></description>
              <TimeSpan>
                <begin>2026-10-08T16:10:33.023831+00:00</begin>
                <end>2026-10-08T16:55:34.023831+00:00</end>
              </TimeSpan>
              <MultiGeometry>
                <Polygon>
                  <altitudeMode>absolute</altitudeMode>
                  <outerBoundaryIs>
                    <LinearRing>
                      <coordinates>7.742517800347998,46.9745267709099,556.4871866198954 7.742517800347998,46.97491822714537,556.4871866198954 7.743537445362028,46.97491822714537,556.4871866198954 7.743537445362028,46.9745267709099,556.4871866198954</coordinates>
                    </LinearRing>
                  </outerBoundaryIs>
                </Polygon>
                <Polygon>
                  <altitudeMode>absolute</altitudeMode>
                  <outerBoundaryIs>
                    <LinearRing>
                      <coordinates>7.742517800347998,46.9745267709099,586.4771866198954 7.742517800347998,46.97491822714537,586.4771866198954 7.743537445362028,46.97491822714537,586.4771866198954 7.743537445362028,46.9745267709099,586.4771866198954</coordinates>
                    </LinearRing>
                  </outerBoundaryIs>
                </Polygon>
                <Polygon>
                  <altitudeMode>absolute</altitudeMode>
                  <outerBoundaryIs>
                    <LinearRing>
                      <coordinates>7.742517800347998,46.9745267709099,556.4871866198954 7.742517800347998,46.9745267709099,586.4771866198954 7.742517800347998,46.97491822714537,586.4771866198954 7.742517800347998,46.97491822714537,556.4871866198954</coordinates>
                    </LinearRing>
                  </outerBoundaryIs>
                </Polygon>
                <Polygon>
                  <altitudeMode>absolute</altitudeMode>
                  <outerBoundaryIs>
                    <LinearRing>
                      <coordinates>7.742517800347998,46.97491822714537,556.4871866198954 7.742517800347998,46.97491822714537,586.4771866198954 7.743537445362028,46.97491822714537,586.4771866198954 7.743537445362028,46.97491822714537,556.4871866198954</coordinates>
                    </LinearRing>
                  </outerBoundaryIs>
                </Polygon>
                <Polygon>
                  <altitudeMode>absolute</altitudeMode>
                  <outerBoundaryIs>
                    <LinearRing>
                      <coordinates>7.743537445362028,46.97491822714537,556.4871866198954 7.743537445362028,46.97491822714537,586.4771866198954 7.743537445362028,46.9745267709099,586.4771866198954 7.743537445362028,46.9745267709099,556.4871866198954</coordinates>
                    </LinearRing>
                  </outerBoundaryIs>
                </Polygon>
                <Polygon>
                  <altitudeMode>absolute</altitudeMode>
                  <outerBoundaryIs>
                    <LinearRing>
                      <coordinates>7.743537445362028,46.9745267709099,556.4871866198954 7.743537445362028,46.9745267709099,586.4771866198954 7.742517800347998,46.9745267709099,586.4771866198954 7.742517800347998,46.9745267709099,556.4871866198954</coordinates>
                    </LinearRing>
                  </outerBoundaryIs>
                </Polygon>
              </MultiGeometry>
            </Placemark>
          </Folder>
        </Folder>
        <Folder>
          <name>Delete Flight 2</name>
        </Folder>
      </Folder>
      <Folder>
        <name>Attempt to modify planned flight in conflict</name>
        <Folder>
          <name>Plan Flight 1</name>
          <Folder>
            <name>E35: uss1 astm.f3548.v21.dss.queryOperationalIntentReferences</name>
            <Placemark>
              <name>area_of_interest</name>
              <styleUrl>#QueryArea</styleUrl>
              <description><![CDATA[(no operational intent references found)]]></description>
              <TimeSpan>
                <begin>2026-10-08T16:10:33.132091+00:00</begin>
                <end>2026-10-08T16:55:34.132091+00:00</end>
              </TimeSpan>
              <MultiGeometry>
                <Polygon>
                  <altitudeMode>absolute</altitudeMode>
                  <outerBoundaryIs>
                    <LinearRing>
                      <coordinates>7.742517800347998,46.9745267709099,556.4871866198954 7.742517800347998,46.97491822714537,556.4871866198954 7.743537445362028,46.97491822714537,556.4871866198954 7.743537445362028,46.9745267709099,556.4871866198954</coordinates>
                    </LinearRing>
                  </outerBoundaryIs>
                </Polygon>
                <Polygon>
                  <altitudeMode>absolute</altitudeMode>
                  <outerBoundaryIs>
                    <LinearRing>
                      <coordinates>7.742517800347998,46.9745267709099,586.4771866198954 7.742517800347998,46.97491822714537,586.4771866198954 7.743537445362028,46.97491822714537,586.4771866198954 7.743537445362028,46.9745267709099,586.4771866198954</coordinates>
                    </LinearRing>
                  </outerBoundaryIs>
                </Polygon>
                <Polygon>
                  <altitudeMode>absolute</altitudeMode>
                  <outerBoundaryIs>
                    <LinearRing>
                      <coordinates>7.742517800347998,46.9745267709099,556.4871866198954 7.742517800347998,46.9745267709099,586.4771866198954 7.742517800347998,46.97491822714537,586.4771866198954 7.742517800347998,46.97491822714537,556.4871866198954</coordinates>
                    </LinearRing>
                  </outerBoundaryIs>
                </Polygon>
                <Polygon>
                  <altitudeMode>absolute</altitudeMode>
                  <outerBoundaryIs>
                    <LinearRing>
                      <coordinates>7.742517800347998,46.97491822714537,556.4871866198954 7.742517800347998,46.97491822714537,586.4771866198954 7.743537445362028,46.97491822714537,586.4771866198954 7.743537445362028,46.97491822714537,556.4871866198954</coordinates>
                    </LinearRing>
                  </outerBoundaryIs>
                </Polygon>
                <Polygon>
                  <altitudeMode>absolute</altitudeMode>
                  <outerBoundaryIs>
                    <LinearRing>
                      <coordinates>7.743537445362028,46.97491822714537,556.4871866198954 7.743537445362028,46.97491822714537,586.4771866198954 7.743537445362028,46.9745267709099,586.4771866198954 7.743537445362028,46.9745267709099,556.4871866198954</coordinates>
                    </LinearRing>
                  </outerBoundaryIs>
                </Polygon>
                <Polygon>
                  <altitudeMode>absolute</altitudeMode>
                  <outerBoundaryIs>
                    <LinearRing>
                      <coordinates>7.743537445362028,46.9745267709099,556.4871866198954 7.743537445362028,46.9745267709099,586.4771866198954 7.742517800347998,46.9745267709099,586.4771866198954 7.742517800347998,46.9745267709099,556.4871866198954</coordinates>
                    </LinearRing>
                  </outerBoundaryIs>
                </Polygon>
              </MultiGeometry>
            </Placemark>
          </Folder>
          <Folder>
            <name>E41: uss1 astm.f3548.v21.dss.queryOperationalIntentReferences</name>
            <Placemark>
              <name>area_of_interest</name>
              <styleUrl>#QueryArea</styleUrl>
              <description><![CDATA[<ul><li>uss2's Accepted 592371fe-e2c8-4a41-92b8-a62e5022c3a9[1]</li></ul>]]></description>
              <TimeSpan>
                <begin>2026-10-08T16:10:33.132091+00:00</begin>
                <end>2026-10-08T16:55:34.132091+00:00</end>
              </TimeSpan>
              <MultiGeometry>
                <Polygon>
                  <altitudeMode>absolute</altitudeMode>
                  <outerBoundaryIs>
                    <LinearRing>
                      <coordinates>7.742517800347998,46.9745267709099,556.4871866198954 7.742517800347998,46.97491822714537,556.4871866198954 7.743537445362028,46.97491822714537,556.4871866198954 7.743537445362028,46.9745267709099,556.4871866198954</coordinates>
                    </LinearRing>
                  </outerBoundaryIs>
                </Polygon>
                <Polygon>
                  <altitudeMode>absolute</altitudeMode>
                  <outerBoundaryIs>
                    <LinearRing>
                      <coordinates>7.742517800347998,46.9745267709099,586.4771866198954 7.742517800347998,46.97491822714537,586.4771866198954 7.743537445362028,46.97491822714537,586.4771866198954 7.743537445362028,46.9745267709099,586.4771866198954</coordinates>
                    </LinearRing>
                  </outerBoundaryIs>
                </Polygon>
                <Polygon>
                  <altitudeMode>absolute</altitudeMode>
                  <outerBoundaryIs>
                    <LinearRing>
                      <coordinates>7.742517800347998,46.9745267709099,556.4871866198954 7.742517800347998,46.9745267709099,586.4771866198954 7.742517800347998,46.97491822714537,586.4771866198954 7.742517800347998,46.97491822714537,556.4871866198954</coordinates>
                    </LinearRing>
                  </outerBoundaryIs>
                </Polygon>
                <Polygon>
                  <altitudeMode>absolute</altitudeMode>
                  <outerBoundaryIs>
                    <LinearRing>
                      <coordinates>7.742517800347998,46.97491822714537,556.4871866198954 7.742517800347998,46.97491822714537,586.4771866198954 7.743537445362028,46.97491822714537,586.4771866198954 7.743537445362028,46.97491822714537,556.4871866198954</coordinates>
                    </LinearRing>
                  </outerBoundaryIs>
                </Polygon>
                <Polygon>
                  <altitudeMode>absolute</altitudeMode>
                  <outerBoundaryIs>
                    <LinearRing>
                      <coordinates>7.743537445362028,46.97491822714537,556.4871866198954 7.743537445362028,46.97491822714537,586.4771866198954 7.743537445362028,46.9745267709099,586.4771866198954 7.743537445362028,46.9745267709099,556.4871866198954</coordinates>
                    </LinearRing>
                  </outerBoundaryIs>
                </Polygon>
                <Polygon>
                  <altitudeMode>absolute</altitudeMode>
                  <outerBoundaryIs>
                    <LinearRing>
                      <coordinates>7.743537445362028,46.9745267709099,556.4871866198954 7.743537445362028,46.9745267709099,586.4771866198954 7.742517800347998,46.9745267709099,586.4771866198954 7.742517800347998,46.9745267709099,556.4871866198954</coordinates>
                    </LinearRing>
                  </outerBoundaryIs>
                </Polygon>
              </MultiGeometry>
            </Placemark>
          </Folder>
          <Folder>
            <name>E45: uss2 astm.f3548.v21.uss.getOperationalIntentDetails</name>
            <Folder>
              <name>uss2's P0 Accepted 592371fe-e2c8-4a41-92b8-a62e5022c3a9[1] @ eVBahkyDN.0mLUbWH5HFmv-qWXPYZDmNT5flY203f5o_</name>
              <Placemark>
                <name>Nominal volume 0</name>
                <styleUrl>#F3548v21Accepted</styleUrl>
                <TimeSpan>
                  <begin>2026-10-08T16:10:34.157474+00:00</begin>
                  <end>2026-10-08T16:55:34.132091+00:00</end>
                </TimeSpan>
                <MultiGeometry>
                  <Polygon>
                    <altitudeMode>absolute</altitudeMode>
                    <outerBoundaryIs>
                      <LinearRing>
                        <coordinates>7.742517800347998,46.974618769822875,556.48721830488 7.742544234276264,46.97491822714537,556.48721830488 7.743495144685236,46.97487914421695,556.48721830488 7.743537445362028,46.9745267709099,556.48721830488</coordinates>
                      </LinearRing>
                    </outerBoundaryIs>
                  </Polygon>
                  <Polygon>
                    <altitudeMode>absolute</altitudeMode>
                    <outerBoundaryIs>
                      <LinearRing>
                        <coordinates>7.742517800347998,46.974618769822875,586.47721830488 7.742544234276264,46.97491822714537,586.47721830488 7.743495144685236,46.97487914421695,586.47721830488 7.743537445362028,46.9745267709099,586.47721830488</coordinates>
                      </LinearRing>
                    </outerBoundaryIs>
                  </Polygon>
                  <Polygon>
                    <altitudeMode>absolute</altitudeMode>
                    <outerBoundaryIs>
                      <LinearRing>
                        <coordinates>7.742517800347998,46.974618769822875,556.48721830488 7.742517800347998,46.974618769822875,586.47721830488 7.742544234276264,46.97491822714537,586.47721830488 7.742544234276264,46.97491822714537,556.48721830488</coordinates>
                      </LinearRing>
                    </outerBoundaryIs>
                  </Polygon>
                  <Polygon>
                    <altitudeMode>absolute</altitudeMode>
                    <outerBoundaryIs>
                      <LinearRing>
                        <coordinates>7.742544234276264,46.97491822714537,556.48721830488 7.742544234276264,46.97491822714537,586.47721830488 7.743495144685236,46.97487914421695,586.47721830488 7.743495144685236,46.97487914421695,556.48721830488</coordinates>
                      </LinearRing>
                    </outerBoundaryIs>
                  </Polygon>
                  <Polygon>
                    <altitudeMode>absolute</altitudeMode>
                    <outerBoundaryIs>
                      <LinearRing>
                        <coordinates>7.743495144685236,46.97487914421695,556.48721830488 7.743495144685236,46.97487914421695,586.47721830488 7.743537445362028,46.9745267709099,586.47721830488 7.743537445362028,46.9745267709099,556.48721830488</coordinates>
                      </LinearRing>
                    </outerBoundaryIs>
                  </Polygon>
                  <Polygon>
                    <altitudeMode>absolute</altitudeMode>
                    <outerBoundaryIs>
                      <LinearRing>
                        <coordinates>7.743537445362028,46.9745267709099,556.48721830488 7.743537445362028,46.9745267709099,586.47721830488 7.742517800347998,46.974618769822875,586.47721830488 7.742517800347998,46.974618769822875,556.48721830488</coordinates>
                      </LinearRing>
                    </outerBoundaryIs>
                  </Polygon>
                </MultiGeometry>
              </Placemark>
            </Folder>
          </Folder>
        </Folder>
        <Folder>
          <name>Plan Flight 2</name>
          <Folder>
            <name>E58: uss1 astm.f3548.v21.dss.queryOperationalIntentReferences</name>
            <Placemark>
              <name>area_of_interest</name>
              <styleUrl>#QueryArea</styleUrl>
              <description><![CDATA[<ul><li>uss2's Accepted 592371fe-e2c8-4a41-92b8-a62e5022c3a9[1]</li></ul>]]></description>
              <TimeSpan>
                <begin>2026-10-08T16:10:33.279173+00:00</begin>
                <end>2026-10-08T16:55:34.279173+00:00</end>
              </TimeSpan>
              <MultiGeometry>
                <Polygon>
                  <altitudeMode>absolute</altitudeMode>
                  <outerBoundaryIs>
                    <LinearRing>
                      <coordinates>7.742479898503331,46.97455984188882,555.407629940361 7.742479898503331,46.975308485059976,555.407629940361 7.743060669290376,46.975308485059976,555.407629940361 7.743060669290376,46.97455984188882,555.407629940361</coordinates>
                    </LinearRing>
                  </outerBoundaryIs>
                </Polygon>
                <Polygon>
                  <altitudeMode>absolute</altitudeMode>
                  <outerBoundaryIs>
                    <LinearRing>
                      <coordinates>7.742479898503331,46.97455984188882,584.477629940361 7.742479898503331,46.975308485059976,584.477629940361 7.743060669290376,46.975308485059976,584.477629940361 7.743060669290376,46.97455984188882,584.477629940361</coordinates>
                    </LinearRing>
                  </outerBoundaryIs>
                </Polygon>
                <Polygon>
                  <altitudeMode>absolute</altitudeMode>
                  <outerBoundaryIs>
                    <LinearRing>
                      <coordinates>7.742479898503331,46.97455984188882,555.407629940361 7.742479898503331,46.97455984188882,584.477629940361 7.742479898503331,46.975308485059976,584.477629940361 7.742479898503331,46.975308485059976,555.407629940361</coordinates>
                    </LinearRing>
                  </outerBoundaryIs>
                </Polygon>
                <Polygon>
                  <altitudeMode>absolute</altitudeMode>
                  <outerBoundaryIs>
                    <LinearRing>
                      <coordinates>7.742479898503331,46.975308485059976,555.407629940361 7.742479898503331,46.975308485059976,584.477629940361 7.743060669290376,46.975308485059976,584.477629940361 7.743060669290376,46.975308485059976,555.407629940361</coordinates>
                    </LinearRing>
                  </outerBoundaryIs>
                </Polygon>
                <Polygon>
                  <altitudeMode>absolute</altitudeMode>
                  <outerBoundaryIs>
                    <LinearRing>
                      <coordinates>7.743060669290376,46.975308485059976,555.407629940361 7.743060669290376,46.975308485059976,584.477629940361 7.743060669290376,46.97455984188882,584.477629940361 7.743060669290376,46.97455984188882,555.407629940361</coordinates>
                    </LinearRing>
                  </outerBoundaryIs>
                </Polygon>
                <Polygon>
                  <altitudeMode>absolute</altitudeMode>
                  <outerBoundaryIs>
                    <LinearRing>
                      <coordinates>7.743060669290376,46.97455984188882,555.407629940361 7.743060669290376,46.97455984188882,584.477629940361 7.742479898503331,46.97455984188882,584.477629940361 7.742479898503331,46.97455984188882,555.407629940361</coordinates>
                    </LinearRing>
                  </outerBoundaryIs>
                </Polygon>
              </MultiGeometry>
            </Placemark>
          </Folder>
          <Folder>
            <name>E64: uss1 astm.f3548.v21.dss.queryOperationalIntentReferences</name>
            <Placemark>
              <name>area_of_interest</name>
              <styleUrl>#QueryArea</styleUrl>
              <description><![CDATA[<ul><li>uss2's Accepted 592371fe-e2c8-4a41-92b8-a62e5022c3a9[1]</li><li>uss2's Accepted a6916fb4-6635-4d3b-a09f-e5eeba7b5bc4[1]</li></ul>]]></description>
              <TimeSpan>
                <begin>2026-10-08T16:10:33.279173+00:00</begin>
                <end>2026-10-08T16:55:34.279173+00:00</end>
              </TimeSpan>
              <MultiGeometry>
                <Polygon>
                  <altitudeMode>absolute</altitudeMode>
                  <outerBoundaryIs>
                    <LinearRing>
                      <coordinates>7.742479898503331,46.97455984188882,555.407629940361 7.742479898503331,46.975308485059976,555.407629940361 7.743060669290376,46.975308485059976,555.407629940361 7.743060669290376,46.97455984188882,555.407629940361</coordinates>
                    </LinearRing>
                  </outerBoundaryIs>
                </Polygon>
                <Polygon>
                  <altitudeMode>absolute</altitudeMode>
                  <outerBoundaryIs>
                    <LinearRing>
                      <coordinates>7.742479898503331,46.97455984188882,584.477629940361 7.742479898503331,46.975308485059976,584.477629940361 7.743060669290376,46.975308485059976,584.477629940361 7.743060669290376,46.97455984188882,584.477629940361</coordinates>
                    </LinearRing>
                  </outerBoundaryIs>
                </Polygon>
                <Polygon>
                  <altitudeMode>absolute</altitudeMode>
                  <outerBoundaryIs>
                    <LinearRing>
                      <coordinates>7.742479898503331,46.97455984188882,555.407629940361 7.742479898503331,46.97455984188882,584.477629940361 7.742479898503331,46.975308485059976,584.477629940361 7.742479898503331,46.975308485059976,555.407629940361</coordinates>
                    </LinearRing>
                  </outerBoundaryIs>
                </Polygon>
                <Polygon>
                  <altitudeMode>absolute</altitudeMode>
                  <outerBoundaryIs>
                    <LinearRing>
                      <coordinates>7.742479898503331,46.975308485059976,555.407629940361 7.742479898503331,46.975308485059976,584.477629940361 7.743060669290376,46.975308485059976,584.477629940361 7.743060669290376,46.975308485059976,555.407629940361</coordinates>
                    </LinearRing>
                  </outerBoundaryIs>
                </Polygon>
                <Polygon>
                  <altitudeMode>absolute</altitudeMode>
                  <outerBoundaryIs>
                    <LinearRing>
                      <coordinates>7.743060669290376,46.975308485059976,555.407629940361 7.743060669290376,46.975308485059976,584.477629940361 7.743060669290376,46.97455984188882,584.477629940361 7.743060669290376,46.97455984188882,555.407629940361</coordinates>
                    </LinearRing>
                  </outerBoundaryIs>
                </Polygon>
                <Polygon>
                  <altitudeMode>absolute</altitudeMode>
                  <outerBoundaryIs>
                    <LinearRing>
                      <coordinates>7.743060669290376,46.97455984188882,555.407629940361 7.743060669290376,46.97455984188882,584.477629940361 7.742479898503331,46.97455984188882,584.477629940361 7.742479898503331,46.97455984188882,555.407629940361</coordinates>
                    </LinearRing>
                  </outerBoundaryIs>
                </Polygon>
              </MultiGeometry>
            </Placemark>
          </Folder>
          <Folder>
            <name>E68: uss2 astm.f3548.v21.uss.getOperationalIntentDetails</name>
            <Folder>
              <name>uss2's P100 Accepted a6916fb4-6635-4d3b-a09f-e5eeba7b5bc4[1] @ w88iHJ3ZM.3bg7d.P56Pc0yQdhiDl0VMIqzfLYvexUE_</name>
              <Placemark>
                <name>Nominal volume 0</name>
                <styleUrl>#F3548v21Accepted</styleUrl>
                <TimeSpan>
                  <begin>2026-10-08T16:10:34.308708+00:00</begin>
                  <end>2026-10-08T16:55:34.279173+00:00</end>
                </TimeSpan>
                <MultiGeometry>
                  <Polygon>
                    <altitudeMode>absolute</altitudeMode>
                    <outerBoundaryIs>
                      <LinearRing>
                        <coordinates>7.742479898503331,46.97502105231019,555.4076913382216 7.742732834280618,46.97455984188882,555.4076913382216 7.743060669290376,46.97494709300333,555.4076913382216 7.7427989225939715,46.975308485059976,555.4076913382216</coordinates>
                      </LinearRing>
                    </outerBoundaryIs>
                  </Polygon>
                  <Polygon>
                    <altitudeMode>absolute</altitudeMode>
                    <outerBoundaryIs>
                      <LinearRing>
                        <coordinates>7.742479898503331,46.97502105231019,584.4776913382217 7.742732834280618,46.97455984188882,584.4776913382217 7.743060669290376,46.97494709300333,584.4776913382217 7.7427989225939715,46.975308485059976,584.4776913382217</coordinates>
                      </LinearRing>
                    </outerBoundaryIs>
                  </Polygon>
                  <Polygon>
                    <altitudeMode>absolute</altitudeMode>
                    <outerBoundaryIs>
                      <LinearRing>
                        <coordinates>7.742479898503331,46.97502105231019,555.4076913382216 7.742479898503331,46.97502105231019,584.4776913382217 7.742732834280618,46.97455984188882,584.4776913382217 7.742732834280618,46.97455984188882,555.4076913382216</coordinates>
                      </LinearRing>
                    </outerBoundaryIs>
                  </Polygon>
                  <Polygon>
                    <altitudeMode>absolute</altitudeMode>
                    <outerBoundaryIs>
                      <LinearRing>
                        <coordinates>7.742732834280618,46.97455984188882,555.4076913382216 7.742732834280618,46.97455984188882,584.4776913382217 7.743060669290376,46.97494709300333,584.4776913382217 7.743060669290376,46.97494709300333,555.4076913382216</coordinates>
                      </LinearRing>
                    </outerBoundaryIs>
                  </Polygon>
                  <Polygon>
                    <altitudeMode>absolute</altitudeMode>
                    <outerBoundaryIs>
                      <LinearRing>
                        <coordinates>7.743060669290376,46.97494709300333,555.4076913382216 7.743060669290376,46.97494709300333,584.4776913382217 7.7427989225939715,46.975308485059976,584.4776913382217 7.7427989225939715,46.975308485059976,555.4076913382216</coordinates>
                      </LinearRing>
                    </outerBoundaryIs>
                  </Polygon>
                  <Polygon>
                    <altitudeMode>absolute</altitudeMode>
                    <outerBoundaryIs>
                      <LinearRing>
                        <coordinates>7.7427989225939715,46.975308485059976,555.4076913382216 7.7427989225939715,46.975308485059976,584.4776913382217 7.742479898503331,46.97502105231019,584.4776913382217 7.742479898503331,46.97502105231019,555.4076913382216</coordinates>
                      </LinearRing>
                    </outerBoundaryIs>
                  </Polygon>
                </MultiGeometry>
              </Placemark>
            </Folder>
          </Folder>
        </Folder>
        <Folder>
          <name>Check for conflict notifications</name>
        </Folder>
        <Folder>
          <name>Attempt to modify planned Flight 1 in conflict</name>
          <Folder>
            <name>E77: uss1 astm.f3548.v21.dss.queryOperationalIntentReferences</name>
            <Placemark>
              <name>area_of_interest</name>
              <styleUrl>#QueryArea</styleUrl>
              <description><![CDATA[<ul><li>uss2's Accepted 592371fe-e2c8-4a41-92b8-a62e5022c3a9[1]</li><li>uss2's Accepted a6916fb4-6635-4d3b-a09f-e5eeba7b5bc4[1]</li></ul>]]></description>
              <TimeSpan>
                <begin>2026-10-08T16:10:33.437407+00:00</begin>
                <end>2026-10-08T16:55:34.437407+00:00</end>
              </TimeSpan>
              <MultiGeometry>
                <Polygon>
                  <altitudeMode>absolute</altitudeMode>
                  <outerBoundaryIs>
                    <LinearRing>
                      <coordinates>7.742517800347998,46.9745267709099,526.4471866198954 7.742517800347998,46.97491822714537,526.4471866198954 7.743537445362028,46.97491822714537,526.4471866198954 7.743537445362028,46.9745267709099,526.4471866198954</coordinates>
                    </LinearRing>
                  </outerBoundaryIs>
                </Polygon>
                <Polygon>
                  <altitudeMode>absolute</altitudeMode>
                  <outerBoundaryIs>
                    <LinearRing>
                      <coordinates>7.742517800347998,46.9745267709099,586.4771866198954 7.742517800347998,46.97491822714537,586.4771866198954 7.743537445362028,46.97491822714537,586.4771866198954 7.743537445362028,46.9745267709099,586.4771866198954</coordinates>
                    </LinearRing>
                  </outerBoundaryIs>
                </Polygon>
                <Polygon>
                  <altitudeMode>absolute</altitudeMode>
                  <outerBoundaryIs>
                    <LinearRing>
                      <coordinates>7.742517800347998,46.9745267709099,526.4471866198954 7.742517800347998,46.9745267709099,586.4771866198954 7.742517800347998,46.97491822714537,586.4771866198954 7.742517800347998,46.97491822714537,526.4471866198954</coordinates>
                    </LinearRing>
                  </outerBoundaryIs>
                </Polygon>
                <Polygon>
                  <altitudeMode>absolute</altitudeMode>
                  <outerBoundaryIs>
                    <LinearRing>
                      <coordinates>7.742517800347998,46.97491822714537,526.4471866198954 7.742517800347998,46.97491822714537,586.4771866198954 7.743537445362028,46.97491822714537,586.4771866198954 7.743537445362028,46.97491822714537,526.4471866198954</coordinates>
                    </LinearRing>
                  </outerBoundaryIs>
                </Polygon>
                <Polygon>
                  <altitudeMode>absolute</altitudeMode>
                  <outerBoundaryIs>
                    <LinearRing>
                      <coordinates>7.743537445362028,46.97491822714537,526.4471866198954 7.743537445362028,46.97491822714537,586.4771866198954 7.743537445362028,46.9745267709099,586.4771866198954 7.743537445362028,46.9745267709099,526.4471866198954</coordinates>
                    </LinearRing>
                  </outerBoundaryIs>
                </Polygon>
                <Polygon>
                  <altitudeMode>absolute</altitudeMode>
                  <outerBoundaryIs>
                    <LinearRing>
                      <coordinates>7.743537445362028,46.9745267709099,526.4471866198954 7.743537445362028,46.9745267709099,586.4771866198954 7.742517800347998,46.9745267709099,586.4771866198954 7.742517800347998,46.9745267709099,526.4471866198954</coordinates>
                    </LinearRing>
                  </outerBoundaryIs>
                </Polygon>
              </MultiGeometry>
            </Placemark>
          </Folder>
          <Folder>
            <name>E82: uss1 astm.f3548.v21.dss.queryOperationalIntentReferences</name>
            <Placemark>
              <name>area_of_interest</name>
              <styleUrl>#QueryArea</styleUrl>
              <description><![CDATA[<ul><li>uss2's Accepted 592371fe-e2c8-4a41-92b8-a62e5022c3a9[1]</li><li>uss2's Accepted a6916fb4-6635-4d3b-a09f-e5eeba7b5bc4[1]</li></ul>]]></description>
              <TimeSpan>
                <begin>2026-10-08T16:10:33.437407+00:00</begin>
                <end>2026-10-08T16:55:34.437407+00:00</end>
              </TimeSpan>
              <MultiGeometry>
                <Polygon>
                  <altitudeMode>absolute</altitudeMode>
                  <outerBoundaryIs>
                    <LinearRing>
                      <coordinates>7.742517800347998,46.9745267709099,526.4471866198954 7.742517800347998,46.97491822714537,526.4471866198954 7.743537445362028,46.97491822714537,526.4471866198954 7.743537445362028,46.9745267709099,526.4471866198954</coordinates>
                    </LinearRing>
                  </outerBoundaryIs>
                </Polygon>
                <Polygon>
                  <altitudeMode>absolute</altitudeMode>
                  <outerBoundaryIs>
                    <LinearRing>
                      <coordinates>7.742517800347998,46.9745267709099,586.4771866198954 7.742517800347998,46.97491822714537,586.4771866198954 7.743537445362028,46.97491822714537,586.4771866198954 7.743537445362028,46.9745267709099,586.4771866198954</coordinates>
                    </LinearRing>
                  </outerBoundaryIs>
                </Polygon>
                <Polygon>
                  <altitudeMode>absolute</altitudeMode>
                  <outerBoundaryIs>
                    <LinearRing>
                      <coordinates>7.742517800347998,46.9745267709099,526.4471866198954 7.742517800347998,46.9745267709099,586.4771866198954 7.742517800347998,46.97491822714537,586.4771866198954 7.742517800347998,46.97491822714537,526.4471866198954</coordinates>
                    </LinearRing>
                  </outerBoundaryIs>
                </Polygon>
                <Polygon>
                  <altitudeMode>absolute</altitudeMode>
                  <outerBoundaryIs>
                    <LinearRing>
                      <coordinates>7.742517800347998,46.97491822714537,526.4471866198954 7.742517800347998,46.97491822714537,586.4771866198954 7.743537445362028,46.97491822714537,586.4771866198954 7.743537445362028,46.97491822714537,526.4471866198954</coordinates>
                    </LinearRing>
                  </outerBoundaryIs>
                </Polygon>
                <Polygon>
                  <altitudeMode>absolute</altitudeMode>
                  <outerBoundaryIs>
                    <LinearRing>
                      <coordinates>7.743537445362028,46.97491822714537,526.4471866198954 7.743537445362028,46.97491822714537,586.4771866198954 7.743537445362028,46.9745267709099,586.4771866198954 7.743537445362028,46.9745267709099,526.4471866198954</coordinates>
                    </LinearRing>
                  </outerBoundaryIs>
                </Polygon>
                <Polygon>
                  <altitudeMode>absolute</altitudeMode>
                  <outerBoundaryIs>
                    <LinearRing>
                      <coordinates>7.743537445362028,46.9745267709099,526.4471866198954 7.743537445362028,46.9745267709099,586.4771866198954 7.742517800347998,46.9745267709099,586.4771866198954 7.742517800347998,46.9745267709099,526.4471866198954</coordinates>
                    </LinearRing>
                  </outerBoundaryIs>
                </Polygon>
              </MultiGeometry>
            </Placemark>
          </Folder>
          <Folder>
            <name>E86: uss2 astm.f3548.v21.uss.getOperationalIntentDetails</name>
            <Folder>
              <name>uss2's P0 Accepted 592371fe-e2c8-4a41-92b8-a62e5022c3a9[1] @ eVBahkyDN.0mLUbWH5HFmv-qWXPYZDmNT5flY203f5o_</name>
              <Placemark>
                <name>Nominal volume 0</name>
                <styleUrl>#F3548v21Accepted</styleUrl>
                <TimeSpan>
                  <begin>2026-10-08T16:10:34.157474+00:00</begin>
                  <end>2026-10-08T16:55:34.132091+00:00</end>
                </TimeSpan>
                <MultiGeometry>
                  <Polygon>
                    <altitudeMode>absolute</altitudeMode>
                    <outerBoundaryIs>
                      <LinearRing>
                        <coordinates>7.742517800347998,46.974618769822875,556.48721830488 7.742544234276264,46.97491822714537,556.48721830488 7.743495144685236,46.97487914421695,556.48721830488 7.743537445362028,46.9745267709099,556.48721830488</coordinates>
                      </LinearRing>
                    </outerBoundaryIs>
                  </Polygon>
                  <Polygon>
                    <altitudeMode>absolute</altitudeMode>
                    <outerBoundaryIs>
                      <LinearRing>
                        <coordinates>7.742517800347998,46.974618769822875,586.47721830488 7.742544234276264,46.97491822714537,586.47721830488 7.743495144685236,46.97487914421695,586.47721830488 7.743537445362028,46.9745267709099,586.47721830488</coordinates>
                      </LinearRing>
                    </outerBoundaryIs>
                  </Polygon>
                  <Polygon>
                    <altitudeMode>absolute</altitudeMode>
                    <outerBoundaryIs>
                      <LinearRing>
                        <coordinates>7.742517800347998,46.974618769822875,556.48721830488 7.742517800347998,46.974618769822875,586.47721830488 7.742544234276264,46.97491822714537,586.47721830488 7.742544234276264,46.97491822714537,556.48721830488</coordinates>
                      </LinearRing>
                    </outerBoundaryIs>
                  </Polygon>
                  <Polygon>
                    <altitudeMode>absolute</altitudeMode>
                    <outerBoundaryIs>
                      <LinearRing>
                        <coordinates>7.742544234276264,46.97491822714537,556.48721830488 7.742544234276264,46.97491822714537,586.47721830488 7.743495144685236,46.97487914421695,586.47721830488 7.743495144685236,46.97487914421695,556.48721830488</coordinates>
                      </LinearRing>
                    </outerBoundaryIs>
                  </Polygon>
                  <Polygon>
                    <altitudeMode>absolute</altitudeMode>
                    <outerBoundaryIs>
                      <LinearRing>
                        <coordinates>7.743495144685236,46.97487914421695,556.48721830488 7.743495144685236,46.97487914421695,586.47721830488 7.743537445362028,46.9745267709099,586.47721830488 7.743537445362028,46.9745267709099,556.48721830488</coordinates>
                      </LinearRing>
                    </outerBoundaryIs>
                  </Polygon>
                  <Polygon>
                    <altitudeMode>absolute</altitudeMode>
                    <outerBoundaryIs>
                      <LinearRing>
                        <coordinates>7.743537445362028,46.9745267709099,556.48721830488 7.743537445362028,46.9745267709099,586.47721830488 7.742517800347998,46.974618769822875,586.47721830488 7.742517800347998,46.974618769822875,556.48721830488</coordinates>
                      </LinearRing>
                    </outerBoundaryIs>
                  </Polygon>
                </MultiGeometry>
              </Placemark>
            </Folder>
          </Folder>
        </Folder>
      </Folder>
      <Folder>
        <name>Attempt to activate flight in conflict</name>
        <Folder>
          <name>Attempt to activate conflicting Flight 1</name>
          <Folder>
            <name>E95: uss1 astm.f3548.v21.dss.queryOperationalIntentReferences</name>
            <Placemark>
              <name>area_of_interest</name>
              <styleUrl>#QueryArea</styleUrl>
              <description><![CDATA[<ul><li>uss2's Accepted 592371fe-e2c8-4a41-92b8-a62e5022c3a9[1]</li><li>uss2's Accepted a6916fb4-6635-4d3b-a09f-e5eeba7b5bc4[1]</li></ul>]]></description>
              <TimeSpan>
                <begin>2026-10-08T16:10:33.552884+00:00</begin>
                <end>2026-10-08T16:55:34.552884+00:00</end>
              </TimeSpan>
              <MultiGeometry>
                <Polygon>
                  <altitudeMode>absolute</altitudeMode>
                  <outerBoundaryIs>
                    <LinearRing>
                      <coordinates>7.742517800347998,46.9745267709099,556.4871866198954 7.742517800347998,46.97491822714537,556.4871866198954 7.743537445362028,46.97491822714537,556.4871866198954 7.743537445362028,46.9745267709099,556.4871866198954</coordinates>
                    </LinearRing>
                  </outerBoundaryIs>
                </Polygon>
                <Polygon>
                  <altitudeMode>absolute</altitudeMode>
                  <outerBoundaryIs>
                    <LinearRing>
                      <coordinates>7.742517800347998,46.9745267709099,586.4771866198954 7.742517800347998,46.97491822714537,586.4771866198954 7.743537445362028,46.97491822714537,586.4771866198954 7.743537445362028,46.9745267709099,586.4771866198954</coordinates>
                    </LinearRing>
                  </outerBoundaryIs>
                </Polygon>
                <Polygon>
                  <altitudeMode>absolute</altitudeMode>
                  <outerBoundaryIs>
                    <LinearRing>
                      <coordinates>7.742517800347998,46.9745267709099,556.4871866198954 7.742517800347998,46.9745267709099,586.4771866198954 7.742517800347998,46.97491822714537,586.4771866198954 7.742517800347998,46.97491822714537,556.4871866198954</coordinates>
                    </LinearRing>
                  </outerBoundaryIs>
                </Polygon>
                <Polygon>
                  <altitudeMode>absolute</altitudeMode>
                  <outerBoundaryIs>
                    <LinearRing>
                      <coordinates>7.742517800347998,46.97491822714537,556.4871866198954 7.742517800347998,46.97491822714537,586.4771866198954 7.743537445362028,46.97491822714537,586.4771866198954 7.743537445362028,46.97491822714537,556.4871866198954</coordinates>
                    </LinearRing>
                  </outerBoundaryIs>
                </Polygon>
                <Polygon>
                  <altitudeMode>absolute</altitudeMode>
                  <outerBoundaryIs>
                    <LinearRing>
                      <coordinates>7.743537445362028,46.97491822714537,556.4871866198954 7.743537445362028,46.97491822714537,586.4771866198954 7.743537445362028,46.9745267709099,586.4771866198954 7.743537445362028,46.9745267709099,556.4871866198954</coordinates>
                    </LinearRing>
                  </outerBoundaryIs>
                </Polygon>
                <Polygon>
                  <altitudeMode>absolute</altitudeMode>
                  <outerBoundaryIs>
                    <LinearRing>
                      <coordinates>7.743537445362028,46.9745267709099,556.4871866198954 7.743537445362028,46.9745267709099,586.4771866198954 7.742517800347998,46.9745267709099,586.4771866198954 7.742517800347998,46.9745267709099,556.4871866198954</coordinates>
                    </LinearRing>
                  </outerBoundaryIs>
                </Polygon>
              </MultiGeometry>
            </Placemark>
          </Folder>
          <Folder>
            <name>E100: uss1 astm.f3548.v21.dss.queryOperationalIntentReferences</name>
            <Placemark>
              <name>area_of_interest</name>
              <styleUrl>#QueryArea</styleUrl>
              <description><![CDATA[<ul><li>uss2's Accepted 592371fe-e2c8-4a41-92b8-a62e5022c3a9[1]</li><li>uss2's Accepted a6916fb4-6635-4d3b-a09f-e5eeba7b5bc4[1]</li></ul>]]></description>
              <TimeSpan>
                <begin>2026-10-08T16:10:33.552884+00:00</begin>
                <end>2026-10-08T16:55:34.552884+00:00</end>
              </TimeSpan>
              <MultiGeometry>
                <Polygon>
                  <altitudeMode>absolute</altitudeMode>
                  <outerBoundaryIs>
                    <LinearRing>
                      <coordinates>7.742517800347998,46.9745267709099,556.4871866198954 7.742517800347998,46.97491822714537,556.4871866198954 7.743537445362028,46.97491822714537,556.4871866198954 7.743537445362028,46.9745267709099,556.4871866198954</coordinates>
                    </LinearRing>
                  </outerBoundaryIs>
                </Polygon>
                <Polygon>
                  <altitudeMode>absolute</altitudeMode>
                  <outerBoundaryIs>
                    <LinearRing>
                      <coordinates>7.742517800347998,46.9745267709099,586.4771866198954 7.742517800347998,46.97491822714537,586.4771866198954 7.743537445362028,46.97491822714537,586.4771866198954 7.743537445362028,46.9745267709099,586.4771866198954</coordinates>
                    </LinearRing>
                  </outerBoundaryIs>
                </Polygon>
                <Polygon>
                  <altitudeMode>absolute</altitudeMode>
                  <outerBoundaryIs>
                    <LinearRing>
                      <coordinates>7.742517800347998,46.9745267709099,556.4871866198954 7.742517800347998,46.9745267709099,586.4771866198954 7.742517800347998,46.97491822714537,586.4771866198954 7.742517800347998,46.97491822714537,556.4871866198954</coordinates>
                    </LinearRing>
                  </outerBoundaryIs>
                </Polygon>
                <Polygon>
                  <altitudeMode>absolute</altitudeMode>
                  <outerBoundaryIs>
                    <LinearRing>
                      <coordinates>7.742517800347998,46.97491822714537,556.4871866198954 7.742517800347998,46.97491822714537,586.4771866198954 7.743537445362028,46.97491822714537,586.4771866198954 7.743537445362028,46.97491822714537,556.4871866198954</coordinates>
                    </LinearRing>
                  </outerBoundaryIs>
                </Polygon>
                <Polygon>
                  <altitudeMode>absolute</altitudeMode>
                  <outerBoundaryIs>
                    <LinearRing>
                      <coordinates>7.743537445362028,46.97491822714537,556.4871866198954 7.743537445362028,46.97491822714537,586.4771866198954 7.743537445362028,46.9745267709099,586.4771866198954 7.743537445362028,46.9745267709099,556.4871866198954</coordinates>
                    </LinearRing>
                  </outerBoundaryIs>
                </Polygon>
                <Polygon>
                  <altitudeMode>absolute</altitudeMode>
                  <outerBoundaryIs>
                    <LinearRing>
                      <coordinates>7.743537445362028,46.9745267709099,556.4871866198954 7.743537445362028,46.9745267709099,586.4771866198954 7.742517800347998,46.9745267709099,586.4771866198954 7.742517800347998,46.9745267709099,556.4871866198954</coordinates>
                    </LinearRing>
                  </outerBoundaryIs>
                </Polygon>
              </MultiGeometry>
            </Placemark>
          </Folder>
          <Folder>
            <name>E104: uss2 astm.f3548.v21.uss.getOperationalIntentDetails</name>
            <Folder>
              <name>uss2's P0 Accepted 592371fe-e2c8-4a41-92b8-a62e5022c3a9[1] @ eVBahkyDN.0mLUbWH5HFmv-qWXPYZDmNT5flY203f5o_</name>
              <Placemark>
                <name>Nominal volume 0</name>
                <styleUrl>#F3548v21Accepted</styleUrl>
                <TimeSpan>
                  <begin>2026-10-08T16:10:34.157474+00:00</begin>
                  <end>2026-10-08T16:55:34.132091+00:00</end>
                </TimeSpan>
                <MultiGeometry>
                  <Polygon>
                    <altitudeMode>absolute</altitudeMode>
                    <outerBoundaryIs>
                      <LinearRing>
                        <coordinates>7.742517800347998,46.974618769822875,556.48721830488 7.742544234276264,46.97491822714537,556.48721830488 7.743495144685236,46.97487914421695,556.48721830488 7.743537445362028,46.9745267709099,556.48721830488</coordinates>
                      </LinearRing>
                    </outerBoundaryIs>
                  </Polygon>
                  <Polygon>
                    <altitudeMode>absolute</altitudeMode>
                    <outerBoundaryIs>
                      <LinearRing>
                        <coordinates>7.742517800347998,46.974618769822875,586.47721830488 7.742544234276264,46.97491822714537,586.47721830488 7.743495144685236,46.97487914421695,586.47721830488 7.743537445362028,46.9745267709099,586.47721830488</coordinates>
                      </LinearRing>
                    </outerBoundaryIs>
                  </Polygon>
                  <Polygon>
                    <altitudeMode>absolute</altitudeMode>
                    <outerBoundaryIs>
                      <LinearRing>
                        <coordinates>7.742517800347998,46.974618769822875,556.48721830488 7.742517800347998,46.974618769822875,586.47721830488 7.742544234276264,46.97491822714537,586.47721830488 7.742544234276264,46.97491822714537,556.48721830488</coordinates>
                      </LinearRing>
                    </outerBoundaryIs>
                  </Polygon>
                  <Polygon>
                    <altitudeMode>absolute</altitudeMode>
                    <outerBoundaryIs>
                      <LinearRing>
                        <coordinates>7.742544234276264,46.97491822714537,556.48721830488 7.742544234276264,46.97491822714537,586.47721830488 7.743495144685236,46.97487914421695,586.47721830488 7.743495144685236,46.97487914421695,556.48721830488</coordinates>
                      </LinearRing>
                    </outerBoundaryIs>
                  </Polygon>
                  <Polygon>
                    <altitudeMode>absolute</altitudeMode>
                    <outerBoundaryIs>
                      <LinearRing>
                        <coordinates>7.743495144685236,46.97487914421695,556.48721830488 7.743495144685236,46.97487914421695,586.47721830488 7.743537445362028,46.9745267709099,586.47721830488 7.743537445362028,46.9745267709099,556.48721830488</coordinates>
                      </LinearRing>
                    </outerBoundaryIs>
                  </Polygon>
                  <Polygon>
                    <altitudeMode>absolute</altitudeMode>
                    <outerBoundaryIs>
                      <LinearRing>
                        <coordinates>7.743537445362028,46.9745267709099,556.48721830488 7.743537445362028,46.9745267709099,586.47721830488 7.742517800347998,46.974618769822875,586.47721830488 7.742517800347998,46.974618769822875,556.48721830488</coordinates>
                      </LinearRing>
                    </outerBoundaryIs>
                  </Polygon>
                </MultiGeometry>
              </Placemark>
            </Folder>
          </Folder>
        </Folder>
      </Folder>
      <Folder>
        <name>Modify activated flight with pre-existing conflict</name>
        <Folder>
          <name>Delete Flight 2</name>
        </Folder>
        <Folder>
          <name>Activate Flight 1</name>
          <Folder>
            <name>E115: uss1 astm.f3548.v21.dss.queryOperationalIntentReferences</name>
            <Placemark>
              <name>area_of_interest</name>
              <styleUrl>#QueryArea</styleUrl>
              <description><![CDATA[<ul><li>uss2's Accepted 592371fe-e2c8-4a41-92b8-a62e5022c3a9[1]</li></ul>]]></description>
              <TimeSpan>
                <begin>2026-10-08T16:10:33.717965+00:00</begin>
                <end>2026-10-08T16:55:34.717965+00:00</end>
              </TimeSpan>
              <MultiGeometry>
                <Polygon>
                  <altitudeMode>absolute</altitudeMode>
                  <outerBoundaryIs>
                    <LinearRing>
                      <coordinates>7.742517800347998,46.9745267709099,556.4971866198954 7.742517800347998,46.97491822714537,556.4971866198954 7.743537445362028,46.97491822714537,556.4971866198954 7.743537445362028,46.9745267709099,556.4971866198954</coordinates>
                    </LinearRing>
                  </outerBoundaryIs>
                </Polygon>
                <Polygon>
                  <altitudeMode>absolute</altitudeMode>
                  <outerBoundaryIs>
                    <LinearRing>
                      <coordinates>7.742517800347998,46.9745267709099,586.4771866198954 7.742517800347998,46.97491822714537,586.4771866198954 7.743537445362028,46.97491822714537,586.4771866198954 7.743537445362028,46.9745267709099,586.4771866198954</coordinates>
                    </LinearRing>
                  </outerBoundaryIs>
                </Polygon>
                <Polygon>
                  <altitudeMode>absolute</altitudeMode>
                  <outerBoundaryIs>
                    <LinearRing>
                      <coordinates>7.742517800347998,46.9745267709099,556.4971866198954 7.742517800347998,46.9745267709099,586.4771866198954 7.742517800347998,46.97491822714537,586.4771866198954 7.742517800347998,46.97491822714537,556.4971866198954</coordinates>
                    </LinearRing>
                  </outerBoundaryIs>
                </Polygon>
                <Polygon>
                  <altitudeMode>absolute</altitudeMode>
                  <outerBoundaryIs>
                    <LinearRing>
                      <coordinates>7.742517800347998,46.97491822714537,556.4971866198954 7.742517800347998,46.97491822714537,586.4771866198954 7.743537445362028,46.97491822714537,586.4771866198954 7.743537445362028,46.97491822714537,556.4971866198954</coordinates>
                    </LinearRing>
                  </outerBoundaryIs>
                </Polygon>
                <Polygon>
                  <altitudeMode>absolute</altitudeMode>
                  <outerBoundaryIs>
                    <LinearRing>
                      <coordinates>7.743537445362028,46.97491822714537,556.4971866198954 7.743537445362028,46.97491822714537,586.4771866198954 7.743537445362028,46.9745267709099,586.4771866198954 7.743537445362028,46.9745267709099,556.4971866198954</coordinates>
                    </LinearRing>
                  </outerBoundaryIs>
                </Polygon>
                <Polygon>
                  <altitudeMode>absolute</altitudeMode>
                  <outerBoundaryIs>
                    <LinearRing>
                      <coordinates>7.743537445362028,46.9745267709099,556.4971866198954 7.743537445362028,46.9745267709099,586.4771866198954 7.742517800347998,46.9745267709099,586.4771866198954 7.742517800347998,46.9745267709099,556.4971866198954</coordinates>
                    </LinearRing>
                  </outerBoundaryIs>
                </Polygon>
              </MultiGeometry>
            </Placemark>
          </Folder>
          <Folder>
            <name>E121: uss1 astm.f3548.v21.dss.queryOperationalIntentReferences</name>
            <Placemark>
              <name>area_of_interest</name>
              <styleUrl>#QueryArea</styleUrl>
              <description><![CDATA[<ul><li>uss2's Activated 592371fe-e2c8-4a41-92b8-a62e5022c3a9[2]</li></ul>]]></description>
              <TimeSpan>
                <begin>2026-10-08T16:10:33.717965+00:00</begin>
                <end>2026-10-08T16:55:34.717965+00:00</end>
              </TimeSpan>
              <MultiGeometry>
                <Polygon>
                  <altitudeMode>absolute</altitudeMode>
                  <outerBoundaryIs>
                    <LinearRing>
                      <coordinates>7.742517800347998,46.9745267709099,556.4971866198954 7.742517800347998,46.97491822714537,556.4971866198954 7.743537445362028,46.97491822714537,556.4971866198954 7.743537445362028,46.9745267709099,556.4971866198954</coordinates>
                    </LinearRing>
                  </outerBoundaryIs>
                </Polygon>
                <Polygon>
                  <altitudeMode>absolute</altitudeMode>
                  <outerBoundaryIs>
                    <LinearRing>
                      <coordinates>7.742517800347998,46.9745267709099,586.4771866198954 7.742517800347998,46.97491822714537,586.4771866198954 7.743537445362028,46.97491822714537,586.4771866198954 7.743537445362028,46.9745267709099,586.4771866198954</coordinates>
                    </LinearRing>
                  </outerBoundaryIs>
                </Polygon>
                <Polygon>
                  <altitudeMode>absolute</altitudeMode>
                  <outerBoundaryIs>
                    <LinearRing>
                      <coordinates>7.742517800347998,46.9745267709099,556.4971866198954 7.742517800347998,46.9745267709099,586.4771866198954 7.742517800347998,46.97491822714537,586.4771866198954 7.742517800347998,46.97491822714537,556.4971866198954</coordinates>
                    </LinearRing>
                  </outerBoundaryIs>
                </Polygon>
                <Polygon>
                  <altitudeMode>absolute</altitudeMode>
                  <outerBoundaryIs>
                    <LinearRing>
                      <coordinates>7.742517800347998,46.97491822714537,556.4971866198954 7.742517800347998,46.97491822714537,586.4771866198954 7.743537445362028,46.97491822714537,586.4771866198954 7.743537445362028,46.97491822714537,556.4971866198954</coordinates>
                    </LinearRing>
                  </outerBoundaryIs>
                </Polygon>
                <Polygon>
                  <altitudeMode>absolute</altitudeMode>
                  <outerBoundaryIs>
                    <LinearRing>
                      <coordinates>7.743537445362028,46.97491822714537,556.4971866198954 7.743537445362028,46.97491822714537,586.4771866198954 7.743537445362028,46.9745267709099,586.4771866198954 7.743537445362028,46.9745267709099,556.4971866198954</coordinates>
                    </LinearRing>
                  </outerBoundaryIs>
                </Polygon>
                <Polygon>
                  <altitudeMode>absolute</altitudeMode>
                  <outerBoundaryIs>
                    <LinearRing>
                      <coordinates>7.743537445362028,46.9745267709099,556.4971866198954 7.743537445362028,46.9745267709099,586.4771866198954 7.742517800347998,46.9745267709099,586.4771866198954 7.742517800347998,46.9745267709099,556.4971866198954</coordinates>
                    </LinearRing>
                  </outerBoundaryIs>
                </Polygon>
              </MultiGeometry>
            </Placemark>
          </Folder>
          <Folder>
            <name>E126: uss2 astm.f3548.v21.uss.getOperationalIntentDetails</name>
            <Folder>
              <name>uss2's P0 Activated 592371fe-e2c8-4a41-92b8-a62e5022c3a9[2] @ 7Kv4zINmTMcsudoogKa8vaxYghCjMsDLNKLYkVV7L7A_</name>
              <Placemark>
                <name>Nominal volume 0</name>
                <styleUrl>#F3548v21Activated</styleUrl>
                <TimeSpan>
                  <begin>2026-10-08T16:10:34.747265+00:00</begin>
                  <end>2026-10-08T16:55:34.717965+00:00</end>
                </TimeSpan>
                <MultiGeometry>
                  <Polygon>
                    <altitudeMode>absolute</altitudeMode>
                    <outerBoundaryIs>
                      <LinearRing>
                        <coordinates>7.742517800347998,46.974618769822875,556.49721830488 7.742544234276264,46.97491822714537,556.49721830488 7.743495144685236,46.97487914421695,556.49721830488 7.743537445362028,46.9745267709099,556.49721830488</coordinates>
                      </LinearRing>
                    </outerBoundaryIs>
                  </Polygon>
                  <Polygon>
                    <altitudeMode>absolute</altitudeMode>
                    <outerBoundaryIs>
                      <LinearRing>
                        <coordinates>7.742517800347998,46.974618769822875,586.47721830488 7.742544234276264,46.97491822714537,586.47721830488 7.743495144685236,46.97487914421695,586.47721830488 7.743537445362028,46.9745267709099,586.47721830488</coordinates>
                      </LinearRing>
                    </outerBoundaryIs>
                  </Polygon>
                  <Polygon>
                    <altitudeMode>absolute</altitudeMode>
                    <outerBoundaryIs>
                      <LinearRing>
                        <coordinates>7.742517800347998,46.974618769822875,556.49721830488 7.742517800347998,46.974618769822875,586.47721830488 7.742544234276264,46.97491822714537,586.47721830488 7.742544234276264,46.97491822714537,556.49721830488</coordinates>
                      </LinearRing>
                    </outerBoundaryIs>
                  </Polygon>
                  <Polygon>
                    <altitudeMode>absolute</altitudeMode>
                    <outerBoundaryIs>
                      <LinearRing>
                        <coordinates>7.742544234276264,46.97491822714537,556.49721830488 7.742544234276264,46.97491822714537,586.47721830488 7.743495144685236,46.97487914421695,586.47721830488 7.743495144685236,46.97487914421695,556.49721830488</coordinates>
                      </LinearRing>
                    </outerBoundaryIs>
                  </Polygon>
                  <Polygon>
                    <altitudeMode>absolute</altitudeMode>
                    <outerBoundaryIs>
                      <LinearRing>
                        <coordinates>7.743495144685236,46.97487914421695,556.49721830488 7.743495144685236,46.97487914421695,586.47721830488 7.743537445362028,46.9745267709099,586.47721830488 7.743537445362028,46.9745267709099,556.49721830488</coordinates>
                      </LinearRing>
                    </outerBoundaryIs>
                  </Polygon>
                  <Polygon>
                    <altitudeMode>absolute</altitudeMode>
                    <outerBoundaryIs>
                      <LinearRing>
                        <coordinates>7.743537445362028,46.9745267709099,556.49721830488 7.743537445362028,46.9745267709099,586.47721830488 7.742517800347998,46.974618769822875,586.47721830488 7.742517800347998,46.974618769822875,556.49721830488</coordinates>
                      </LinearRing>
                    </outerBoundaryIs>
                  </Polygon>
                </MultiGeometry>
              </Placemark>
            </Folder>
          </Folder>
        </Folder>
        <Folder>
          <name>Plan Flight 2</name>
          <Folder>
            <name>E135: uss1 astm.f3548.v21.dss.queryOperationalIntentReferences</name>
            <Placemark>
              <name>area_of_interest</name>
              <styleUrl>#QueryArea</styleUrl>
              <description><![CDATA[<ul><li>uss2's Activated 592371fe-e2c8-4a41-92b8-a62e5022c3a9[2]</li></ul>]]></description>
              <TimeSpan>
                <begin>2026-10-08T16:10:33.893349+00:00</begin>
                <end>2026-10-08T16:55:34.893349+00:00</end>
              </TimeSpan>
              <MultiGeometry>
                <Polygon>
                  <altitudeMode>absolute</altitudeMode>
                  <outerBoundaryIs>
                    <LinearRing>
                      <coordinates>7.742479898503331,46.97455984188882,555.407629940361 7.742479898503331,46.975308485059976,555.407629940361 7.743060669290376,46.975308485059976,555.407629940361 7.743060669290376,46.97455984188882,555.407629940361</coordinates>
                    </LinearRing>
                  </outerBoundaryIs>
                </Polygon>
                <Polygon>
                  <altitudeMode>absolute</altitudeMode>
                  <outerBoundaryIs>
                    <LinearRing>
                      <coordinates>7.742479898503331,46.97455984188882,584.477629940361 7.742479898503331,46.975308485059976,584.477629940361 7.743060669290376,46.975308485059976,584.477629940361 7.743060669290376,46.97455984188882,584.477629940361</coordinates>
                    </LinearRing>
                  </outerBoundaryIs>
                </Polygon>
                <Polygon>
                  <altitudeMode>absolute</altitudeMode>
                  <outerBoundaryIs>
                    <LinearRing>
                      <coordinates>7.742479898503331,46.97455984188882,555.407629940361 7.742479898503331,46.97455984188882,584.477629940361 7.742479898503331,46.975308485059976,584.477629940361 7.742479898503331,46.975308485059976,555.407629940361</coordinates>
                    </LinearRing>
                  </outerBoundaryIs>
                </Polygon>
                <Polygon>
                  <altitudeMode>absolute</altitudeMode>
                  <outerBoundaryIs>
                    <LinearRing>
                      <coordinates>7.742479898503331,46.975308485059976,555.407629940361 7.742479898503331,46.975308485059976,584.477629940361 7.743060669290376,46.975308485059976,584.477629940361 7.743060669290376,46.975308485059976,555.407629940361</coordinates>
                    </LinearRing>
                  </outerBoundaryIs>
                </Polygon>
                <Polygon>
                  <altitudeMode>absolute</altitudeMode>
                  <outerBoundaryIs>
                    <LinearRing>
                      <coordinates>7.743060669290376,46.975308485059976,555.407629940361 7.743060669290376,46.975308485059976,584.477629940361 7.743060669290376,46.97455984188882,584.477629940361 7.743060669290376,46.97455984188882,555.407629940361</coordinates>
                    </LinearRing>
                  </outerBoundaryIs>
                </Polygon>
                <Polygon>
                  <altitudeMode>absolute</altitudeMode>
                  <outerBoundaryIs>
                    <LinearRing>
                      <coordinates>7.743060669290376,46.97455984188882,555.407629940361 7.743060669290376,46.97455984188882,584.477629940361 7.742479898503331,46.97455984188882,584.477629940361 7.742479898503331,46.97455984188882,555.407629940361</coordinates>
                    </LinearRing>
                  </outerBoundaryIs>
                </Polygon>
              </MultiGeometry>
            </Placemark>
          </Folder>
          <Folder>
            <name>E141: uss1 astm.f3548.v21.dss.queryOperationalIntentReferences</name>
            <Placemark>
              <name>area_of_interest</name>
              <styleUrl>#QueryArea</styleUrl>
              <description><![CDATA[<ul><li>uss2's Activated 592371fe-e2c8-4a41-92b8-a62e5022c3a9[2]</li><li>uss2's Accepted bc386cc4-6483-4d30-a069-f338645081aa[1]</li></ul>]]></description>
              <TimeSpan>
                <begin>2026-10-08T16:10:33.893349+00:00</begin>
                <end>2026-10-08T16:55:34.893349+00:00</end>
              </TimeSpan>
              <MultiGeometry>
                <Polygon>
                  <altitudeMode>absolute</altitudeMode>
                  <outerBoundaryIs>
                    <LinearRing>
                      <coordinates>7.742479898503331,46.97455984188882,555.407629940361 7.742479898503331,46.975308485059976,555.407629940361 7.743060669290376,46.975308485059976,555.407629940361 7.743060669290376,46.97455984188882,555.407629940361</coordinates>
                    </LinearRing>
                  </outerBoundaryIs>
                </Polygon>
                <Polygon>
                  <altitudeMode>absolute</altitudeMode>
                  <outerBoundaryIs>
                    <LinearRing>
                      <coordinates>7.742479898503331,46.97455984188882,584.477629940361 7.742479898503331,46.975308485059976,584.477629940361 7.743060669290376,46.975308485059976,584.477629940361 7.743060669290376,46.97455984188882,584.477629940361</coordinates>
                    </LinearRing>
                  </outerBoundaryIs>
                </Polygon>
                <Polygon>
                  <altitudeMode>absolute</altitudeMode>
                  <outerBoundaryIs>
                    <LinearRing>
                      <coordinates>7.742479898503331,46.97455984188882,555.407629940361 7.742479898503331,46.97455984188882,584.477629940361 7.742479898503331,46.975308485059976,584.477629940361 7.742479898503331,46.975308485059976,555.407629940361</coordinates>
                    </LinearRing>
                  </outerBoundaryIs>
                </Polygon>
                <Polygon>
                  <altitudeMode>absolute</altitudeMode>
                  <outerBoundaryIs>
                    <LinearRing>
                      <coordinates>7.742479898503331,46.975308485059976,555.407629940361 7.742479898503331,46.975308485059976,584.477629940361 7.743060669290376,46.975308485059976,584.477629940361 7.743060669290376,46.975308485059976,555.407629940361</coordinates>
                    </LinearRing>
                  </outerBoundaryIs>
                </Polygon>
                <Polygon>
                  <altitudeMode>absolute</altitudeMode>
                  <outerBoundaryIs>
                    <LinearRing>
                      <coordinates>7.743060669290376,46.975308485059976,555.407629940361 7.743060669290376,46.975308485059976,584.477629940361 7.743060669290376,46.97455984188882,584.477629940361 7.743060669290376,46.97455984188882,555.407629940361</coordinates>
                    </LinearRing>
                  </outerBoundaryIs>
                </Polygon>
                <Polygon>
                  <altitudeMode>absolute</altitudeMode>
                  <outerBoundaryIs>
                    <LinearRing>
                      <coordinates>7.743060669290376,46.97455984188882,555.407629940361 7.743060669290376,46.97455984188882,584.477629940361 7.742479898503331,46.97455984188882,584.477629940361 7.742479898503331,46.97455984188882,555.407629940361</coordinates>
                    </LinearRing>
                  </outerBoundaryIs>
                </Polygon>
              </MultiGeometry>
            </Placemark>
          </Folder>
          <Folder>
            <name>E145: uss2 astm.f3548.v21.uss.getOperationalIntentDetails</name>
            <Folder>
              <name>uss2's P100 Accepted bc386cc4-6483-4d30-a069-f338645081aa[1] @ ifKq1nlwEzDljiRE7B8cf3KhxUpZo.Oi0CrD..HDkDk_</name>
              <Placemark>
                <name>Nominal volume 0</name>
                <styleUrl>#F3548v21Accepted</styleUrl>
                <TimeSpan>
                  <begin>2026-10-08T16:10:34.922576+00:00</begin>
                  <end>2026-10-08T16:55:34.893349+00:00</end>
                </TimeSpan>
                <MultiGeometry>
                  <Polygon>
                    <altitudeMode>absolute</altitudeMode>
                    <outerBoundaryIs>
                      <LinearRing>
                        <coordinates>7.742479898503331,46.97502105231019,555.4076913382216 7.742732834280618,46.97455984188882,555.4076913382216 7.743060669290376,46.97494709300333,555.4076913382216 7.7427989225939715,46.975308485059976,555.4076913382216</coordinates>
                      </LinearRing>
                    </outerBoundaryIs>
                  </Polygon>
                  <Polygon>
                    <altitudeMode>absolute</altitudeMode>
                    <outerBoundaryIs>
                      <LinearRing>
                        <coordinates>7.742479898503331,46.97502105231019,584.4776913382217 7.742732834280618,46.97455984188882,584.4776913382217 7.743060669290376,46.97494709300333,584.4776913382217 7.7427989225939715,46.975308485059976,584.4776913382217</coordinates>
                      </LinearRing>
                    </outerBoundaryIs>
                  </Polygon>
                  <Polygon>
                    <altitudeMode>absolute</altitudeMode>
                    <outerBoundaryIs>
                      <LinearRing>
                        <coordinates>7.742479898503331,46.97502105231019,555.4076913382216 7.742479898503331,46.97502105231019,584.4776913382217 7.742732834280618,46.97455984188882,584.4776913382217 7.742732834280618,46.97455984188882,555.4076913382216</coordinates>
                      </LinearRing>
                    </outerBoundaryIs>
                  </Polygon>
                  <Polygon>
                    <altitudeMode>absolute</altitudeMode>
                    <outerBoundaryIs>
                      <LinearRing>
                        <coordinates>7.742732834280618,46.97455984188882,555.4076913382216 7.742732834280618,46.97455984188882,584.4776913382217 7.743060669290376,46.97494709300333,584.4776913382217 7.743060669290376,46.97494709300333,555.4076913382216</coordinates>
                      </LinearRing>
                    </outerBoundaryIs>
                  </Polygon>
                  <Polygon>
                    <altitudeMode>absolute</altitudeMode>
                    <outerBoundaryIs>
                      <LinearRing>
                        <coordinates>7.743060669290376,46.97494709300333,555.4076913382216 7.743060669290376,46.97494709300333,584.4776913382217 7.7427989225939715,46.975308485059976,584.4776913382217 7.7427989225939715,46.975308485059976,555.4076913382216</coordinates>
                      </LinearRing>
                    </outerBoundaryIs>
                  </Polygon>
                  <Polygon>
                    <altitudeMode>absolute</altitudeMode>
                    <outerBoundaryIs>
                      <LinearRing>
                        <coordinates>7.7427989225939715,46.975308485059976,555.4076913382216 7.7427989225939715,46.975308485059976,584.4776913382217 7.742479898503331,46.97502105231019,584.4776913382217 7.742479898503331,46.97502105231019,555.4076913382216</coordinates>
                      </LinearRing>
                    </outerBoundaryIs>
                  </Polygon>
                </MultiGeometry>
              </Placemark>
            </Folder>
          </Folder>
        </Folder>
        <Folder>
          <name>Activate Flight 2</name>
          <Folder>
            <name>E158: uss1 astm.f3548.v21.dss.queryOperationalIntentReferences</name>
            <Placemark>
              <name>area_of_interest</name>
              <styleUrl>#QueryArea</styleUrl>
              <description><![CDATA[<ul><li>uss2's Activated 592371fe-e2c8-4a41-92b8-a62e5022c3a9[2]</li><li>uss2's Accepted bc386cc4-6483-4d30-a069-f338645081aa[1]</li></ul>]]></description>
              <TimeSpan>
                <begin>2026-10-08T16:10:34.207656+00:00</begin>
                <end>2026-10-08T16:55:35.207656+00:00</end>
              </TimeSpan>
              <MultiGeometry>
                <Polygon>
                  <altitudeMode>absolute</altitudeMode>
                  <outerBoundaryIs>
                    <LinearRing>
                      <coordinates>7.742479898503331,46.97455984188882,556.557629940361 7.742479898503331,46.975308485059976,556.557629940361 7.743060669290376,46.975308485059976,556.557629940361 7.743060669290376,46.97455984188882,556.557629940361</coordinates>
                    </LinearRing>
                  </outerBoundaryIs>
                </Polygon>
                <Polygon>
                  <altitudeMode>absolute</altitudeMode>
                  <outerBoundaryIs>
                    <LinearRing>
                      <coordinates>7.742479898503331,46.97455984188882,584.477629940361 7.742479898503331,46.975308485059976,584.477629940361 7.743060669290376,46.975308485059976,584.477629940361 7.743060669290376,46.97455984188882,584.477629940361</coordinates>
                    </LinearRing>
                  </outerBoundaryIs>
                </Polygon>
                <Polygon>
                  <altitudeMode>absolute</altitudeMode>
                  <outerBoundaryIs>
                    <LinearRing>
                      <coordinates>7.742479898503331,46.97455984188882,556.557629940361 7.742479898503331,46.97455984188882,584.477629940361 7.742479898503331,46.975308485059976,584.477629940361 7.742479898503331,46.975308485059976,556.557629940361</coordinates>
                    </LinearRing>
                  </outerBoundaryIs>
                </Polygon>
                <Polygon>
                  <altitudeMode>absolute</altitudeMode>
                  <outerBoundaryIs>
                    <LinearRing>
                      <coordinates>7.742479898503331,46.975308485059976,556.557629940361 7.742479898503331,46.975308485059976,584.477629940361 7.743060669290376,46.975308485059976,584.477629940361 7.743060669290376,46.975308485059976,556.557629940361</coordinates>
                    </LinearRing>
                  </outerBoundaryIs>
                </Polygon>
                <Polygon>
                  <altitudeMode>absolute</altitudeMode>
                  <outerBoundaryIs>
                    <LinearRing>
                      <coordinates>7.743060669290376,46.975308485059976,556.557629940361 7.743060669290376,46.975308485059976,584.477629940361 7.743060669290376,46.97455984188882,584.477629940361 7.743060669290376,46.97455984188882,556.557629940361</coordinates>
                    </LinearRing>
                  </outerBoundaryIs>
                </Polygon>
                <Polygon>
                  <altitudeMode>absolute</altitudeMode>
                  <outerBoundaryIs>
                    <LinearRing>
                      <coordinates>7.743060669290376,46.97455984188882,556.557629940361 7.743060669290376,46.97455984188882,584.477629940361 7.742479898503331,46.97455984188882,584.477629940361 7.742479898503331,46.97455984188882,556.557629940361</coordinates>
                    </LinearRing>
                  </outerBoundaryIs>
                </Polygon>
              </MultiGeometry>
            </Placemark>
          </Folder>
          <Folder>
            <name>E164: uss1 astm.f3548.v21.dss.queryOperationalIntentReferences</name>
            <Placemark>
              <name>area_of_interest</name>
              <styleUrl>#QueryArea</styleUrl>
              <description><![CDATA[<ul><li>uss2's Activated 592371fe-e2c8-4a41-92b8-a62e5022c3a9[2]</li><li>uss2's Activated bc386cc4-6483-4d30-a069-f338645081aa[2]</li></ul>]]></description>
              <TimeSpan>
                <begin>2026-10-08T16:10:34.207656+00:00</begin>
                <end>2026-10-08T16:55:35.207656+00:00</end>
              </TimeSpan>
              <MultiGeometry>
                <Polygon>
                  <altitudeMode>absolute</altitudeMode>
                  <outerBoundaryIs>
                    <LinearRing>
                      <coordinates>7.742479898503331,46.97455984188882,556.557629940361 7.742479898503331,46.975308485059976,556.557629940361 7.743060669290376,46.975308485059976,556.557629940361 7.743060669290376,46.97455984188882,556.557629940361</coordinates>
                    </LinearRing>
                  </outerBoundaryIs>
                </Polygon>
                <Polygon>
                  <altitudeMode>absolute</altitudeMode>
                  <outerBoundaryIs>
                    <LinearRing>
                      <coordinates>7.742479898503331,46.97455984188882,584.477629940361 7.742479898503331,46.975308485059976,584.477629940361 7.743060669290376,46.975308485059976,584.477629940361 7.743060669290376,46.97455984188882,584.477629940361</coordinates>
                    </LinearRing>
                  </outerBoundaryIs>
                </Polygon>
                <Polygon>
                  <altitudeMode>absolute</altitudeMode>
                  <outerBoundaryIs>
                    <LinearRing>
                      <coordinates>7.742479898503331,46.97455984188882,556.557629940361 7.742479898503331,46.97455984188882,584.477629940361 7.742479898503331,46.975308485059976,584.477629940361 7.742479898503331,46.975308485059976,556.557629940361</coordinates>
                    </LinearRing>
                  </outerBoundaryIs>
                </Polygon>
                <Polygon>
                  <altitudeMode>absolute</altitudeMode>
                  <outerBoundaryIs>
                    <LinearRing>
                      <coordinates>7.742479898503331,46.975308485059976,556.557629940361 7.742479898503331,46.975308485059976,584.477629940361 7.743060669290376,46.975308485059976,584.477629940361 7.743060669290376,46.975308485059976,556.557629940361</coordinates>
                    </LinearRing>
                  </outerBoundaryIs>
                </Polygon>
                <Polygon>
                  <altitudeMode>absolute</altitudeMode>
                  <outerBoundaryIs>
                    <LinearRing>
                      <coordinates>7.743060669290376,46.975308485059976,556.557629940361 7.743060669290376,46.975308485059976,584.477629940361 7.743060669290376,46.97455984188882,584.477629940361 7.743060669290376,46.97455984188882,556.557629940361</coordinates>
                    </LinearRing>
                  </outerBoundaryIs>
                </Polygon>
                <Polygon>
                  <altitudeMode>absolute</altitudeMode>
                  <outerBoundaryIs>
                    <LinearRing>
                      <coordinates>7.743060669290376,46.97455984188882,556.557629940361 7.743060669290376,46.97455984188882,584.477629940361 7.742479898503331,46.97455984188882,584.477629940361 7.742479898503331,46.97455984188882,556.557629940361</coordinates>
                    </LinearRing>
                  </outerBoundaryIs>
                </Polygon>
              </MultiGeometry>
            </Placemark>
          </Folder>
          <Folder>
            <name>E169: uss2 astm.f3548.v21.uss.getOperationalIntentDetails</name>
            <Folder>
              <name>uss2's P100 Activated bc386cc4-6483-4d30-a069-f338645081aa[2] @ Z4DG-tSvh9I519owef8OpTG.pVFY8Cpa4N.HqyEbg2k_</name>
              <Placemark>
                <name>Nominal volume 0</name>
                <styleUrl>#F3548v21Activated</styleUrl>
                <TimeSpan>
                  <begin>2026-10-08T16:10:35.243452+00:00</begin>
                  <end>2026-10-08T16:55:35.207656+00:00</end>
                </TimeSpan>
                <MultiGeometry>
                  <Polygon>
                    <altitudeMode>absolute</altitudeMode>
                    <outerBoundaryIs>
                      <LinearRing>
                        <coordinates>7.742479898503331,46.97502105231019,556.5576913382217 7.742732834280618,46.97455984188882,556.5576913382217 7.743060669290376,46.97494709300333,556.5576913382217 7.7427989225939715,46.975308485059976,556.5576913382217</coordinates>
                      </LinearRing>
                    </outerBoundaryIs>
                  </Polygon>
                  <Polygon>
                    <altitudeMode>absolute</altitudeMode>
                    <outerBoundaryIs>
                      <LinearRing>
                        <coordinates>7.742479898503331,46.97502105231019,584.4776913382217 7.742732834280618,46.97455984188882,584.4776913382217 7.743060669290376,46.97494709300333,584.4776913382217 7.7427989225939715,46.975308485059976,584.4776913382217</coordinates>
                      </LinearRing>
                    </outerBoundaryIs>
                  </Polygon>
                  <Polygon>
                    <altitudeMode>absolute</altitudeMode>
                    <outerBoundaryIs>
                      <LinearRing>
                        <coordinates>7.742479898503331,46.97502105231019,556.5576913382217 7.742479898503331,46.97502105231019,584.4776913382217 7.742732834280618,46.97455984188882,584.4776913382217 7.742732834280618,46.97455984188882,556.5576913382217</coordinates>
                      </LinearRing>
                    </outerBoundaryIs>
                  </Polygon>
                  <Polygon>
                    <altitudeMode>absolute</altitudeMode>
                    <outerBoundaryIs>
                      <LinearRing>
                        <coordinates>7.742732834280618,46.97455984188882,556.5576913382217 7.742732834280618,46.97455984188882,584.4776913382217 7.743060669290376,46.97494709300333,584.4776913382217 7.743060669290376,46.97494709300333,556.5576913382217</coordinates>
                      </LinearRing>
                    </outerBoundaryIs>
                  </Polygon>
                  <Polygon>
                    <altitudeMode>absolute</altitudeMode>
                    <outerBoundaryIs>
                      <LinearRing>
                        <coordinates>7.743060669290376,46.97494709300333,556.5576913382217 7.743060669290376,46.97494709300333,584.4776913382217 7.7427989225939715,46.975308485059976,584.4776913382217 7.7427989225939715,46.975308485059976,556.5576913382217</coordinates>
                      </LinearRing>
                    </outerBoundaryIs>
                  </Polygon>
                  <Polygon>
                    <altitudeMode>absolute</altitudeMode>
                    <outerBoundaryIs>
                      <LinearRing>
                        <coordinates>7.7427989225939715,46.975308485059976,556.5576913382217 7.7427989225939715,46.975308485059976,584.4776913382217 7.742479898503331,46.97502105231019,584.4776913382217 7.742479898503331,46.97502105231019,556.5576913382217</coordinates>
                      </LinearRing>
                    </outerBoundaryIs>
                  </Polygon>
                </MultiGeometry>
              </Placemark>
            </Folder>
          </Folder>
        </Folder>
        <Folder>
          <name>Check for conflict notifications</name>
        </Folder>
        <Folder>
          <name>Modify activated Flight 1 in conflict with activated Flight 2</name>
          <Folder>
            <name>E178: uss1 astm.f3548.v21.dss.queryOperationalIntentReferences</name>
            <Placemark>
              <name>area_of_interest</name>
              <styleUrl>#QueryArea</styleUrl>
              <description><![CDATA[<ul><li>uss2's Activated 592371fe-e2c8-4a41-92b8-a62e5022c3a9[2]</li><li>uss2's Activated bc386cc4-6483-4d30-a069-f338645081aa[2]</li></ul>]]></description>
              <TimeSpan>
                <begin>2026-10-08T16:10:34.437847+00:00</begin>
                <end>2026-10-08T16:55:35.437847+00:00</end>
              </TimeSpan>
              <MultiGeometry>
                <Polygon>
                  <altitudeMode>absolute</altitudeMode>
                  <outerBoundaryIs>
                    <LinearRing>
                      <coordinates>7.742517800347998,46.9745267709099,526.4271866198955 7.742517800347998,46.97491822714537,526.4271866198955 7.743537445362028,46.97491822714537,526.4271866198955 7.743537445362028,46.9745267709099,526.4271866198955</coordinates>
                    </LinearRing>
                  </outerBoundaryIs>
                </Polygon>
                <Polygon>
                  <altitudeMode>absolute</altitudeMode>
                  <outerBoundaryIs>
                    <LinearRing>
                      <coordinates>7.742517800347998,46.9745267709099,586.4771866198954 7.742517800347998,46.97491822714537,586.4771866198954 7.743537445362028,46.97491822714537,586.4771866198954 7.743537445362028,46.9745267709099,586.4771866198954</coordinates>
                    </LinearRing>
                  </outerBoundaryIs>
                </Polygon>
                <Polygon>
                  <altitudeMode>absolute</altitudeMode>
                  <outerBoundaryIs>
                    <LinearRing>
                      <coordinates>7.742517800347998,46.9745267709099,526.4271866198955 7.742517800347998,46.9745267709099,586.4771866198954 7.742517800347998,46.97491822714537,586.4771866198954 7.742517800347998,46.97491822714537,526.4271866198955</coordinates>
                    </LinearRing>
                  </outerBoundaryIs>
                </Polygon>
                <Polygon>
                  <altitudeMode>absolute</altitudeMode>
                  <outerBoundaryIs>
                    <LinearRing>
                      <coordinates>7.742517800347998,46.97491822714537,526.4271866198955 7.742517800347998,46.97491822714537,586.4771866198954 7.743537445362028,46.97491822714537,586.4771866198954 7.743537445362028,46.97491822714537,526.4271866198955</coordinates>
                    </LinearRing>
                  </outerBoundaryIs>
                </Polygon>
                <Polygon>
                  <altitudeMode>absolute</altitudeMode>
                  <outerBoundaryIs>
                    <LinearRing>
                      <coordinates>7.743537445362028,46.97491822714537,526.4271866198955 7.743537445362028,46.97491822714537,586.4771866198954 7.743537445362028,46.9745267709099,586.4771866198954 7.743537445362028,46.9745267709099,526.4271866198955</coordinates>
                    </LinearRing>
                  </outerBoundaryIs>
                </Polygon>
                <Polygon>
                  <altitudeMode>absolute</altitudeMode>
                  <outerBoundaryIs>
                    <LinearRing>
                      <coordinates>7.743537445362028,46.9745267709099,526.4271866198955 7.743537445362028,46.9745267709099,586.4771866198954 7.742517800347998,46.9745267709099,586.4771866198954 7.742517800347998,46.9745267709099,526.4271866198955</coordinates>
                    </LinearRing>
                  </outerBoundaryIs>
                </Polygon>
              </MultiGeometry>
            </Placemark>
          </Folder>
          <Folder>
            <name>E185: uss1 astm.f3548.v21.dss.queryOperationalIntentReferences</name>
            <Placemark>
              <name>area_of_interest</name>
              <styleUrl>#QueryArea</styleUrl>
              <description><![CDATA[<ul><li>uss2's Activated 592371fe-e2c8-4a41-92b8-a62e5022c3a9[3]</li><li>uss2's Activated bc386cc4-6483-4d30-a069-f338645081aa[2]</li></ul>]]></description>
              <TimeSpan>
                <begin>2026-10-08T16:10:34.437847+00:00</begin>
                <end>2026-10-08T16:55:35.437847+00:00</end>
              </TimeSpan>
              <MultiGeometry>
                <Polygon>
                  <altitudeMode>absolute</altitudeMode>
                  <outerBoundaryIs>
                    <LinearRing>
                      <coordinates>7.742517800347998,46.9745267709099,526.4271866198955 7.742517800347998,46.97491822714537,526.4271866198955 7.743537445362028,46.97491822714537,526.4271866198955 7.743537445362028,46.9745267709099,526.4271866198955</coordinates>
                    </LinearRing>
                  </outerBoundaryIs>
                </Polygon>
                <Polygon>
                  <altitudeMode>absolute</altitudeMode>
                  <outerBoundaryIs>
                    <LinearRing>
                      <coordinates>7.742517800347998,46.9745267709099,586.4771866198954 7.742517800347998,46.97491822714537,586.4771866198954 7.743537445362028,46.97491822714537,586.4771866198954 7.743537445362028,46.9745267709099,586.4771866198954</coordinates>
                    </LinearRing>
                  </outerBoundaryIs>
                </Polygon>
                <Polygon>
                  <altitudeMode>absolute</altitudeMode>
                  <outerBoundaryIs>
                    <LinearRing>
                      <coordinates>7.742517800347998,46.9745267709099,526.4271866198955 7.742517800347998,46.9745267709099,586.4771866198954 7.742517800347998,46.97491822714537,586.4771866198954 7.742517800347998,46.97491822714537,526.4271866198955</coordinates>
                    </LinearRing>
                  </outerBoundaryIs>
                </Polygon>
                <Polygon>
                  <altitudeMode>absolute</altitudeMode>
                  <outerBoundaryIs>
                    <LinearRing>
                      <coordinates>7.742517800347998,46.97491822714537,526.4271866198955 7.742517800347998,46.97491822714537,586.4771866198954 7.743537445362028,46.97491822714537,586.4771866198954 7.743537445362028,46.97491822714537,526.4271866198955</coordinates>
                    </LinearRing>
                  </outerBoundaryIs>
                </Polygon>
                <Polygon>
                  <altitudeMode>absolute</altitudeMode>
                  <outerBoundaryIs>
                    <LinearRing>
                      <coordinates>7.743537445362028,46.97491822714537,526.4271866198955 7.743537445362028,46.97491822714537,586.4771866198954 7.743537445362028,46.9745267709099,586.4771866198954 7.743537445362028,46.9745267709099,526.4271866198955</coordinates>
                    </LinearRing>
                  </outerBoundaryIs>
                </Polygon>
                <Polygon>
                  <altitudeMode>absolute</altitudeMode>
                  <outerBoundaryIs>
                    <LinearRing>
                      <coordinates>7.743537445362028,46.9745267709099,526.4271866198955 7.743537445362028,46.9745267709099,586.4771866198954 7.742517800347998,46.9745267709099,586.4771866198954 7.742517800347998,46.9745267709099,526.4271866198955</coordinates>
                    </LinearRing>
                  </outerBoundaryIs>
                </Polygon>
              </MultiGeometry>
            </Placemark>
          </Folder>
          <Folder>
            <name>E190: uss2 astm.f3548.v21.uss.getOperationalIntentDetails</name>
            <Folder>
              <name>uss2's P0 Activated 592371fe-e2c8-4a41-92b8-a62e5022c3a9[3] @ W0HVRFUpR4nf9VrseYNjhdSn6G4IxxecXlF5EbxPA6Y_</name>
              <Placemark>
                <name>Nominal volume 0</name>
                <styleUrl>#F3548v21Activated</styleUrl>
                <TimeSpan>
                  <begin>2026-10-08T16:10:35.472985+00:00</begin>
                  <end>2026-10-08T16:55:35.437847+00:00</end>
                </TimeSpan>
                <MultiGeometry>
                  <Polygon>
                    <altitudeMode>absolute</altitudeMode>
                    <outerBoundaryIs>
                      <LinearRing>
                        <coordinates>7.742883533244558,46.9746037389431,526.4272590737958 7.742909969213438,46.97490319618144,526.4272590737958 7.743495144685236,46.97487914421695,526.4272590737958 7.743537445362028,46.9745267709099,526.4272590737958</coordinates>
                      </LinearRing>
                    </outerBoundaryIs>
                  </Polygon>
                  <Polygon>
                    <altitudeMode>absolute</altitudeMode>
                    <outerBoundaryIs>
                      <LinearRing>
                        <coordinates>7.742883533244558,46.9746037389431,586.4772590737957 7.742909969213438,46.97490319618144,586.4772590737957 7.743495144685236,46.97487914421695,586.4772590737957 7.743537445362028,46.9745267709099,586.4772590737957</coordinates>
                      </LinearRing>
                    </outerBoundaryIs>
                  </Polygon>
                  <Polygon>
                    <altitudeMode>absolute</altitudeMode>
                    <outerBoundaryIs>
                      <LinearRing>
                        <coordinates>7.742883533244558,46.9746037389431,526.4272590737958 7.742883533244558,46.9746037389431,586.4772590737957 7.742909969213438,46.97490319618144,586.4772590737957 7.742909969213438,46.97490319618144,526.4272590737958</coordinates>
                      </LinearRing>
                    </outerBoundaryIs>
                  </Polygon>
                  <Polygon>
                    <altitudeMode>absolute</altitudeMode>
                    <outerBoundaryIs>
                      <LinearRing>
                        <coordinates>7.742909969213438,46.97490319618144,526.4272590737958 7.742909969213438,46.97490319618144,586.4772590737957 7.743495144685236,46.97487914421695,586.4772590737957 7.743495144685236,46.97487914421695,526.4272590737958</coordinates>
                      </LinearRing>
                    </outerBoundaryIs>
                  </Polygon>
                  <Polygon>
                    <altitudeMode>absolute</altitudeMode>
                    <outerBoundaryIs>
                      <LinearRing>
                        <coordinates>7.743495144685236,46.97487914421695,526.4272590737958 7.743495144685236,46.97487914421695,586.4772590737957 7.743537445362028,46.9745267709099,586.4772590737957 7.743537445362028,46.9745267709099,526.4272590737958</coordinates>
                      </LinearRing>
                    </outerBoundaryIs>
                  </Polygon>
                  <Polygon>
                    <altitudeMode>absolute</altitudeMode>
                    <outerBoundaryIs>
                      <LinearRing>
                        <coordinates>7.743537445362028,46.9745267709099,526.4272590737958 7.743537445362028,46.9745267709099,586.4772590737957 7.742883533244558,46.9746037389431,586.4772590737957 7.742883533244558,46.9746037389431,526.4272590737958</coordinates>
                      </LinearRing>
                    </outerBoundaryIs>
                  </Polygon>
                </MultiGeometry>
              </Placemark>
            </Folder>
          </Folder>
        </Folder>
      </Folder>
      <Folder>
        <name>Attempt to modify activated flight into conflict</name>
        <Folder>
          <name>Modify activated Flight 2 to not conflict with activated Flight 1</name>
          <Folder>
            <name>E199: uss1 astm.f3548.v21.dss.queryOperationalIntentReferences</name>
            <Placemark>
              <name>area_of_interest</name>
              <styleUrl>#QueryArea</styleUrl>
              <description><![CDATA[<ul><li>uss2's Activated 592371fe-e2c8-4a41-92b8-a62e5022c3a9[3]</li><li>uss2's Activated bc386cc4-6483-4d30-a069-f338645081aa[2]</li></ul>]]></description>
              <TimeSpan>
                <begin>2026-10-08T16:10:34.618302+00:00</begin>
                <end>2026-10-08T16:55:35.618302+00:00</end>
              </TimeSpan>
              <MultiGeometry>
                <Polygon>
                  <altitudeMode>absolute</altitudeMode>
                  <outerBoundaryIs>
                    <LinearRing>
                      <coordinates>7.742479898503331,46.97493506700985,553.3881447565619 7.742479898503331,46.975308485059976,553.3881447565619 7.743353257298359,46.975308485059976,553.3881447565619 7.743353257298359,46.97493506700985,553.3881447565619</coordinates>
                    </LinearRing>
                  </outerBoundaryIs>
                </Polygon>
                <Polygon>
                  <altitudeMode>absolute</altitudeMode>
                  <outerBoundaryIs>
                    <LinearRing>
                      <coordinates>7.742479898503331,46.97493506700985,606.478144756562 7.742479898503331,46.975308485059976,606.478144756562 7.743353257298359,46.975308485059976,606.478144756562 7.743353257298359,46.97493506700985,606.478144756562</coordinates>
                    </LinearRing>
                  </outerBoundaryIs>
                </Polygon>
                <Polygon>
                  <altitudeMode>absolute</altitudeMode>
                  <outerBoundaryIs>
                    <LinearRing>
                      <coordinates>7.742479898503331,46.97493506700985,553.3881447565619 7.742479898503331,46.97493506700985,606.478144756562 7.742479898503331,46.975308485059976,606.478144756562 7.742479898503331,46.975308485059976,553.3881447565619</coordinates>
                    </LinearRing>
                  </outerBoundaryIs>
                </Polygon>
                <Polygon>
                  <altitudeMode>absolute</altitudeMode>
                  <outerBoundaryIs>
                    <LinearRing>
                      <coordinates>7.742479898503331,46.975308485059976,553.3881447565619 7.742479898503331,46.975308485059976,606.478144756562 7.743353257298359,46.975308485059976,606.478144756562 7.743353257298359,46.975308485059976,553.3881447565619</coordinates>
                    </LinearRing>
                  </outerBoundaryIs>
                </Polygon>
                <Polygon>
                  <altitudeMode>absolute</altitudeMode>
                  <outerBoundaryIs>
                    <LinearRing>
                      <coordinates>7.743353257298359,46.975308485059976,553.3881447565619 7.743353257298359,46.975308485059976,606.478144756562 7.743353257298359,46.97493506700985,606.478144756562 7.743353257298359,46.97493506700985,553.3881447565619</coordinates>
                    </LinearRing>
                  </outerBoundaryIs>
                </Polygon>
                <Polygon>
                  <altitudeMode>absolute</altitudeMode>
                  <outerBoundaryIs>
                    <LinearRing>
                      <coordinates>7.743353257298359,46.97493506700985,553.3881447565619 7.743353257298359,46.97493506700985,606.478144756562 7.742479898503331,46.97493506700985,606.478144756562 7.742479898503331,46.97493506700985,553.3881447565619</coordinates>
                    </LinearRing>
                  </outerBoundaryIs>
                </Polygon>
              </MultiGeometry>
            </Placemark>
          </Folder>
          <Folder>
            <name>E205: uss1 astm.f3548.v21.dss.queryOperationalIntentReferences</name>
            <Placemark>
              <name>area_of_interest</name>
              <styleUrl>#QueryArea</styleUrl>
              <description><![CDATA[<ul><li>uss2's Activated 592371fe-e2c8-4a41-92b8-a62e5022c3a9[3]</li><li>uss2's Activated bc386cc4-6483-4d30-a069-f338645081aa[3]</li></ul>]]></description>
              <TimeSpan>
                <begin>2026-10-08T16:10:34.618302+00:00</begin>
                <end>2026-10-08T16:55:35.618302+00:00</end>
              </TimeSpan>
              <MultiGeometry>
                <Polygon>
                  <altitudeMode>absolute</altitudeMode>
                  <outerBoundaryIs>
                    <LinearRing>
                      <coordinates>7.742479898503331,46.97493506700985,553.3881447565619 7.742479898503331,46.975308485059976,553.3881447565619 7.743353257298359,46.975308485059976,553.3881447565619 7.743353257298359,46.97493506700985,553.3881447565619</coordinates>
                    </LinearRing>
                  </outerBoundaryIs>
                </Polygon>
                <Polygon>
                  <altitudeMode>absolute</altitudeMode>
                  <outerBoundaryIs>
                    <LinearRing>
                      <coordinates>7.742479898503331,46.97493506700985,606.478144756562 7.742479898503331,46.975308485059976,606.478144756562 7.743353257298359,46.975308485059976,606.478144756562 7.743353257298359,46.97493506700985,606.478144756562</coordinates>
                    </LinearRing>
                  </outerBoundaryIs>
                </Polygon>
                <Polygon>
                  <altitudeMode>absolute</altitudeMode>
                  <outerBoundaryIs>
                    <LinearRing>
                      <coordinates>7.742479898503331,46.97493506700985,553.3881447565619 7.742479898503331,46.97493506700985,606.478144756562 7.742479898503331,46.975308485059976,606.478144756562 7.742479898503331,46.975308485059976,553.3881447565619</coordinates>
                    </LinearRing>
                  </outerBoundaryIs>
                </Polygon>
                <Polygon>
                  <altitudeMode>absolute</altitudeMode>
                  <outerBoundaryIs>
                    <LinearRing>
                      <coordinates>7.742479898503331,46.975308485059976,553.3881447565619 7.742479898503331,46.975308485059976,606.478144756562 7.743353257298359,46.975308485059976,606.478144756562 7.743353257298359,46.975308485059976,553.3881447565619</coordinates>
                    </LinearRing>
                  </outerBoundaryIs>
                </Polygon>
                <Polygon>
                  <altitudeMode>absolute</altitudeMode>
                  <outerBoundaryIs>
                    <LinearRing>
                      <coordinates>7.743353257298359,46.975308485059976,553.3881447565619 7.743353257298359,46.975308485059976,606.478144756562 7.743353257298359,46.97493506700985,606.478144756562 7.743353257298359,46.97493506700985,553.3881447565619</coordinates>
                    </LinearRing>
                  </outerBoundaryIs>
                </Polygon>
                <Polygon>
                  <altitudeMode>absolute</altitudeMode>
                  <outerBoundaryIs>
                    <LinearRing>
                      <coordinates>7.743353257298359,46.97493506700985,553.3881447565619 7.743353257298359,46.97493506700985,606.478144756562 7.742479898503331,46.97493506700985,606.478144756562 7.742479898503331,46.97493506700985,553.3881447565619</coordinates>
                    </LinearRing>
                  </outerBoundaryIs>
                </Polygon>
              </MultiGeometry>
            </Placemark>
          </Folder>
          <Folder>
            <name>E210: uss2 astm.f3548.v21.uss.getOperationalIntentDetails</name>
            <Folder>
              <name>uss2's P100 Activated bc386cc4-6483-4d30-a069-f338645081aa[3] @ .XWl-QZEjSMoRm8m9ZmC0QDQDgUA8AQilMcvS7E19AU_</name>
              <Placemark>
                <name>Nominal volume 0</name>
                <styleUrl>#F3548v21Activated</styleUrl>
                <TimeSpan>
                  <begin>2026-10-08T16:10:35.650764+00:00</begin>
                  <end>2026-10-08T16:55:35.618302+00:00</end>
                </TimeSpan>
                <MultiGeometry>
                  <Polygon>
                    <altitudeMode>absolute</altitudeMode>
                    <outerBoundaryIs>
                      <LinearRing>
                        <coordinates>7.742479898503331,46.97502105231019,553.3880483645892 7.743353257298359,46.97493506700985,553.3880483645892 7.7427989225939715,46.975308485059976,553.3880483645892</coordinates>
                      </LinearRing>
                    </outerBoundaryIs>
                  </Polygon>
                  <Polygon>
                    <altitudeMode>absolute</altitudeMode>
                    <outerBoundaryIs>
                      <LinearRing>
                        <coordinates>7.742479898503331,46.97502105231019,606.4780483645892 7.743353257298359,46.97493506700985,606.4780483645892 7.7427989225939715,46.975308485059976,606.4780483645892</coordinates>
                      </LinearRing>
                    </outerBoundaryIs>
                  </Polygon>
                  <Polygon>
                    <altitudeMode>absolute</altitudeMode>
                    <outerBoundaryIs>
                      <LinearRing>
                        <coordinates>7.742479898503331,46.97502105231019,553.3880483645892 7.742479898503331,46.97502105231019,606.4780483645892 7.743353257298359,46.97493506700985,606.4780483645892 7.743353257298359,46.97493506700985,553.3880483645892</coordinates>
                      </LinearRing>
                    </outerBoundaryIs>
                  </Polygon>
                  <Polygon>
                    <altitudeMode>absolute</altitudeMode>
                    <outerBoundaryIs>
                      <LinearRing>
                        <coordinates>7.743353257298359,46.97493506700985,553.3880483645892 7.743353257298359,46.97493506700985,606.4780483645892 7.7427989225939715,46.975308485059976,606.4780483645892 7.7427989225939715,46.975308485059976,553.3880483645892</coordinates>
                      </LinearRing>
                    </outerBoundaryIs>
                  </Polygon>
                  <Polygon>
                    <altitudeMode>absolute</altitudeMode>
                    <outerBoundaryIs>
                      <LinearRing>
                        <coordinates>7.7427989225939715,46.975308485059976,553.3880483645892 7.7427989225939715,46.975308485059976,606.4780483645892 7.742479898503331,46.97502105231019,606.4780483645892 7.742479898503331,46.97502105231019,553.3880483645892</coordinates>
                      </LinearRing>
                    </outerBoundaryIs>
                  </Polygon>
                </MultiGeometry>
              </Placemark>
            </Folder>
          </Folder>
        </Folder>
        <Folder>
          <name>Attempt to modify activated Flight 1 into conflict</name>
          <Folder>
            <name>E219: uss1 astm.f3548.v21.dss.queryOperationalIntentReferences</name>
            <Placemark>
              <name>area_of_interest</name>
              <styleUrl>#QueryArea</styleUrl>
              <description><![CDATA[<ul><li>uss2's Activated 592371fe-e2c8-4a41-92b8-a62e5022c3a9[3]</li><li>uss2's Activated bc386cc4-6483-4d30-a069-f338645081aa[3]</li></ul>]]></description>
              <TimeSpan>
                <begin>2026-10-08T16:10:34.800142+00:00</begin>
                <end>2026-10-08T16:55:35.800142+00:00</end>
              </TimeSpan>
              <MultiGeometry>
                <Polygon>
                  <altitudeMode>absolute</altitudeMode>
                  <outerBoundaryIs>
                    <LinearRing>
                      <coordinates>7.742883533244558,46.9745267709099,526.4277100454847 7.742883533244558,46.975290446790375,526.4277100454847 7.743537445362028,46.975290446790375,526.4277100454847 7.743537445362028,46.9745267709099,526.4277100454847</coordinates>
                    </LinearRing>
                  </outerBoundaryIs>
                </Polygon>
                <Polygon>
                  <altitudeMode>absolute</altitudeMode>
                  <outerBoundaryIs>
                    <LinearRing>
                      <coordinates>7.742883533244558,46.9745267709099,591.4777100454846 7.742883533244558,46.975290446790375,591.4777100454846 7.743537445362028,46.975290446790375,591.4777100454846 7.743537445362028,46.9745267709099,591.4777100454846</coordinates>
                    </LinearRing>
                  </outerBoundaryIs>
                </Polygon>
                <Polygon>
                  <altitudeMode>absolute</altitudeMode>
                  <outerBoundaryIs>
                    <LinearRing>
                      <coordinates>7.742883533244558,46.9745267709099,526.4277100454847 7.742883533244558,46.9745267709099,591.4777100454846 7.742883533244558,46.975290446790375,591.4777100454846 7.742883533244558,46.975290446790375,526.4277100454847</coordinates>
                    </LinearRing>
                  </outerBoundaryIs>
                </Polygon>
                <Polygon>
                  <altitudeMode>absolute</altitudeMode>
                  <outerBoundaryIs>
                    <LinearRing>
                      <coordinates>7.742883533244558,46.975290446790375,526.4277100454847 7.742883533244558,46.975290446790375,591.4777100454846 7.743537445362028,46.975290446790375,591.4777100454846 7.743537445362028,46.975290446790375,526.4277100454847</coordinates>
                    </LinearRing>
                  </outerBoundaryIs>
                </Polygon>
                <Polygon>
                  <altitudeMode>absolute</altitudeMode>
                  <outerBoundaryIs>
                    <LinearRing>
                      <coordinates>7.743537445362028,46.975290446790375,526.4277100454847 7.743537445362028,46.975290446790375,591.4777100454846 7.743537445362028,46.9745267709099,591.4777100454846 7.743537445362028,46.9745267709099,526.4277100454847</coordinates>
                    </LinearRing>
                  </outerBoundaryIs>
                </Polygon>
                <Polygon>
                  <altitudeMode>absolute</altitudeMode>
                  <outerBoundaryIs>
                    <LinearRing>
                      <coordinates>7.743537445362028,46.9745267709099,526.4277100454847 7.743537445362028,46.9745267709099,591.4777100454846 7.742883533244558,46.9745267709099,591.4777100454846 7.742883533244558,46.9745267709099,526.4277100454847</coordinates>
                    </LinearRing>
                  </outerBoundaryIs>
                </Polygon>
              </MultiGeometry>
            </Placemark>
          </Folder>
          <Folder>
            <name>E224: uss1 astm.f3548.v21.dss.queryOperationalIntentReferences</name>
            <Placemark>
              <name>area_of_interest</name>
              <styleUrl>#QueryArea</styleUrl>
              <description><![CDATA[<ul><li>uss2's Activated 592371fe-e2c8-4a41-92b8-a62e5022c3a9[3]</li><li>uss2's Activated bc386cc4-6483-4d30-a069-f338645081aa[3]</li></ul>]]></description>
              <TimeSpan>
                <begin>2026-10-08T16:10:34.800142+00:00</begin>
                <end>2026-10-08T16:55:35.800142+00:00</end>
              </TimeSpan>
              <MultiGeometry>
                <Polygon>
                  <altitudeMode>absolute</altitudeMode>
                  <outerBoundaryIs>
                    <LinearRing>
                      <coordinates>7.742883533244558,46.9745267709099,526.4277100454847 7.742883533244558,46.975290446790375,526.4277100454847 7.743537445362028,46.975290446790375,526.4277100454847 7.743537445362028,46.9745267709099,526.4277100454847</coordinates>
                    </LinearRing>
                  </outerBoundaryIs>
                </Polygon>
                <Polygon>
                  <altitudeMode>absolute</altitudeMode>
                  <outerBoundaryIs>
                    <LinearRing>
                      <coordinates>7.742883533244558,46.9745267709099,591.4777100454846 7.742883533244558,46.975290446790375,591.4777100454846 7.743537445362028,46.975290446790375,591.4777100454846 7.743537445362028,46.9745267709099,591.4777100454846</coordinates>
                    </LinearRing>
                  </outerBoundaryIs>
                </Polygon>
                <Polygon>
                  <altitudeMode>absolute</altitudeMode>
                  <outerBoundaryIs>
                    <LinearRing>
                      <coordinates>7.742883533244558,46.9745267709099,526.4277100454847 7.742883533244558,46.9745267709099,591.4777100454846 7.742883533244558,46.975290446790375,591.4777100454846 7.742883533244558,46.975290446790375,526.4277100454847</coordinates>
                    </LinearRing>
                  </outerBoundaryIs>
                </Polygon>
                <Polygon>
                  <altitudeMode>absolute</altitudeMode>
                  <outerBoundaryIs>
                    <LinearRing>
                      <coordinates>7.742883533244558,46.975290446790375,526.4277100454847 7.742883533244558,46.975290446790375,591.4777100454846 7.743537445362028,46.975290446790375,591.4777100454846 7.743537445362028,46.975290446790375,526.4277100454847</coordinates>
                    </LinearRing>
                  </outerBoundaryIs>
                </Polygon>
                <Polygon>
                  <altitudeMode>absolute</altitudeMode>
                  <outerBoundaryIs>
                    <LinearRing>
                      <coordinates>7.743537445362028,46.975290446790375,526.4277100454847 7.743537445362028,46.975290446790375,591.4777100454846 7.743537445362028,46.9745267709099,591.4777100454846 7.743537445362028,46.9745267709099,526.4277100454847</coordinates>
                    </LinearRing>
                  </outerBoundaryIs>
                </Polygon>
                <Polygon>
                  <altitudeMode>absolute</altitudeMode>
                  <outerBoundaryIs>
                    <LinearRing>
                      <coordinates>7.743537445362028,46.9745267709099,526.4277100454847 7.743537445362028,46.9745267709099,591.4777100454846 7.742883533244558,46.9745267709099,591.4777100454846 7.742883533244558,46.9745267709099,526.4277100454847</coordinates>
                    </LinearRing>
                  </outerBoundaryIs>
                </Polygon>
              </MultiGeometry>
            </Placemark>
          </Folder>
        </Folder>
      </Folder>
      <Folder>
        <name/>
        <Folder>
          <name>Cleanup</name>
        </Folder>
      </Folder>
    </Folder>
  </Document>
</kml>
