<kml xmlns="http://www.opengis.net/kml/2.2" xmlns:atom="http://www.w3.org/2005/Atom" xmlns:gx="http://www.google.com/kml/ext/2.2">
  <Document>
    <Style id="QueryArea">
      <LineStyle>
        <color>ffc0c000</color>
        <width>3</width>
      </LineStyle>
      <PolyStyle>
        <color>80ffffaa</color>
      </PolyStyle>
    </Style>
    <Style id="F3548v21Accepted">
      <LineStyle>
        <color>ff00c000</color>
        <width>3</width>
      </LineStyle>
      <PolyStyle>
        <color>80c0c0c0</color>
      </PolyStyle>
    </Style>
    <Style id="F3548v21Activated">
      <LineStyle>
        <color>ff00c000</color>
        <width>3</width>
      </LineStyle>
      <PolyStyle>
        <color>8000ff00</color>
      </PolyStyle>
    </Style>
    <Style id="F3548v21Nonconforming">
      <LineStyle>
        <color>ff00ffff</color>
        <width>5</width>
      </LineStyle>
      <PolyStyle>
        <color>8000ffff</color>
      </PolyStyle>
    </Style>
    <Style id="F3548v21Contingent">
      <LineStyle>
        <color>ff0000ff</color>
        <width>5</width>
      </LineStyle>
      <PolyStyle>
        <color>80ff0000ff</color>
      </PolyStyle>
    </Style>
    <Style id="F3548v21AcceptedFuture">
      <LineStyle>
        <color>80c0c0c0</color>
        <width>1</width>
      </LineStyle>
      <PolyStyle>
        <color>00000000</color>
      </PolyStyle>
    </Style>
    <Style id="F3548v21ActivatedFuture">
      <LineStyle>
        <color>8040c040</color>
        <width>1</width>
      </LineStyle>
      <PolyStyle>
        <color>00000000</color>
      </PolyStyle>
    </Style>
    <Style id="F3548v21NonconformingFuture">
      <LineStyle>
        <color>8000ffff</color>
        <width>1</width>
      </LineStyle>
      <PolyStyle>
        <color>00000000</color>
      </PolyStyle>
    </Style>
    <Style id="F3548v21ContingentFuture">
      <LineStyle>
        <color>80ff0000ff</color>
        <width>1</width>
      </LineStyle>
      <PolyStyle>
        <color>00000000</color>
      </PolyStyle>
    </Style>
    <Style id="Planned_Nominal">
      <LineStyle>
        <color>ff00c000</color>
        <width>3</width>
      </LineStyle>
      <PolyStyle>
        <color>80808080</color>
      </PolyStyle>
    </Style>
    <Style id="InUse_Nominal">
      <LineStyle>
        <color>ff00c000</color>
        <width>3</width>
      </LineStyle>
      <PolyStyle>
        <color>8000ff00</color>
      </PolyStyle>
    </Style>
    <Style id="InUse_OffNominal">
      <LineStyle>
        <color>ff00ffff</color>
        <width>5</width>
      </LineStyle>
      <PolyStyle>
        <color>8000ff00</color>
      </PolyStyle>
    </Style>
    <Style id="InUse_Contingent">
      <LineStyle>
        <color>ff0000ff</color>
        <width>5</width>
      </LineStyle>
      <PolyStyle>
        <color>8000ff00</color>
      </PolyStyle>
    </Style>
    <Style id="unmodifiedtelemetry">
      <IconStyle>
        <scale>1.4</scale>
        <Icon>
          <href>http://maps.google.com/mapfiles/kml/shapes/placemark_circle.png</href>
        </Icon>
      </IconStyle>
    </Style>
    <Style id="modifiedtelemetry">
      <IconStyle>
        <scale>1.4</scale>
        <Icon>
          <href>http://maps.google.com/mapfiles/kml/shapes/placemark_square.png</href>
        </Icon>
      </IconStyle>
    </Style>
    <Style id="aircraft">
      <IconStyle>
        <scale>1.4</scale>
        <Icon>
          <href>http://maps.google.com/mapfiles/kml/shapes/airports.png</href>
        </Icon>
      </IconStyle>
    </Style>
    <Folder>
      <name>ASTM NetRID Service Provider operator notification on missing fields</name>
      <Folder>
        <name>Missing fields flight</name>
        <Folder>
          <name>Retrieve pre-existing operator notification</name>
        </Folder>
        <Folder>
          <name>Injection</name>
          <Folder>
            <name>E4: uss1 interuss.automated_testing.rid.v1.injection.createTest</name>
            <Folder>
              <name>Test flight 97f801e4-4da4-4383-96e9-736f90b9aeee</name>
              <Placemark>
                <name>Telemetry 0</name>
                <styleUrl>#modifiedtelemetry</styleUrl>
                <TimeSpan>
                  <begin>2026-10-08T16:12:51.647331+00:00</begin>
                  <end>2026-10-08T16:12:52.647331+00:00</end>
                </TimeSpan>
                <Point>
                  <coordinates>8.523321827032547,47.3715045208158,0</coordinates>
                </Point>
              </Placemark>
              <Placemark>
                <name>Telemetry 1</name>
                <styleUrl>#modifiedtelemetry</styleUrl>
                <TimeSpan>
                  <begin>2026-10-08T16:12:52.647331+00:00</begin>
                  <end>2026-10-08T16:12:53.647331+00:00</end>
                </TimeSpan>
                <Point>
                  <coordinates>8.523282890548819,47.371540881223694,0</coordinates>
                </Point>
              </Placemark>
              <Placemark>
                <name>Telemetry 2</name>
                <styleUrl>#modifiedtelemetry</styleUrl>
                <TimeSpan>
                  <begin>2026-10-08T16:12:53.647331+00:00</begin>
                  <end>2026-10-08T16:12:54.647331+00:00</end>
                </TimeSpan>
                <Point>
                  <coordinates>8.52324395406509,47.37157724163159,0</coordinates>
                </Point>
              </Placemark>
              <Placemark>
                <name>Telemetry 3</name>
                <styleUrl>#modifiedtelemetry</styleUrl>
                <TimeSpan>
                  <begin>2026-10-08T16:12:54.647331+00:00</begin>
                  <end>2026-10-08T16:12:55.647331+00:00</end>
                </TimeSpan>
                <Point>
                  <coordinates>8.523205017581365,47.37161360203949,0</coordinates>
                </Point>
              </Placemark>
              <Placemark>
                <name>Telemetry 4</name>
                <styleUrl>#modifiedtelemetry</styleUrl>
                <TimeSpan>
                  <begin>2026-10-08T16:12:55.647331+00:00</begin>
                  <end>2026-10-08T16:12:56.647331+00:00</end>
                </TimeSpan>
                <Point>
                  <coordinates>8.523166081097637,47.371649962447385,0</coordinates>
                </Point>
              </Placemark>
              <Placemark>
                <name>Telemetry 5</name>
                <styleUrl>#modifiedtelemetry</styleUrl>
                <TimeSpan>
                  <begin>2026-10-08T16:12:56.647331+00:00</begin>
                  <end>2026-10-08T16:12:57.647331+00:00</end>
                </TimeSpan>
                <Point>
                  <coordinates>8.523118769605144,47.37168134446735,0</coordinates>
                </Point>
              </Placemark>
              <Placemark>
                <name>Telemetry 6</name>
                <styleUrl>#modifiedtelemetry</styleUrl>
                <TimeSpan>
                  <begin>2026-10-08T16:12:57.647331+00:00</begin>
                  <end>2026-10-08T16:12:58.647331+00:00</end>
                </TimeSpan>
                <Point>
                  <coordinates>8.523070583658326,47.37171220668214,0</coordinates>
                </Point>
              </Placemark>
              <Placemark>
                <name>Telemetry 7</name>
                <styleUrl>#modifiedtelemetry</styleUrl>
                <TimeSpan>
                  <begin>2026-10-08T16:12:58.647331+00:00</begin>
                  <end>2026-10-08T16:12:59.647331+00:00</end>
                </TimeSpan>
                <Point>
                  <coordinates>8.523022397711506,47.371743068896926,0</coordinates>
                </Point>
              </Placemark>
              <Placemark>
                <name>Telemetry 8</name>
                <styleUrl>#modifiedtelemetry</styleUrl>
                <TimeSpan>
                  <begin>2026-10-08T16:12:59.647331+00:00</begin>
                  <end>2026-10-08T16:13:00.647331+00:00</end>
                </TimeSpan>
                <Point>
                  <coordinates>8.5229757392881,47.371774910132885,0</coordinates>
                </Point>
              </Placemark>
              <Placemark>
                <name>Telemetry 9</name>
                <styleUrl>#modifiedtelemetry</styleUrl>
                <TimeSpan>
                  <begin>2026-10-08T16:13:00.647331+00:00</begin>
                  <end>2026-10-08T16:13:01.647331+00:00</end>
                </TimeSpan>
                <Point>
                  <coordinates>8.522932891599606,47.371809193747204,0</coordinates>
                </Point>
              </Placemark>
              <Placemark>
                <name>Telemetry 10</name>
                <styleUrl>#modifiedtelemetry</styleUrl>
                <TimeSpan>
                  <begin>2026-10-08T16:13:01.647331+00:00</begin>
                  <end>2026-10-08T16:13:02.647331+00:00</end>
                </TimeSpan>
                <Point>
                  <coordinates>8.522890043911113,47.37184347736152,0</coordinates>
                </Point>
              </Placemark>
              <Placemark>
                <name>Telemetry 11</name>
                <styleUrl>#modifiedtelemetry</styleUrl>
                <TimeSpan>
                  <begin>2026-10-08T16:13:02.647331+00:00</begin>
                  <end>2026-10-08T16:13:03.647331+00:00</end>
                </TimeSpan>
                <Point>
                  <coordinates>8.52284719622262,47.37187776097584,0</coordinates>
                </Point>
              </Placemark>
              <Placemark>
                <name>Telemetry 12</name>
                <styleUrl>#modifiedtelemetry</styleUrl>
                <TimeSpan>
                  <begin>2026-10-08T16:13:03.647331+00:00</begin>
                  <end>2026-10-08T16:13:04.647331+00:00</end>
                </TimeSpan>
                <Point>
                  <coordinates>8.522804348534127,47.37191204459016,0</coordinates>
                </Point>
              </Placemark>
              <Placemark>
                <name>Telemetry 13</name>
                <styleUrl>#modifiedtelemetry</styleUrl>
                <TimeSpan>
                  <begin>2026-10-08T16:13:04.647331+00:00</begin>
                  <end>2026-10-08T16:13:05.647331+00:00</end>
                </TimeSpan>
                <Point>
                  <coordinates>8.522761500845634,47.37194632820448,0</coordinates>
                </Point>
              </Placemark>
              <Placemark>
                <name>Telemetry 14</name>
                <styleUrl>#modifiedtelemetry</styleUrl>
                <TimeSpan>
                  <begin>2026-10-08T16:13:05.647331+00:00</begin>
                  <end>2026-10-08T16:13:06.647331+00:00</end>
                </TimeSpan>
                <Point>
                  <coordinates>8.522718653157142,47.371980611818806,0</coordinates>
                </Point>
              </Placemark>
              <Placemark>
                <name>Telemetry 15</name>
                <styleUrl>#modifiedtelemetry</styleUrl>
                <TimeSpan>
                  <begin>2026-10-08T16:13:06.647331+00:00</begin>
                  <end>2026-10-08T16:13:07.647331+00:00</end>
                </TimeSpan>
                <Point>
                  <coordinates>8.522675805468648,47.372014895433125,0</coordinates>
                </Point>
              </Placemark>
              <Placemark>
                <name>Telemetry 16</name>
                <styleUrl>#modifiedtelemetry</styleUrl>
                <TimeSpan>
                  <begin>2026-10-08T16:13:07.647331+00:00</begin>
                  <end>2026-10-08T16:13:08.647331+00:00</end>
                </TimeSpan>
                <Point>
                  <coordinates>8.522630095760274,47.37204743572325,0</coordinates>
                </Point>
              </Placemark>
              <Placemark>
                <name>Telemetry 17</name>
                <styleUrl>#modifiedtelemetry</styleUrl>
                <TimeSpan>
                  <begin>2026-10-08T16:13:08.647331+00:00</begin>
                  <end>2026-10-08T16:13:09.647331+00:00</end>
                </TimeSpan>
                <Point>
                  <coordinates>8.522580799973472,47.372082380767935,0</coordinates>
                </Point>
              </Placemark>
              <Placemark>
                <name>Telemetry 18</name>
                <styleUrl>#modifiedtelemetry</styleUrl>
                <TimeSpan>
                  <begin>2026-10-08T16:13:09.647331+00:00</begin>
                  <end>2026-10-08T16:13:10.647331+00:00</end>
                </TimeSpan>
                <Point>
                  <coordinates>8.52253150418667,47.372117325812624,0</coordinates>
                </Point>
              </Placemark>
              <Placemark>
                <name>Telemetry 19</name>
                <styleUrl>#modifiedtelemetry</styleUrl>
                <TimeSpan>
                  <begin>2026-10-08T16:13:10.647331+00:00</begin>
                  <end>2026-10-08T16:13:11.647331+00:00</end>
                </TimeSpan>
                <Point>
                  <coordinates>8.52248220839987,47.372152270857306,0</coordinates>
                </Point>
              </Placemark>
              <Placemark>
                <name>Telemetry 20</name>
                <styleUrl>#modifiedtelemetry</styleUrl>
                <TimeSpan>
                  <begin>2026-10-08T16:13:11.647331+00:00</begin>
                  <end>2026-10-08T16:13:12.647331+00:00</end>
                </TimeSpan>
                <Point>
                  <coordinates>8.522432912613064,47.372187215901995,0</coordinates>
                </Point>
              </Placemark>
              <Placemark>
                <name>Telemetry 21</name>
                <styleUrl>#modifiedtelemetry</styleUrl>
                <TimeSpan>
                  <begin>2026-10-08T16:13:12.647331+00:00</begin>
                  <end>2026-10-08T16:13:13.647331+00:00</end>
                </TimeSpan>
                <Point>
                  <coordinates>8.522383616826263,47.37222216094668,0</coordinates>
                </Point>
              </Placemark>
              <Placemark>
                <name>Telemetry 22</name>
                <styleUrl>#modifiedtelemetry</styleUrl>
                <TimeSpan>
                  <begin>2026-10-08T16:13:13.647331+00:00</begin>
                  <end>2026-10-08T16:13:14.647331+00:00</end>
                </TimeSpan>
                <Point>
                  <coordinates>8.52233432103946,47.372257105991366,0</coordinates>
                </Point>
              </Placemark>
              <Placemark>
                <name>Telemetry 23</name>
                <styleUrl>#modifiedtelemetry</styleUrl>
                <TimeSpan>
                  <begin>2026-10-08T16:13:14.647331+00:00</begin>
                  <end>2026-10-08T16:13:15.647331+00:00</end>
                </TimeSpan>
                <Point>
                  <coordinates>8.52228502525266,47.37229205103605,0</coordinates>
                </Point>
              </Placemark>
              <Placemark>
                <name>Telemetry 24</name>
                <styleUrl>#modifiedtelemetry</styleUrl>
                <TimeSpan>
                  <begin>2026-10-08T16:13:15.647331+00:00</begin>
                  <end>2026-10-08T16:13:16.647331+00:00</end>
                </TimeSpan>
                <Point>
                  <coordinates>8.522235729465857,47.37232699608074,0</coordinates>
                </Point>
              </Placemark>
              <Placemark>
                <name>Telemetry 25</name>
                <styleUrl>#modifiedtelemetry</styleUrl>
                <TimeSpan>
                  <begin>2026-10-08T16:13:16.647331+00:00</begin>
                  <end>2026-10-08T16:13:17.647331+00:00</end>
                </TimeSpan>
                <Point>
                  <coordinates>8.522186433679055,47.37236194112542,0</coordinates>
                </Point>
              </Placemark>
              <Placemark>
                <name>Telemetry 26</name>
                <styleUrl>#modifiedtelemetry</styleUrl>
                <TimeSpan>
                  <begin>2026-10-08T16:13:17.647331+00:00</begin>
                  <end>2026-10-08T16:13:18.647331+00:00</end>
                </TimeSpan>
                <Point>
                  <coordinates>8.522137137892253,47.37239688617011,0</coordinates>
                </Point>
              </Placemark>
              <Placemark>
                <name>Telemetry 27</name>
                <styleUrl>#modifiedtelemetry</styleUrl>
                <TimeSpan>
                  <begin>2026-10-08T16:13:18.647331+00:00</begin>
                  <end>2026-10-08T16:13:19.647331+00:00</end>
                </TimeSpan>
                <Point>
                  <coordinates>8.522087838468211,47.37243182886079,0</coordinates>
                </Point>
              </Placemark>
              <Placemark>
                <name>Telemetry 28</name>
                <styleUrl>#modifiedtelemetry</styleUrl>
                <TimeSpan>
                  <begin>2026-10-08T16:13:19.647331+00:00</begin>
                  <end>2026-10-08T16:13:20.647331+00:00</end>
                </TimeSpan>
                <Point>
                  <coordinates>8.522032112466293,47.37247131013179,0</coordinates>
                </Point>
              </Placemark>
              <Placemark>
                <name>Telemetry 29</name>
                <styleUrl>#modifiedtelemetry</styleUrl>
                <TimeSpan>
                  <begin>2026-10-08T16:13:20.647331+00:00</begin>
                  <end>2026-10-08T16:13:21.647331+00:00</end>
                </TimeSpan>
                <Point>
                  <coordinates>8.521976386464376,47.37251079140279,0</coordinates>
                </Point>
              </Placemark>
              <Placemark>
                <name>Telemetry 30</name>
                <styleUrl>#modifiedtelemetry</styleUrl>
                <TimeSpan>
                  <begin>2026-10-08T16:13:21.647331+00:00</begin>
                  <end>2026-10-08T16:13:22.647331+00:00</end>
                </TimeSpan>
                <Point>
                  <coordinates>8.521920660462458,47.37255027267379,0</coordinates>
                </Point>
              </Placemark>
              <Placemark>
                <name>Telemetry 31</name>
                <styleUrl>#modifiedtelemetry</styleUrl>
                <TimeSpan>
                  <begin>2026-10-08T16:13:22.647331+00:00</begin>
                  <end>2026-10-08T16:13:23.647331+00:00</end>
                </TimeSpan>
                <Point>
                  <coordinates>8.521864934460542,47.37258975394479,0</coordinates>
                </Point>
              </Placemark>
              <Placemark>
                <name>Telemetry 32</name>
                <styleUrl>#modifiedtelemetry</styleUrl>
                <TimeSpan>
                  <begin>2026-10-08T16:13:23.647331+00:00</begin>
                  <end>2026-10-08T16:13:24.647331+00:00</end>
                </TimeSpan>
                <Point>
                  <coordinates>8.521809208458624,47.37262923521579,0</coordinates>
                </Point>
              </Placemark>
              <Placemark>
                <name>Telemetry 33</name>
                <styleUrl>#modifiedtelemetry</styleUrl>
                <TimeSpan>
                  <begin>2026-10-08T16:13:24.647331+00:00</begin>
                  <end>2026-10-08T16:13:25.647331+00:00</end>
                </TimeSpan>
                <Point>
                  <coordinates>8.521753482456708,47.372668716486785,0</coordinates>
                </Point>
              </Placemark>
              <Placemark>
                <name>Telemetry 34</name>
                <styleUrl>#modifiedtelemetry</styleUrl>
                <TimeSpan>
                  <begin>2026-10-08T16:13:25.647331+00:00</begin>
                  <end>2026-10-08T16:13:26.647331+00:00</end>
                </TimeSpan>
                <Point>
                  <coordinates>8.521697756454788,47.37270819775779,0</coordinates>
                </Point>
              </Placemark>
              <Placemark>
                <name>Telemetry 35</name>
                <styleUrl>#modifiedtelemetry</styleUrl>
                <TimeSpan>
                  <begin>2026-10-08T16:13:26.647331+00:00</begin>
                  <end>2026-10-08T16:13:27.647331+00:00</end>
                </TimeSpan>
                <Point>
                  <coordinates>8.52164203045287,47.372747679028784,0</coordinates>
                </Point>
              </Placemark>
              <Placemark>
                <name>Telemetry 36</name>
                <styleUrl>#modifiedtelemetry</styleUrl>
                <TimeSpan>
                  <begin>2026-10-08T16:13:27.647331+00:00</begin>
                  <end>2026-10-08T16:13:28.647331+00:00</end>
                </TimeSpan>
                <Point>
                  <coordinates>8.521586304450953,47.37278716029979,0</coordinates>
                </Point>
              </Placemark>
              <Placemark>
                <name>Telemetry 37</name>
                <styleUrl>#modifiedtelemetry</styleUrl>
                <TimeSpan>
                  <begin>2026-10-08T16:13:28.647331+00:00</begin>
                  <end>2026-10-08T16:13:29.647331+00:00</end>
                </TimeSpan>
                <Point>
                  <coordinates>8.521530578449035,47.37282664157078,0</coordinates>
                </Point>
              </Placemark>
              <Placemark>
                <name>Telemetry 38</name>
                <styleUrl>#modifiedtelemetry</styleUrl>
                <TimeSpan>
                  <begin>2026-10-08T16:13:29.647331+00:00</begin>
                  <end>2026-10-08T16:13:30.647331+00:00</end>
                </TimeSpan>
                <Point>
                  <coordinates>8.521474852447117,47.372866122841785,0</coordinates>
                </Point>
              </Placemark>
              <Placemark>
                <name>Telemetry 39</name>
                <styleUrl>#modifiedtelemetry</styleUrl>
                <TimeSpan>
                  <begin>2026-10-08T16:13:30.647331+00:00</begin>
                  <end>2026-10-08T16:13:31.647331+00:00</end>
                </TimeSpan>
                <Point>
                  <coordinates>8.5214191264452,47.37290560411278,0</coordinates>
                </Point>
              </Placemark>
              <Placemark>
                <name>Telemetry 40</name>
                <styleUrl>#modifiedtelemetry</styleUrl>
                <TimeSpan>
                  <begin>2026-10-08T16:13:31.647331+00:00</begin>
                  <end>2026-10-08T16:13:32.647331+00:00</end>
                </TimeSpan>
                <Point>
                  <coordinates>8.521363400443283,47.37294508538378,0</coordinates>
                </Point>
              </Placemark>
              <Placemark>
                <name>Telemetry 41</name>
                <styleUrl>#modifiedtelemetry</styleUrl>
                <TimeSpan>
                  <begin>2026-10-08T16:13:32.647331+00:00</begin>
                  <end>2026-10-08T16:13:33.647331+00:00</end>
                </TimeSpan>
                <Point>
                  <coordinates>8.521307674441365,47.37298456665478,0</coordinates>
                </Point>
              </Placemark>
              <Placemark>
                <name>Telemetry 42</name>
                <styleUrl>#modifiedtelemetry</styleUrl>
                <TimeSpan>
                  <begin>2026-10-08T16:13:33.647331+00:00</begin>
                  <end>2026-10-08T16:13:34.647331+00:00</end>
                </TimeSpan>
                <Point>
                  <coordinates>8.521251948439447,47.37302404792578,0</coordinates>
                </Point>
              </Placemark>
              <Placemark>
                <name>Telemetry 43</name>
                <styleUrl>#modifiedtelemetry</styleUrl>
                <TimeSpan>
                  <begin>2026-10-08T16:13:34.647331+00:00</begin>
                  <end>2026-10-08T16:13:35.647331+00:00</end>
                </TimeSpan>
                <Point>
                  <coordinates>8.52119622243753,47.37306352919678,0</coordinates>
                </Point>
              </Placemark>
              <Placemark>
                <name>Telemetry 44</name>
                <styleUrl>#modifiedtelemetry</styleUrl>
                <TimeSpan>
                  <begin>2026-10-08T16:13:35.647331+00:00</begin>
                  <end>2026-10-08T16:13:36.647331+00:00</end>
                </TimeSpan>
                <Point>
                  <coordinates>8.521140496435612,47.37310301046778,0</coordinates>
                </Point>
              </Placemark>
              <Placemark>
                <name>Telemetry 45</name>
                <styleUrl>#modifiedtelemetry</styleUrl>
                <TimeSpan>
                  <begin>2026-10-08T16:13:36.647331+00:00</begin>
                  <end>2026-10-08T16:13:37.647331+00:00</end>
                </TimeSpan>
                <Point>
                  <coordinates>8.521084770433694,47.373142491738776,0</coordinates>
                </Point>
              </Placemark>
              <Placemark>
                <name>Telemetry 46</name>
                <styleUrl>#modifiedtelemetry</styleUrl>
                <TimeSpan>
                  <begin>2026-10-08T16:13:37.647331+00:00</begin>
                  <end>2026-10-08T16:13:38.647331+00:00</end>
                </TimeSpan>
                <Point>
                  <coordinates>8.521029997240193,47.37318257084312,0</coordinates>
                </Point>
              </Placemark>
              <Placemark>
                <name>Telemetry 47</name>
                <styleUrl>#modifiedtelemetry</styleUrl>
                <TimeSpan>
                  <begin>2026-10-08T16:13:38.647331+00:00</begin>
                  <end>2026-10-08T16:13:39.647331+00:00</end>
                </TimeSpan>
                <Point>
                  <coordinates>8.520963533997929,47.37323270220549,0</coordinates>
                </Point>
              </Placemark>
              <Placemark>
                <name>Telemetry 48</name>
                <styleUrl>#modifiedtelemetry</styleUrl>
                <TimeSpan>
                  <begin>2026-10-08T16:13:39.647331+00:00</begin>
                  <end>2026-10-08T16:13:40.647331+00:00</end>
                </TimeSpan>
                <Point>
                  <coordinates>8.520897070755662,47.37328283356786,0</coordinates>
                </Point>
              </Placemark>
              <Placemark>
                <name>Telemetry 49</name>
                <styleUrl>#modifiedtelemetry</styleUrl>
                <TimeSpan>
                  <begin>2026-10-08T16:13:40.647331+00:00</begin>
                  <end>2026-10-08T16:13:41.647331+00:00</end>
                </TimeSpan>
                <Point>
                  <coordinates>8.520830607513398,47.37333296493023,0</coordinates>
                </Point>
              </Placemark>
              <Placemark>
                <name>Telemetry 50</name>
                <styleUrl>#modifiedtelemetry</styleUrl>
                <TimeSpan>
                  <begin>2026-10-08T16:13:41.647331+00:00</begin>
                  <end>2026-10-08T16:13:42.647331+00:00</end>
                </TimeSpan>
                <Point>
                  <coordinates>8.520764144271133,47.3733830962926,0</coordinates>
                </Point>
              </Placemark>
              <Placemark>
                <name>Telemetry 51</name>
                <styleUrl>#modifiedtelemetry</styleUrl>
                <TimeSpan>
                  <begin>2026-10-08T16:13:42.647331+00:00</begin>
                  <end>2026-10-08T16:13:43.647331+00:00</end>
                </TimeSpan>
                <Point>
                  <coordinates>8.520697681028867,47.37343322765497,0</coordinates>
                </Point>
              </Placemark>
              <Placemark>
                <name>Telemetry 52</name>
                <styleUrl>#modifiedtelemetry</styleUrl>
                <TimeSpan>
                  <begin>2026-10-08T16:13:43.647331+00:00</begin>
                  <end>2026-10-08T16:13:44.647331+00:00</end>
                </TimeSpan>
                <Point>
                  <coordinates>8.520631217786603,47.373483359017335,0</coordinates>
                </Point>
              </Placemark>
              <Placemark>
                <name>Telemetry 53</name>
                <styleUrl>#modifiedtelemetry</styleUrl>
                <TimeSpan>
                  <begin>2026-10-08T16:13:44.647331+00:00</begin>
                  <end>2026-10-08T16:13:45.647331+00:00</end>
                </TimeSpan>
                <Point>
                  <coordinates>8.520564754544338,47.37353349037971,0</coordinates>
                </Point>
              </Placemark>
              <Placemark>
                <name>Telemetry 54</name>
                <styleUrl>#modifiedtelemetry</styleUrl>
                <TimeSpan>
                  <begin>2026-10-08T16:13:45.647331+00:00</begin>
                  <end>2026-10-08T16:13:46.647331+00:00</end>
                </TimeSpan>
                <Point>
                  <coordinates>8.520498291302074,47.37358362174207,0</coordinates>
                </Point>
              </Placemark>
              <Placemark>
                <name>Telemetry 55</name>
                <styleUrl>#modifiedtelemetry</styleUrl>
                <TimeSpan>
                  <begin>2026-10-08T16:13:46.647331+00:00</begin>
                  <end>2026-10-08T16:13:47.647331+00:00</end>
                </TimeSpan>
                <Point>
                  <coordinates>8.520431828059808,47.37363375310444,0</coordinates>
                </Point>
              </Placemark>
              <Placemark>
                <name>Telemetry 56</name>
                <styleUrl>#modifiedtelemetry</styleUrl>
                <TimeSpan>
                  <begin>2026-10-08T16:13:47.647331+00:00</begin>
                  <end>2026-10-08T16:13:48.647331+00:00</end>
                </TimeSpan>
                <Point>
                  <coordinates>8.520365364817543,47.373683884466814,0</coordinates>
                </Point>
              </Placemark>
              <Placemark>
                <name>Telemetry 57</name>
                <styleUrl>#modifiedtelemetry</styleUrl>
                <TimeSpan>
                  <begin>2026-10-08T16:13:48.647331+00:00</begin>
                  <end>2026-10-08T16:13:49.647331+00:00</end>
                </TimeSpan>
                <Point>
                  <coordinates>8.520303903282091,47.37373680594896,0</coordinates>
                </Point>
              </Placemark>
              <Placemark>
                <name>Telemetry 58</name>
                <styleUrl>#modifiedtelemetry</styleUrl>
                <TimeSpan>
                  <begin>2026-10-08T16:13:49.647331+00:00</begin>
                  <end>2026-10-08T16:13:50.647331+00:00</end>
                </TimeSpan>
                <Point>
                  <coordinates>8.520235595452737,47.373798117289056,0</coordinates>
                </Point>
              </Placemark>
              <Placemark>
                <name>Telemetry 59</name>
                <styleUrl>#modifiedtelemetry</styleUrl>
                <TimeSpan>
                  <begin>2026-10-08T16:13:50.647331+00:00</begin>
                  <end>2026-10-08T16:13:51.647331+00:00</end>
                </TimeSpan>
                <Point>
                  <coordinates>8.520167287623382,47.373859428629146,0</coordinates>
                </Point>
              </Placemark>
              <Placemark>
                <name>Telemetry 60</name>
                <styleUrl>#modifiedtelemetry</styleUrl>
                <TimeSpan>
                  <begin>2026-10-08T16:13:51.647331+00:00</begin>
                  <end>2026-10-08T16:13:52.647331+00:00</end>
                </TimeSpan>
                <Point>
                  <coordinates>8.520098979794028,47.37392073996924,0</coordinates>
                </Point>
              </Placemark>
              <Placemark>
                <name>Telemetry 61</name>
                <styleUrl>#modifiedtelemetry</styleUrl>
                <TimeSpan>
                  <begin>2026-10-08T16:13:52.647331+00:00</begin>
                  <end>2026-10-08T16:13:53.647331+00:00</end>
                </TimeSpan>
                <Point>
                  <coordinates>8.520030671964673,47.37398205130934,0</coordinates>
                </Point>
              </Placemark>
              <Placemark>
                <name>Telemetry 62</name>
                <styleUrl>#modifiedtelemetry</styleUrl>
                <TimeSpan>
                  <begin>2026-10-08T16:13:53.647331+00:00</begin>
                  <end>2026-10-08T16:13:54.647331+00:00</end>
                </TimeSpan>
                <Point>
                  <coordinates>8.519962364135319,47.37404336264943,0</coordinates>
                </Point>
              </Placemark>
              <Placemark>
                <name>Telemetry 63</name>
                <styleUrl>#modifiedtelemetry</styleUrl>
                <TimeSpan>
                  <begin>2026-10-08T16:13:54.647331+00:00</begin>
                  <end>2026-10-08T16:13:55.647331+00:00</end>
                </TimeSpan>
                <Point>
                  <coordinates>8.519895098918301,47.374105167193115,0</coordinates>
                </Point>
              </Placemark>
            </Folder>
          </Folder>
        </Folder>
        <Folder>
          <name>Service Provider polling</name>
        </Folder>
        <Folder>
          <name>Service Provider polling</name>
        </Folder>
        <Folder>
          <name>Service Provider polling</name>
        </Folder>
        <Folder>
          <name>Service Provider polling</name>
        </Folder>
        <Folder>
          <name>Service Provider polling</name>
        </Folder>
        <Folder>
          <name>Verify operator notification</name>
        </Folder>
        <Folder>
          <name>Intermediate cleanup</name>
        </Folder>
        <Folder>
          <name>Retrieve pre-existing operator notification</name>
        </Folder>
        <Folder>
          <name>Injection</name>
          <Folder>
            <name>E24: uss1 interuss.automated_testing.rid.v1.injection.createTest</name>
            <Folder>
              <name>Test flight 31c0b59e-62bf-4ce4-bf19-ac40a70fd4f8</name>
              <Placemark>
                <name>Telemetry 0</name>
                <styleUrl>#modifiedtelemetry</styleUrl>
                <TimeSpan>
                  <begin>2026-10-08T16:13:02.163499+00:00</begin>
                  <end>2026-10-08T16:13:03.163499+00:00</end>
                </TimeSpan>
                <Point>
                  <coordinates>8.523321827032547,47.3715045208158,0</coordinates>
                </Point>
              </Placemark>
              <Placemark>
                <name>Telemetry 1</name>
                <styleUrl>#modifiedtelemetry</styleUrl>
                <TimeSpan>
                  <begin>2026-10-08T16:13:03.163499+00:00</begin>
                  <end>2026-10-08T16:13:04.163499+00:00</end>
                </TimeSpan>
                <Point>
                  <coordinates>8.523282890548819,47.371540881223694,0</coordinates>
                </Point>
              </Placemark>
              <Placemark>
                <name>Telemetry 2</name>
                <styleUrl>#modifiedtelemetry</styleUrl>
                <TimeSpan>
                  <begin>2026-10-08T16:13:04.163499+00:00</begin>
                  <end>2026-10-08T16:13:05.163499+00:00</end>
                </TimeSpan>
                <Point>
                  <coordinates>8.52324395406509,47.37157724163159,0</coordinates>
                </Point>
              </Placemark>
              <Placemark>
                <name>Telemetry 3</name>
                <styleUrl>#modifiedtelemetry</styleUrl>
                <TimeSpan>
                  <begin>2026-10-08T16:13:05.163499+00:00</begin>
                  <end>2026-10-08T16:13:06.163499+00:00</end>
                </TimeSpan>
                <Point>
                  <coordinates>8.523205017581365,47.37161360203949,0</coordinates>
                </Point>
              </Placemark>
              <Placemark>
                <name>Telemetry 4</name>
                <styleUrl>#modifiedtelemetry</styleUrl>
                <TimeSpan>
                  <begin>2026-10-08T16:13:06.163499+00:00</begin>
                  <end>2026-10-08T16:13:07.163499+00:00</end>
                </TimeSpan>
                <Point>
                  <coordinates>8.523166081097637,47.371649962447385,0</coordinates>
                </Point>
              </Placemark>
              <Placemark>
                <name>Telemetry 5</name>
                <styleUrl>#modifiedtelemetry</styleUrl>
                <TimeSpan>
                  <begin>2026-10-08T16:13:07.163499+00:00</begin>
                  <end>2026-10-08T16:13:08.163499+00:00</end>
                </TimeSpan>
                <Point>
                  <coordinates>8.523118769605144,47.37168134446735,0</coordinates>
                </Point>
              </Placemark>
              <Placemark>
                <name>Telemetry 6</name>
                <styleUrl>#modifiedtelemetry</styleUrl>
                <TimeSpan>
                  <begin>2026-10-08T16:13:08.163499+00:00</begin>
                  <end>2026-10-08T16:13:09.163499+00:00</end>
                </TimeSpan>
                <Point>
                  <coordinates>8.523070583658326,47.37171220668214,0</coordinates>
                </Point>
              </Placemark>
              <Placemark>
                <name>Telemetry 7</name>
                <styleUrl>#modifiedtelemetry</styleUrl>
                <TimeSpan>
                  <begin>2026-10-08T16:13:09.163499+00:00</begin>
                  <end>2026-10-08T16:13:10.163499+00:00</end>
                </TimeSpan>
                <Point>
                  <coordinates>8.523022397711506,47.371743068896926,0</coordinates>
                </Point>
              </Placemark>
              <Placemark>
                <name>Telemetry 8</name>
                <styleUrl>#modifiedtelemetry</styleUrl>
                <TimeSpan>
                  <begin>2026-10-08T16:13:10.163499+00:00</begin>
                  <end>2026-10-08T16:13:11.163499+00:00</end>
                </TimeSpan>
                <Point>
                  <coordinates>8.5229757392881,47.371774910132885,0</coordinates>
                </Point>
              </Placemark>
              <Placemark>
                <name>Telemetry 9</name>
                <styleUrl>#modifiedtelemetry</styleUrl>
                <TimeSpan>
                  <begin>2026-10-08T16:13:11.163499+00:00</begin>
                  <end>2026-10-08T16:13:12.163499+00:00</end>
                </TimeSpan>
                <Point>
                  <coordinates>8.522932891599606,47.371809193747204,0</coordinates>
                </Point>
              </Placemark>
              <Placemark>
                <name>Telemetry 10</name>
                <styleUrl>#modifiedtelemetry</styleUrl>
                <TimeSpan>
                  <begin>2026-10-08T16:13:12.163499+00:00</begin>
                  <end>2026-10-08T16:13:13.163499+00:00</end>
                </TimeSpan>
                <Point>
                  <coordinates>8.522890043911113,47.37184347736152,0</coordinates>
                </Point>
              </Placemark>
              <Placemark>
                <name>Telemetry 11</name>
                <styleUrl>#modifiedtelemetry</styleUrl>
                <TimeSpan>
                  <begin>2026-10-08T16:13:13.163499+00:00</begin>
                  <end>2026-10-08T16:13:14.163499+00:00</end>
                </TimeSpan>
                <Point>
                  <coordinates>8.52284719622262,47.37187776097584,0</coordinates>
                </Point>
              </Placemark>
              <Placemark>
                <name>Telemetry 12</name>
                <styleUrl>#modifiedtelemetry</styleUrl>
                <TimeSpan>
                  <begin>2026-10-08T16:13:14.163499+00:00</begin>
                  <end>2026-10-08T16:13:15.163499+00:00</end>
                </TimeSpan>
                <Point>
                  <coordinates>8.522804348534127,47.37191204459016,0</coordinates>
                </Point>
              </Placemark>
              <Placemark>
                <name>Telemetry 13</name>
                <styleUrl>#modifiedtelemetry</styleUrl>
                <TimeSpan>
                  <begin>2026-10-08T16:13:15.163499+00:00</begin>
                  <end>2026-10-08T16:13:16.163499+00:00</end>
                </TimeSpan>
                <Point>
                  <coordinates>8.522761500845634,47.37194632820448,0</coordinates>
                </Point>
              </Placemark>
              <Placemark>
                <name>Telemetry 14</name>
                <styleUrl>#modifiedtelemetry</styleUrl>
                <TimeSpan>
                  <begin>2026-10-08T16:13:16.163499+00:00</begin>
                  <end>2026-10-08T16:13:17.163499+00:00</end>
                </TimeSpan>
                <Point>
                  <coordinates>8.522718653157142,47.371980611818806,0</coordinates>
                </Point>
              </Placemark>
              <Placemark>
                <name>Telemetry 15</name>
                <styleUrl>#modifiedtelemetry</styleUrl>
                <TimeSpan>
                  <begin>2026-10-08T16:13:17.163499+00:00</begin>
                  <end>2026-10-08T16:13:18.163499+00:00</end>
                </TimeSpan>
                <Point>
                  <coordinates>8.522675805468648,47.372014895433125,0</coordinates>
                </Point>
              </Placemark>
              <Placemark>
                <name>Telemetry 16</name>
                <styleUrl>#modifiedtelemetry</styleUrl>
                <TimeSpan>
                  <begin>2026-10-08T16:13:18.163499+00:00</begin>
                  <end>2026-10-08T16:13:19.163499+00:00</end>
                </TimeSpan>
                <Point>
                  <coordinates>8.522630095760274,47.37204743572325,0</coordinates>
                </Point>
              </Placemark>
              <Placemark>
                <name>Telemetry 17</name>
                <styleUrl>#modifiedtelemetry</styleUrl>
                <TimeSpan>
                  <begin>2026-10-08T16:13:19.163499+00:00</begin>
                  <end>2026-10-08T16:13:20.163499+00:00</end>
                </TimeSpan>
                <Point>
                  <coordinates>8.522580799973472,47.372082380767935,0</coordinates>
                </Point>
              </Placemark>
              <Placemark>
                <name>Telemetry 18</name>
                <styleUrl>#modifiedtelemetry</styleUrl>
                <TimeSpan>
                  <begin>2026-10-08T16:13:20.163499+00:00</begin>
                  <end>2026-10-08T16:13:21.163499+00:00</end>
                </TimeSpan>
                <Point>
                  <coordinates>8.52253150418667,47.372117325812624,0</coordinates>
                </Point>
              </Placemark>
              <Placemark>
                <name>Telemetry 19</name>
                <styleUrl>#modifiedtelemetry</styleUrl>
                <TimeSpan>
                  <begin>2026-10-08T16:13:21.163499+00:00</begin>
                  <end>2026-10-08T16:13:22.163499+00:00</end>
                </TimeSpan>
                <Point>
                  <coordinates>8.52248220839987,47.372152270857306,0</coordinates>
                </Point>
              </Placemark>
              <Placemark>
                <name>Telemetry 20</name>
                <styleUrl>#modifiedtelemetry</styleUrl>
                <TimeSpan>
                  <begin>2026-10-08T16:13:22.163499+00:00</begin>
                  <end>2026-10-08T16:13:23.163499+00:00</end>
                </TimeSpan>
                <Point>
                  <coordinates>8.522432912613064,47.372187215901995,0</coordinates>
                </Point>
              </Placemark>
              <Placemark>
                <name>Telemetry 21</name>
                <styleUrl>#modifiedtelemetry</styleUrl>
                <TimeSpan>
                  <begin>2026-10-08T16:13:23.163499+00:00</begin>
                  <end>2026-10-08T16:13:24.163499+00:00</end>
                </TimeSpan>
                <Point>
                  <coordinates>8.522383616826263,47.37222216094668,0</coordinates>
                </Point>
              </Placemark>
              <Placemark>
                <name>Telemetry 22</name>
                <styleUrl>#modifiedtelemetry</styleUrl>
                <TimeSpan>
                  <begin>2026-10-08T16:13:24.163499+00:00</begin>
                  <end>2026-10-08T16:13:25.163499+00:00</end>
                </TimeSpan>
                <Point>
                  <coordinates>8.52233432103946,47.372257105991366,0</coordinates>
                </Point>
              </Placemark>
              <Placemark>
                <name>Telemetry 23</name>
                <styleUrl>#modifiedtelemetry</styleUrl>
                <TimeSpan>
                  <begin>2026-10-08T16:13:25.163499+00:00</begin>
                  <end>2026-10-08T16:13:26.163499+00:00</end>
                </TimeSpan>
                <Point>
                  <coordinates>8.52228502525266,47.37229205103605,0</coordinates>
                </Point>
              </Placemark>
              <Placemark>
                <name>Telemetry 24</name>
                <styleUrl>#modifiedtelemetry</styleUrl>
                <TimeSpan>
                  <begin>2026-10-08T16:13:26.163499+00:00</begin>
                  <end>2026-10-08T16:13:27.163499+00:00</end>
                </TimeSpan>
                <Point>
                  <coordinates>8.522235729465857,47.37232699608074,0</coordinates>
                </Point>
              </Placemark>
              <Placemark>
                <name>Telemetry 25</name>
                <styleUrl>#modifiedtelemetry</styleUrl>
                <TimeSpan>
                  <begin>2026-10-08T16:13:27.163499+00:00</begin>
                  <end>2026-10-08T16:13:28.163499+00:00</end>
                </TimeSpan>
                <Point>
                  <coordinates>8.522186433679055,47.37236194112542,0</coordinates>
                </Point>
              </Placemark>
              <Placemark>
                <name>Telemetry 26</name>
                <styleUrl>#modifiedtelemetry</styleUrl>
                <TimeSpan>
                  <begin>2026-10-08T16:13:28.163499+00:00</begin>
                  <end>2026-10-08T16:13:29.163499+00:00</end>
                </TimeSpan>
                <Point>
                  <coordinates>8.522137137892253,47.37239688617011,0</coordinates>
                </Point>
              </Placemark>
              <Placemark>
                <name>Telemetry 27</name>
                <styleUrl>#modifiedtelemetry</styleUrl>
                <TimeSpan>
                  <begin>2026-10-08T16:13:29.163499+00:00</begin>
                  <end>2026-10-08T16:13:30.163499+00:00</end>
                </TimeSpan>
                <Point>
                  <coordinates>8.522087838468211,47.37243182886079,0</coordinates>
                </Point>
              </Placemark>
              <Placemark>
                <name>Telemetry 28</name>
                <styleUrl>#modifiedtelemetry</styleUrl>
                <TimeSpan>
                  <begin>2026-10-08T16:13:30.163499+00:00</begin>
                  <end>2026-10-08T16:13:31.163499+00:00</end>
                </TimeSpan>
                <Point>
                  <coordinates>8.522032112466293,47.37247131013179,0</coordinates>
                </Point>
              </Placemark>
              <Placemark>
                <name>Telemetry 29</name>
                <styleUrl>#modifiedtelemetry</styleUrl>
                <TimeSpan>
                  <begin>2026-10-08T16:13:31.163499+00:00</begin>
                  <end>2026-10-08T16:13:32.163499+00:00</end>
                </TimeSpan>
                <Point>
                  <coordinates>8.521976386464376,47.37251079140279,0</coordinates>
                </Point>
              </Placemark>
              <Placemark>
                <name>Telemetry 30</name>
                <styleUrl>#modifiedtelemetry</styleUrl>
                <TimeSpan>
                  <begin>2026-10-08T16:13:32.163499+00:00</begin>
                  <end>2026-10-08T16:13:33.163499+00:00</end>
                </TimeSpan>
                <Point>
                  <coordinates>8.521920660462458,47.37255027267379,0</coordinates>
                </Point>
              </Placemark>
              <Placemark>
                <name>Telemetry 31</name>
                <styleUrl>#modifiedtelemetry</styleUrl>
                <TimeSpan>
                  <begin>2026-10-08T16:13:33.163499+00:00</begin>
                  <end>2026-10-08T16:13:34.163499+00:00</end>
                </TimeSpan>
                <Point>
                  <coordinates>8.521864934460542,47.37258975394479,0</coordinates>
                </Point>
              </Placemark>
              <Placemark>
                <name>Telemetry 32</name>
                <styleUrl>#modifiedtelemetry</styleUrl>
                <TimeSpan>
                  <begin>2026-10-08T16:13:34.163499+00:00</begin>
                  <end>2026-10-08T16:13:35.163499+00:00</end>
                </TimeSpan>
                <Point>
                  <coordinates>8.521809208458624,47.37262923521579,0</coordinates>
                </Point>
              </Placemark>
              <Placemark>
                <name>Telemetry 33</name>
                <styleUrl>#modifiedtelemetry</styleUrl>
                <TimeSpan>
                  <begin>2026-10-08T16:13:35.163499+00:00</begin>
                  <end>2026-10-08T16:13:36.163499+00:00</end>
                </TimeSpan>
                <Point>
                  <coordinates>8.521753482456708,47.372668716486785,0</coordinates>
                </Point>
              </Placemark>
              <Placemark>
                <name>Telemetry 34</name>
                <styleUrl>#modifiedtelemetry</styleUrl>
                <TimeSpan>
                  <begin>2026-10-08T16:13:36.163499+00:00</begin>
                  <end>2026-10-08T16:13:37.163499+00:00</end>
                </TimeSpan>
                <Point>
                  <coordinates>8.521697756454788,47.37270819775779,0</coordinates>
                </Point>
              </Placemark>
              <Placemark>
                <name>Telemetry 35</name>
                <styleUrl>#modifiedtelemetry</styleUrl>
                <TimeSpan>
                  <begin>2026-10-08T16:13:37.163499+00:00</begin>
                  <end>2026-10-08T16:13:38.163499+00:00</end>
                </TimeSpan>
                <Point>
                  <coordinates>8.52164203045287,47.372747679028784,0</coordinates>
                </Point>
              </Placemark>
              <Placemark>
                <name>Telemetry 36</name>
                <styleUrl>#modifiedtelemetry</styleUrl>
                <TimeSpan>
                  <begin>2026-10-08T16:13:38.163499+00:00</begin>
                  <end>2026-10-08T16:13:39.163499+00:00</end>
                </TimeSpan>
                <Point>
                  <coordinates>8.521586304450953,47.37278716029979,0</coordinates>
                </Point>
              </Placemark>
              <Placemark>
                <name>Telemetry 37</name>
                <styleUrl>#modifiedtelemetry</styleUrl>
                <TimeSpan>
                  <begin>2026-10-08T16:13:39.163499+00:00</begin>
                  <end>2026-10-08T16:13:40.163499+00:00</end>
                </TimeSpan>
                <Point>
                  <coordinates>8.521530578449035,47.37282664157078,0</coordinates>
                </Point>
              </Placemark>
              <Placemark>
                <name>Telemetry 38</name>
                <styleUrl>#modifiedtelemetry</styleUrl>
                <TimeSpan>
                  <begin>2026-10-08T16:13:40.163499+00:00</begin>
                  <end>2026-10-08T16:13:41.163499+00:00</end>
                </TimeSpan>
                <Point>
                  <coordinates>8.521474852447117,47.372866122841785,0</coordinates>
                </Point>
              </Placemark>
              <Placemark>
                <name>Telemetry 39</name>
                <styleUrl>#modifiedtelemetry</styleUrl>
                <TimeSpan>
                  <begin>2026-10-08T16:13:41.163499+00:00</begin>
                  <end>2026-10-08T16:13:42.163499+00:00</end>
                </TimeSpan>
                <Point>
                  <coordinates>8.5214191264452,47.37290560411278,0</coordinates>
                </Point>
              </Placemark>
              <Placemark>
                <name>Telemetry 40</name>
                <styleUrl>#modifiedtelemetry</styleUrl>
                <TimeSpan>
                  <begin>2026-10-08T16:13:42.163499+00:00</begin>
                  <end>2026-10-08T16:13:43.163499+00:00</end>
                </TimeSpan>
                <Point>
                  <coordinates>8.521363400443283,47.37294508538378,0</coordinates>
                </Point>
              </Placemark>
              <Placemark>
                <name>Telemetry 41</name>
                <styleUrl>#modifiedtelemetry</styleUrl>
                <TimeSpan>
                  <begin>2026-10-08T16:13:43.163499+00:00</begin>
                  <end>2026-10-08T16:13:44.163499+00:00</end>
                </TimeSpan>
                <Point>
                  <coordinates>8.521307674441365,47.37298456665478,0</coordinates>
                </Point>
              </Placemark>
              <Placemark>
                <name>Telemetry 42</name>
                <styleUrl>#modifiedtelemetry</styleUrl>
                <TimeSpan>
                  <begin>2026-10-08T16:13:44.163499+00:00</begin>
                  <end>2026-10-08T16:13:45.163499+00:00</end>
                </TimeSpan>
                <Point>
                  <coordinates>8.521251948439447,47.37302404792578,0</coordinates>
                </Point>
              </Placemark>
              <Placemark>
                <name>Telemetry 43</name>
                <styleUrl>#modifiedtelemetry</styleUrl>
                <TimeSpan>
                  <begin>2026-10-08T16:13:45.163499+00:00</begin>
                  <end>2026-10-08T16:13:46.163499+00:00</end>
                </TimeSpan>
                <Point>
                  <coordinates>8.52119622243753,47.37306352919678,0</coordinates>
                </Point>
              </Placemark>
              <Placemark>
                <name>Telemetry 44</name>
                <styleUrl>#modifiedtelemetry</styleUrl>
                <TimeSpan>
                  <begin>2026-10-08T16:13:46.163499+00:00</begin>
                  <end>2026-10-08T16:13:47.163499+00:00</end>
                </TimeSpan>
                <Point>
                  <coordinates>8.521140496435612,47.37310301046778,0</coordinates>
                </Point>
              </Placemark>
              <Placemark>
                <name>Telemetry 45</name>
                <styleUrl>#modifiedtelemetry</styleUrl>
                <TimeSpan>
                  <begin>2026-10-08T16:13:47.163499+00:00</begin>
                  <end>2026-10-08T16:13:48.163499+00:00</end>
                </TimeSpan>
                <Point>
                  <coordinates>8.521084770433694,47.373142491738776,0</coordinates>
                </Point>
              </Placemark>
              <Placemark>
                <name>Telemetry 46</name>
                <styleUrl>#modifiedtelemetry</styleUrl>
                <TimeSpan>
                  <begin>2026-10-08T16:13:48.163499+00:00</begin>
                  <end>2026-10-08T16:13:49.163499+00:00</end>
                </TimeSpan>
                <Point>
                  <coordinates>8.521029997240193,47.37318257084312,0</coordinates>
                </Point>
              </Placemark>
              <Placemark>
                <name>Telemetry 47</name>
                <styleUrl>#modifiedtelemetry</styleUrl>
                <TimeSpan>
                  <begin>2026-10-08T16:13:49.163499+00:00</begin>
                  <end>2026-10-08T16:13:50.163499+00:00</end>
                </TimeSpan>
                <Point>
                  <coordinates>8.520963533997929,47.37323270220549,0</coordinates>
                </Point>
              </Placemark>
              <Placemark>
                <name>Telemetry 48</name>
                <styleUrl>#modifiedtelemetry</styleUrl>
                <TimeSpan>
                  <begin>2026-10-08T16:13:50.163499+00:00</begin>
                  <end>2026-10-08T16:13:51.163499+00:00</end>
                </TimeSpan>
                <Point>
                  <coordinates>8.520897070755662,47.37328283356786,0</coordinates>
                </Point>
              </Placemark>
              <Placemark>
                <name>Telemetry 49</name>
                <styleUrl>#modifiedtelemetry</styleUrl>
                <TimeSpan>
                  <begin>2026-10-08T16:13:51.163499+00:00</begin>
                  <end>2026-10-08T16:13:52.163499+00:00</end>
                </TimeSpan>
                <Point>
                  <coordinates>8.520830607513398,47.37333296493023,0</coordinates>
                </Point>
              </Placemark>
              <Placemark>
                <name>Telemetry 50</name>
                <styleUrl>#modifiedtelemetry</styleUrl>
                <TimeSpan>
                  <begin>2026-10-08T16:13:52.163499+00:00</begin>
                  <end>2026-10-08T16:13:53.163499+00:00</end>
                </TimeSpan>
                <Point>
                  <coordinates>8.520764144271133,47.3733830962926,0</coordinates>
                </Point>
              </Placemark>
              <Placemark>
                <name>Telemetry 51</name>
                <styleUrl>#modifiedtelemetry</styleUrl>
                <TimeSpan>
                  <begin>2026-10-08T16:13:53.163499+00:00</begin>
                  <end>2026-10-08T16:13:54.163499+00:00</end>
                </TimeSpan>
                <Point>
                  <coordinates>8.520697681028867,47.37343322765497,0</coordinates>
                </Point>
              </Placemark>
              <Placemark>
                <name>Telemetry 52</name>
                <styleUrl>#modifiedtelemetry</styleUrl>
                <TimeSpan>
                  <begin>2026-10-08T16:13:54.163499+00:00</begin>
                  <end>2026-10-08T16:13:55.163499+00:00</end>
                </TimeSpan>
                <Point>
                  <coordinates>8.520631217786603,47.373483359017335,0</coordinates>
                </Point>
              </Placemark>
              <Placemark>
                <name>Telemetry 53</name>
                <styleUrl>#modifiedtelemetry</styleUrl>
                <TimeSpan>
                  <begin>2026-10-08T16:13:55.163499+00:00</begin>
                  <end>2026-10-08T16:13:56.163499+00:00</end>
                </TimeSpan>
                <Point>
                  <coordinates>8.520564754544338,47.37353349037971,0</coordinates>
                </Point>
              </Placemark>
              <Placemark>
                <name>Telemetry 54</name>
                <styleUrl>#modifiedtelemetry</styleUrl>
                <TimeSpan>
                  <begin>2026-10-08T16:13:56.163499+00:00</begin>
                  <end>2026-10-08T16:13:57.163499+00:00</end>
                </TimeSpan>
                <Point>
                  <coordinates>8.520498291302074,47.37358362174207,0</coordinates>
                </Point>
              </Placemark>
              <Placemark>
                <name>Telemetry 55</name>
                <styleUrl>#modifiedtelemetry</styleUrl>
                <TimeSpan>
                  <begin>2026-10-08T16:13:57.163499+00:00</begin>
                  <end>2026-10-08T16:13:58.163499+00:00</end>
                </TimeSpan>
                <Point>
                  <coordinates>8.520431828059808,47.37363375310444,0</coordinates>
                </Point>
              </Placemark>
              <Placemark>
                <name>Telemetry 56</name>
                <styleUrl>#modifiedtelemetry</styleUrl>
                <TimeSpan>
                  <begin>2026-10-08T16:13:58.163499+00:00</begin>
                  <end>2026-10-08T16:13:59.163499+00:00</end>
                </TimeSpan>
                <Point>
                  <coordinates>8.520365364817543,47.373683884466814,0</coordinates>
                </Point>
              </Placemark>
              <Placemark>
                <name>Telemetry 57</name>
                <styleUrl>#modifiedtelemetry</styleUrl>
                <TimeSpan>
                  <begin>2026-10-08T16:13:59.163499+00:00</begin>
                  <end>2026-10-08T16:14:00.163499+00:00</end>
                </TimeSpan>
                <Point>
                  <coordinates>8.520303903282091,47.37373680594896,0</coordinates>
                </Point>
              </Placemark>
              <Placemark>
                <name>Telemetry 58</name>
                <styleUrl>#modifiedtelemetry</styleUrl>
                <TimeSpan>
                  <begin>2026-10-08T16:14:00.163499+00:00</begin>
                  <end>2026-10-08T16:14:01.163499+00:00</end>
                </TimeSpan>
                <Point>
                  <coordinates>8.520235595452737,47.373798117289056,0</coordinates>
                </Point>
              </Placemark>
              <Placemark>
                <name>Telemetry 59</name>
                <styleUrl>#modifiedtelemetry</styleUrl>
                <TimeSpan>
                  <begin>2026-10-08T16:14:01.163499+00:00</begin>
                  <end>2026-10-08T16:14:02.163499+00:00</end>
                </TimeSpan>
                <Point>
                  <coordinates>8.520167287623382,47.373859428629146,0</coordinates>
                </Point>
              </Placemark>
              <Placemark>
                <name>Telemetry 60</name>
                <styleUrl>#modifiedtelemetry</styleUrl>
                <TimeSpan>
                  <begin>2026-10-08T16:14:02.163499+00:00</begin>
                  <end>2026-10-08T16:14:03.163499+00:00</end>
                </TimeSpan>
                <Point>
                  <coordinates>8.520098979794028,47.37392073996924,0</coordinates>
                </Point>
              </Placemark>
              <Placemark>
                <name>Telemetry 61</name>
                <styleUrl>#modifiedtelemetry</styleUrl>
                <TimeSpan>
                  <begin>2026-10-08T16:14:03.163499+00:00</begin>
                  <end>2026-10-08T16:14:04.163499+00:00</end>
                </TimeSpan>
                <Point>
                  <coordinates>8.520030671964673,47.37398205130934,0</coordinates>
                </Point>
              </Placemark>
              <Placemark>
                <name>Telemetry 62</name>
                <styleUrl>#modifiedtelemetry</styleUrl>
                <TimeSpan>
                  <begin>2026-10-08T16:14:04.163499+00:00</begin>
                  <end>2026-10-08T16:14:05.163499+00:00</end>
                </TimeSpan>
                <Point>
                  <coordinates>8.519962364135319,47.37404336264943,0</coordinates>
                </Point>
              </Placemark>
              <Placemark>
                <name>Telemetry 63</name>
                <styleUrl>#modifiedtelemetry</styleUrl>
                <TimeSpan>
                  <begin>2026-10-08T16:14:05.163499+00:00</begin>
                  <end>2026-10-08T16:14:06.163499+00:00</end>
                </TimeSpan>
                <Point>
                  <coordinates>8.519895098918301,47.374105167193115,0</coordinates>
                </Point>
              </Placemark>
            </Folder>
          </Folder>
        </Folder>
        <Folder>
          <name>Service Provider polling</name>
        </Folder>
        <Folder>
          <name>Service Provider polling</name>
        </Folder>
        <Folder>
          <name>Service Provider polling</name>
        </Folder>
        <Folder>
          <name>Service Provider polling</name>
        </Folder>
        <Folder>
          <name>Service Provider polling</name>
        </Folder>
        <Folder>
          <name>Verify operator notification</name>
        </Folder>
        <Folder>
          <name>Intermediate cleanup</name>
        </Folder>
        <Folder>
          <name>Retrieve pre-existing operator notification</name>
        </Folder>
        <Folder>
          <name>Injection</name>
          <Folder>
            <name>E44: uss1 interuss.automated_testing.rid.v1.injection.createTest</name>
            <Folder>
              <name>Test flight 7fe934c1-f10e-4502-a4db-f3adfb72cf0e</name>
              <Placemark>
                <name>Telemetry 0</name>
                <styleUrl>#modifiedtelemetry</styleUrl>
                <TimeSpan>
                  <begin>2026-10-08T16:13:12.643034+00:00</begin>
                  <end>2026-10-08T16:13:13.643034+00:00</end>
                </TimeSpan>
                <Point>
                  <coordinates>8.523321827032547,47.3715045208158,0</coordinates>
                </Point>
              </Placemark>
              <Placemark>
                <name>Telemetry 1</name>
                <styleUrl>#modifiedtelemetry</styleUrl>
                <TimeSpan>
                  <begin>2026-10-08T16:13:13.643034+00:00</begin>
                  <end>2026-10-08T16:13:14.643034+00:00</end>
                </TimeSpan>
                <Point>
                  <coordinates>8.523282890548819,47.371540881223694,0</coordinates>
                </Point>
              </Placemark>
              <Placemark>
                <name>Telemetry 2</name>
                <styleUrl>#modifiedtelemetry</styleUrl>
                <TimeSpan>
                  <begin>2026-10-08T16:13:14.643034+00:00</begin>
                  <end>2026-10-08T16:13:15.643034+00:00</end>
                </TimeSpan>
                <Point>
                  <coordinates>8.52324395406509,47.37157724163159,0</coordinates>
                </Point>
              </Placemark>
              <Placemark>
                <name>Telemetry 3</name>
                <styleUrl>#modifiedtelemetry</styleUrl>
                <TimeSpan>
                  <begin>2026-10-08T16:13:15.643034+00:00</begin>
                  <end>2026-10-08T16:13:16.643034+00:00</end>
                </TimeSpan>
                <Point>
                  <coordinates>8.523205017581365,47.37161360203949,0</coordinates>
                </Point>
              </Placemark>
              <Placemark>
                <name>Telemetry 4</name>
                <styleUrl>#modifiedtelemetry</styleUrl>
                <TimeSpan>
                  <begin>2026-10-08T16:13:16.643034+00:00</begin>
                  <end>2026-10-08T16:13:17.643034+00:00</end>
                </TimeSpan>
                <Point>
                  <coordinates>8.523166081097637,47.371649962447385,0</coordinates>
                </Point>
              </Placemark>
              <Placemark>
                <name>Telemetry 5</name>
                <styleUrl>#modifiedtelemetry</styleUrl>
                <TimeSpan>
                  <begin>2026-10-08T16:13:17.643034+00:00</begin>
                  <end>2026-10-08T16:13:18.643034+00:00</end>
                </TimeSpan>
                <Point>
                  <coordinates>8.523118769605144,47.37168134446735,0</coordinates>
                </Point>
              </Placemark>
              <Placemark>
                <name>Telemetry 6</name>
                <styleUrl>#modifiedtelemetry</styleUrl>
                <TimeSpan>
                  <begin>2026-10-08T16:13:18.643034+00:00</begin>
                  <end>2026-10-08T16:13:19.643034+00:00</end>
                </TimeSpan>
                <Point>
                  <coordinates>8.523070583658326,47.37171220668214,0</coordinates>
                </Point>
              </Placemark>
              <Placemark>
                <name>Telemetry 7</name>
                <styleUrl>#modifiedtelemetry</styleUrl>
                <TimeSpan>
                  <begin>2026-10-08T16:13:19.643034+00:00</begin>
                  <end>2026-10-08T16:13:20.643034+00:00</end>
                </TimeSpan>
                <Point>
                  <coordinates>8.523022397711506,47.371743068896926,0</coordinates>
                </Point>
              </Placemark>
              <Placemark>
                <name>Telemetry 8</name>
                <styleUrl>#modifiedtelemetry</styleUrl>
                <TimeSpan>
                  <begin>2026-10-08T16:13:20.643034+00:00</begin>
                  <end>2026-10-08T16:13:21.643034+00:00</end>
                </TimeSpan>
                <Point>
                  <coordinates>8.5229757392881,47.371774910132885,0</coordinates>
                </Point>
              </Placemark>
              <Placemark>
                <name>Telemetry 9</name>
                <styleUrl>#modifiedtelemetry</styleUrl>
                <TimeSpan>
                  <begin>2026-10-08T16:13:21.643034+00:00</begin>
                  <end>2026-10-08T16:13:22.643034+00:00</end>
                </TimeSpan>
                <Point>
                  <coordinates>8.522932891599606,47.371809193747204,0</coordinates>
                </Point>
              </Placemark>
              <Placemark>
                <name>Telemetry 10</name>
                <styleUrl>#modifiedtelemetry</styleUrl>
                <TimeSpan>
                  <begin>2026-10-08T16:13:22.643034+00:00</begin>
                  <end>2026-10-08T16:13:23.643034+00:00</end>
                </TimeSpan>
                <Point>
                  <coordinates>8.522890043911113,47.37184347736152,0</coordinates>
                </Point>
              </Placemark>
              <Placemark>
                <name>Telemetry 11</name>
                <styleUrl>#modifiedtelemetry</styleUrl>
                <TimeSpan>
                  <begin>2026-10-08T16:13:23.643034+00:00</begin>
                  <end>2026-10-08T16:13:24.643034+00:00</end>
                </TimeSpan>
                <Point>
                  <coordinates>8.52284719622262,47.37187776097584,0</coordinates>
                </Point>
              </Placemark>
              <Placemark>
                <name>Telemetry 12</name>
                <styleUrl>#modifiedtelemetry</styleUrl>
                <TimeSpan>
                  <begin>2026-10-08T16:13:24.643034+00:00</begin>
                  <end>2026-10-08T16:13:25.643034+00:00</end>
                </TimeSpan>
                <Point>
                  <coordinates>8.522804348534127,47.37191204459016,0</coordinates>
                </Point>
              </Placemark>
              <Placemark>
                <name>Telemetry 13</name>
                <styleUrl>#modifiedtelemetry</styleUrl>
                <TimeSpan>
                  <begin>2026-10-08T16:13:25.643034+00:00</begin>
                  <end>2026-10-08T16:13:26.643034+00:00</end>
                </TimeSpan>
                <Point>
                  <coordinates>8.522761500845634,47.37194632820448,0</coordinates>
                </Point>
              </Placemark>
              <Placemark>
                <name>Telemetry 14</name>
                <styleUrl>#modifiedtelemetry</styleUrl>
                <TimeSpan>
                  <begin>2026-10-08T16:13:26.643034+00:00</begin>
                  <end>2026-10-08T16:13:27.643034+00:00</end>
                </TimeSpan>
                <Point>
                  <coordinates>8.522718653157142,47.371980611818806,0</coordinates>
                </Point>
              </Placemark>
              <Placemark>
                <name>Telemetry 15</name>
                <styleUrl>#modifiedtelemetry</styleUrl>
                <TimeSpan>
                  <begin>2026-10-08T16:13:27.643034+00:00</begin>
                  <end>2026-10-08T16:13:28.643034+00:00</end>
                </TimeSpan>
                <Point>
                  <coordinates>8.522675805468648,47.372014895433125,0</coordinates>
                </Point>
              </Placemark>
              <Placemark>
                <name>Telemetry 16</name>
                <styleUrl>#modifiedtelemetry</styleUrl>
                <TimeSpan>
                  <begin>2026-10-08T16:13:28.643034+00:00</begin>
                  <end>2026-10-08T16:13:29.643034+00:00</end>
                </TimeSpan>
                <Point>
                  <coordinates>8.522630095760274,47.37204743572325,0</coordinates>
                </Point>
              </Placemark>
              <Placemark>
                <name>Telemetry 17</name>
                <styleUrl>#modifiedtelemetry</styleUrl>
                <TimeSpan>
                  <begin>2026-10-08T16:13:29.643034+00:00</begin>
                  <end>2026-10-08T16:13:30.643034+00:00</end>
                </TimeSpan>
                <Point>
                  <coordinates>8.522580799973472,47.372082380767935,0</coordinates>
                </Point>
              </Placemark>
              <Placemark>
                <name>Telemetry 18</name>
                <styleUrl>#modifiedtelemetry</styleUrl>
                <TimeSpan>
                  <begin>2026-10-08T16:13:30.643034+00:00</begin>
                  <end>2026-10-08T16:13:31.643034+00:00</end>
                </TimeSpan>
                <Point>
                  <coordinates>8.52253150418667,47.372117325812624,0</coordinates>
                </Point>
              </Placemark>
              <Placemark>
                <name>Telemetry 19</name>
                <styleUrl>#modifiedtelemetry</styleUrl>
                <TimeSpan>
                  <begin>2026-10-08T16:13:31.643034+00:00</begin>
                  <end>2026-10-08T16:13:32.643034+00:00</end>
                </TimeSpan>
                <Point>
                  <coordinates>8.52248220839987,47.372152270857306,0</coordinates>
                </Point>
              </Placemark>
              <Placemark>
                <name>Telemetry 20</name>
                <styleUrl>#modifiedtelemetry</styleUrl>
                <TimeSpan>
                  <begin>2026-10-08T16:13:32.643034+00:00</begin>
                  <end>2026-10-08T16:13:33.643034+00:00</end>
                </TimeSpan>
                <Point>
                  <coordinates>8.522432912613064,47.372187215901995,0</coordinates>
                </Point>
              </Placemark>
              <Placemark>
                <name>Telemetry 21</name>
                <styleUrl>#modifiedtelemetry</styleUrl>
                <TimeSpan>
                  <begin>2026-10-08T16:13:33.643034+00:00</begin>
                  <end>2026-10-08T16:13:34.643034+00:00</end>
                </TimeSpan>
                <Point>
                  <coordinates>8.522383616826263,47.37222216094668,0</coordinates>
                </Point>
              </Placemark>
              <Placemark>
                <name>Telemetry 22</name>
                <styleUrl>#modifiedtelemetry</styleUrl>
                <TimeSpan>
                  <begin>2026-10-08T16:13:34.643034+00:00</begin>
                  <end>2026-10-08T16:13:35.643034+00:00</end>
                </TimeSpan>
                <Point>
                  <coordinates>8.52233432103946,47.372257105991366,0</coordinates>
                </Point>
              </Placemark>
              <Placemark>
                <name>Telemetry 23</name>
                <styleUrl>#modifiedtelemetry</styleUrl>
                <TimeSpan>
                  <begin>2026-10-08T16:13:35.643034+00:00</begin>
                  <end>2026-10-08T16:13:36.643034+00:00</end>
                </TimeSpan>
                <Point>
                  <coordinates>8.52228502525266,47.37229205103605,0</coordinates>
                </Point>
              </Placemark>
              <Placemark>
                <name>Telemetry 24</name>
                <styleUrl>#modifiedtelemetry</styleUrl>
                <TimeSpan>
                  <begin>2026-10-08T16:13:36.643034+00:00</begin>
                  <end>2026-10-08T16:13:37.643034+00:00</end>
                </TimeSpan>
                <Point>
                  <coordinates>8.522235729465857,47.37232699608074,0</coordinates>
                </Point>
              </Placemark>
              <Placemark>
                <name>Telemetry 25</name>
                <styleUrl>#modifiedtelemetry</styleUrl>
                <TimeSpan>
                  <begin>2026-10-08T16:13:37.643034+00:00</begin>
                  <end>2026-10-08T16:13:38.643034+00:00</end>
                </TimeSpan>
                <Point>
                  <coordinates>8.522186433679055,47.37236194112542,0</coordinates>
                </Point>
              </Placemark>
              <Placemark>
                <name>Telemetry 26</name>
                <styleUrl>#modifiedtelemetry</styleUrl>
                <TimeSpan>
                  <begin>2026-10-08T16:13:38.643034+00:00</begin>
                  <end>2026-10-08T16:13:39.643034+00:00</end>
                </TimeSpan>
                <Point>
                  <coordinates>8.522137137892253,47.37239688617011,0</coordinates>
                </Point>
              </Placemark>
              <Placemark>
                <name>Telemetry 27</name>
                <styleUrl>#modifiedtelemetry</styleUrl>
                <TimeSpan>
                  <begin>2026-10-08T16:13:39.643034+00:00</begin>
                  <end>2026-10-08T16:13:40.643034+00:00</end>
                </TimeSpan>
                <Point>
                  <coordinates>8.522087838468211,47.37243182886079,0</coordinates>
                </Point>
              </Placemark>
              <Placemark>
                <name>Telemetry 28</name>
                <styleUrl>#modifiedtelemetry</styleUrl>
                <TimeSpan>
                  <begin>2026-10-08T16:13:40.643034+00:00</begin>
                  <end>2026-10-08T16:13:41.643034+00:00</end>
                </TimeSpan>
                <Point>
                  <coordinates>8.522032112466293,47.37247131013179,0</coordinates>
                </Point>
              </Placemark>
              <Placemark>
                <name>Telemetry 29</name>
                <styleUrl>#modifiedtelemetry</styleUrl>
                <TimeSpan>
                  <begin>2026-10-08T16:13:41.643034+00:00</begin>
                  <end>2026-10-08T16:13:42.643034+00:00</end>
                </TimeSpan>
                <Point>
                  <coordinates>8.521976386464376,47.37251079140279,0</coordinates>
                </Point>
              </Placemark>
              <Placemark>
                <name>Telemetry 30</name>
                <styleUrl>#modifiedtelemetry</styleUrl>
                <TimeSpan>
                  <begin>2026-10-08T16:13:42.643034+00:00</begin>
                  <end>2026-10-08T16:13:43.643034+00:00</end>
                </TimeSpan>
                <Point>
                  <coordinates>8.521920660462458,47.37255027267379,0</coordinates>
                </Point>
              </Placemark>
              <Placemark>
                <name>Telemetry 31</name>
                <styleUrl>#modifiedtelemetry</styleUrl>
                <TimeSpan>
                  <begin>2026-10-08T16:13:43.643034+00:00</begin>
                  <end>2026-10-08T16:13:44.643034+00:00</end>
                </TimeSpan>
                <Point>
                  <coordinates>8.521864934460542,47.37258975394479,0</coordinates>
                </Point>
              </Placemark>
              <Placemark>
                <name>Telemetry 32</name>
                <styleUrl>#modifiedtelemetry</styleUrl>
                <TimeSpan>
                  <begin>2026-10-08T16:13:44.643034+00:00</begin>
                  <end>2026-10-08T16:13:45.643034+00:00</end>
                </TimeSpan>
                <Point>
                  <coordinates>8.521809208458624,47.37262923521579,0</coordinates>
                </Point>
              </Placemark>
              <Placemark>
                <name>Telemetry 33</name>
                <styleUrl>#modifiedtelemetry</styleUrl>
                <TimeSpan>
                  <begin>2026-10-08T16:13:45.643034+00:00</begin>
                  <end>2026-10-08T16:13:46.643034+00:00</end>
                </TimeSpan>
                <Point>
                  <coordinates>8.521753482456708,47.372668716486785,0</coordinates>
                </Point>
              </Placemark>
              <Placemark>
                <name>Telemetry 34</name>
                <styleUrl>#modifiedtelemetry</styleUrl>
                <TimeSpan>
                  <begin>2026-10-08T16:13:46.643034+00:00</begin>
                  <end>2026-10-08T16:13:47.643034+00:00</end>
                </TimeSpan>
                <Point>
                  <coordinates>8.521697756454788,47.37270819775779,0</coordinates>
                </Point>
              </Placemark>
              <Placemark>
                <name>Telemetry 35</name>
                <styleUrl>#modifiedtelemetry</styleUrl>
                <TimeSpan>
                  <begin>2026-10-08T16:13:47.643034+00:00</begin>
                  <end>2026-10-08T16:13:48.643034+00:00</end>
                </TimeSpan>
                <Point>
                  <coordinates>8.52164203045287,47.372747679028784,0</coordinates>
                </Point>
              </Placemark>
              <Placemark>
                <name>Telemetry 36</name>
                <styleUrl>#modifiedtelemetry</styleUrl>
                <TimeSpan>
                  <begin>2026-10-08T16:13:48.643034+00:00</begin>
                  <end>2026-10-08T16:13:49.643034+00:00</end>
                </TimeSpan>
                <Point>
                  <coordinates>8.521586304450953,47.37278716029979,0</coordinates>
                </Point>
              </Placemark>
              <Placemark>
                <name>Telemetry 37</name>
                <styleUrl>#modifiedtelemetry</styleUrl>
                <TimeSpan>
                  <begin>2026-10-08T16:13:49.643034+00:00</begin>
                  <end>2026-10-08T16:13:50.643034+00:00</end>
                </TimeSpan>
                <Point>
                  <coordinates>8.521530578449035,47.37282664157078,0</coordinates>
                </Point>
              </Placemark>
              <Placemark>
                <name>Telemetry 38</name>
                <styleUrl>#modifiedtelemetry</styleUrl>
                <TimeSpan>
                  <begin>2026-10-08T16:13:50.643034+00:00</begin>
                  <end>2026-10-08T16:13:51.643034+00:00</end>
                </TimeSpan>
                <Point>
                  <coordinates>8.521474852447117,47.372866122841785,0</coordinates>
                </Point>
              </Placemark>
              <Placemark>
                <name>Telemetry 39</name>
                <styleUrl>#modifiedtelemetry</styleUrl>
                <TimeSpan>
                  <begin>2026-10-08T16:13:51.643034+00:00</begin>
                  <end>2026-10-08T16:13:52.643034+00:00</end>
                </TimeSpan>
                <Point>
                  <coordinates>8.5214191264452,47.37290560411278,0</coordinates>
                </Point>
              </Placemark>
              <Placemark>
                <name>Telemetry 40</name>
                <styleUrl>#modifiedtelemetry</styleUrl>
                <TimeSpan>
                  <begin>2026-10-08T16:13:52.643034+00:00</begin>
                  <end>2026-10-08T16:13:53.643034+00:00</end>
                </TimeSpan>
                <Point>
                  <coordinates>8.521363400443283,47.37294508538378,0</coordinates>
                </Point>
              </Placemark>
              <Placemark>
                <name>Telemetry 41</name>
                <styleUrl>#modifiedtelemetry</styleUrl>
                <TimeSpan>
                  <begin>2026-10-08T16:13:53.643034+00:00</begin>
                  <end>2026-10-08T16:13:54.643034+00:00</end>
                </TimeSpan>
                <Point>
                  <coordinates>8.521307674441365,47.37298456665478,0</coordinates>
                </Point>
              </Placemark>
              <Placemark>
                <name>Telemetry 42</name>
                <styleUrl>#modifiedtelemetry</styleUrl>
                <TimeSpan>
                  <begin>2026-10-08T16:13:54.643034+00:00</begin>
                  <end>2026-10-08T16:13:55.643034+00:00</end>
                </TimeSpan>
                <Point>
                  <coordinates>8.521251948439447,47.37302404792578,0</coordinates>
                </Point>
              </Placemark>
              <Placemark>
                <name>Telemetry 43</name>
                <styleUrl>#modifiedtelemetry</styleUrl>
                <TimeSpan>
                  <begin>2026-10-08T16:13:55.643034+00:00</begin>
                  <end>2026-10-08T16:13:56.643034+00:00</end>
                </TimeSpan>
                <Point>
                  <coordinates>8.52119622243753,47.37306352919678,0</coordinates>
                </Point>
              </Placemark>
              <Placemark>
                <name>Telemetry 44</name>
                <styleUrl>#modifiedtelemetry</styleUrl>
                <TimeSpan>
                  <begin>2026-10-08T16:13:56.643034+00:00</begin>
                  <end>2026-10-08T16:13:57.643034+00:00</end>
                </TimeSpan>
                <Point>
                  <coordinates>8.521140496435612,47.37310301046778,0</coordinates>
                </Point>
              </Placemark>
              <Placemark>
                <name>Telemetry 45</name>
                <styleUrl>#modifiedtelemetry</styleUrl>
                <TimeSpan>
                  <begin>2026-10-08T16:13:57.643034+00:00</begin>
                  <end>2026-10-08T16:13:58.643034+00:00</end>
                </TimeSpan>
                <Point>
                  <coordinates>8.521084770433694,47.373142491738776,0</coordinates>
                </Point>
              </Placemark>
              <Placemark>
                <name>Telemetry 46</name>
                <styleUrl>#modifiedtelemetry</styleUrl>
                <TimeSpan>
                  <begin>2026-10-08T16:13:58.643034+00:00</begin>
                  <end>2026-10-08T16:13:59.643034+00:00</end>
                </TimeSpan>
                <Point>
                  <coordinates>8.521029997240193,47.37318257084312,0</coordinates>
                </Point>
              </Placemark>
              <Placemark>
                <name>Telemetry 47</name>
                <styleUrl>#modifiedtelemetry</styleUrl>
                <TimeSpan>
                  <begin>2026-10-08T16:13:59.643034+00:00</begin>
                  <end>2026-10-08T16:14:00.643034+00:00</end>
                </TimeSpan>
                <Point>
                  <coordinates>8.520963533997929,47.37323270220549,0</coordinates>
                </Point>
              </Placemark>
              <Placemark>
                <name>Telemetry 48</name>
                <styleUrl>#modifiedtelemetry</styleUrl>
                <TimeSpan>
                  <begin>2026-10-08T16:14:00.643034+00:00</begin>
                  <end>2026-10-08T16:14:01.643034+00:00</end>
                </TimeSpan>
                <Point>
                  <coordinates>8.520897070755662,47.37328283356786,0</coordinates>
                </Point>
              </Placemark>
              <Placemark>
                <name>Telemetry 49</name>
                <styleUrl>#modifiedtelemetry</styleUrl>
                <TimeSpan>
                  <begin>2026-10-08T16:14:01.643034+00:00</begin>
                  <end>2026-10-08T16:14:02.643034+00:00</end>
                </TimeSpan>
                <Point>
                  <coordinates>8.520830607513398,47.37333296493023,0</coordinates>
                </Point>
              </Placemark>
              <Placemark>
                <name>Telemetry 50</name>
                <styleUrl>#modifiedtelemetry</styleUrl>
                <TimeSpan>
                  <begin>2026-10-08T16:14:02.643034+00:00</begin>
                  <end>2026-10-08T16:14:03.643034+00:00</end>
                </TimeSpan>
                <Point>
                  <coordinates>8.520764144271133,47.3733830962926,0</coordinates>
                </Point>
              </Placemark>
              <Placemark>
                <name>Telemetry 51</name>
                <styleUrl>#modifiedtelemetry</styleUrl>
                <TimeSpan>
                  <begin>2026-10-08T16:14:03.643034+00:00</begin>
                  <end>2026-10-08T16:14:04.643034+00:00</end>
                </TimeSpan>
                <Point>
                  <coordinates>8.520697681028867,47.37343322765497,0</coordinates>
                </Point>
              </Placemark>
              <Placemark>
                <name>Telemetry 52</name>
                <styleUrl>#modifiedtelemetry</styleUrl>
                <TimeSpan>
                  <begin>2026-10-08T16:14:04.643034+00:00</begin>
                  <end>2026-10-08T16:14:05.643034+00:00</end>
                </TimeSpan>
                <Point>
                  <coordinates>8.520631217786603,47.373483359017335,0</coordinates>
                </Point>
              </Placemark>
              <Placemark>
                <name>Telemetry 53</name>
                <styleUrl>#modifiedtelemetry</styleUrl>
                <TimeSpan>
                  <begin>2026-10-08T16:14:05.643034+00:00</begin>
                  <end>2026-10-08T16:14:06.643034+00:00</end>
                </TimeSpan>
                <Point>
                  <coordinates>8.520564754544338,47.37353349037971,0</coordinates>
                </Point>
              </Placemark>
              <Placemark>
                <name>Telemetry 54</name>
                <styleUrl>#modifiedtelemetry</styleUrl>
                <TimeSpan>
                  <begin>2026-10-08T16:14:06.643034+00:00</begin>
                  <end>2026-10-08T16:14:07.643034+00:00</end>
                </TimeSpan>
                <Point>
                  <coordinates>8.520498291302074,47.37358362174207,0</coordinates>
                </Point>
              </Placemark>
              <Placemark>
                <name>Telemetry 55</name>
                <styleUrl>#modifiedtelemetry</styleUrl>
                <TimeSpan>
                  <begin>2026-10-08T16:14:07.643034+00:00</begin>
                  <end>2026-10-08T16:14:08.643034+00:00</end>
                </TimeSpan>
                <Point>
                  <coordinates>8.520431828059808,47.37363375310444,0</coordinates>
                </Point>
              </Placemark>
              <Placemark>
                <name>Telemetry 56</name>
                <styleUrl>#modifiedtelemetry</styleUrl>
                <TimeSpan>
                  <begin>2026-10-08T16:14:08.643034+00:00</begin>
                  <end>2026-10-08T16:14:09.643034+00:00</end>
                </TimeSpan>
                <Point>
                  <coordinates>8.520365364817543,47.373683884466814,0</coordinates>
                </Point>
              </Placemark>
              <Placemark>
                <name>Telemetry 57</name>
                <styleUrl>#modifiedtelemetry</styleUrl>
                <TimeSpan>
                  <begin>2026-10-08T16:14:09.643034+00:00</begin>
                  <end>2026-10-08T16:14:10.643034+00:00</end>
                </TimeSpan>
                <Point>
                  <coordinates>8.520303903282091,47.37373680594896,0</coordinates>
                </Point>
              </Placemark>
              <Placemark>
                <name>Telemetry 58</name>
                <styleUrl>#modifiedtelemetry</styleUrl>
                <TimeSpan>
                  <begin>2026-10-08T16:14:10.643034+00:00</begin>
                  <end>2026-10-08T16:14:11.643034+00:00</end>
                </TimeSpan>
                <Point>
                  <coordinates>8.520235595452737,47.373798117289056,0</coordinates>
                </Point>
              </Placemark>
              <Placemark>
                <name>Telemetry 59</name>
                <styleUrl>#modifiedtelemetry</styleUrl>
                <TimeSpan>
                  <begin>2026-10-08T16:14:11.643034+00:00</begin>
                  <end>2026-10-08T16:14:12.643034+00:00</end>
                </TimeSpan>
                <Point>
                  <coordinates>8.520167287623382,47.373859428629146,0</coordinates>
                </Point>
              </Placemark>
              <Placemark>
                <name>Telemetry 60</name>
                <styleUrl>#modifiedtelemetry</styleUrl>
                <TimeSpan>
                  <begin>2026-10-08T16:14:12.643034+00:00</begin>
                  <end>2026-10-08T16:14:13.643034+00:00</end>
                </TimeSpan>
                <Point>
                  <coordinates>8.520098979794028,47.37392073996924,0</coordinates>
                </Point>
              </Placemark>
              <Placemark>
                <name>Telemetry 61</name>
                <styleUrl>#modifiedtelemetry</styleUrl>
                <TimeSpan>
                  <begin>2026-10-08T16:14:13.643034+00:00</begin>
                  <end>2026-10-08T16:14:14.643034+00:00</end>
                </TimeSpan>
                <Point>
                  <coordinates>8.520030671964673,47.37398205130934,0</coordinates>
                </Point>
              </Placemark>
              <Placemark>
                <name>Telemetry 62</name>
                <styleUrl>#modifiedtelemetry</styleUrl>
                <TimeSpan>
                  <begin>2026-10-08T16:14:14.643034+00:00</begin>
                  <end>2026-10-08T16:14:15.643034+00:00</end>
                </TimeSpan>
                <Point>
                  <coordinates>8.519962364135319,47.37404336264943,0</coordinates>
                </Point>
              </Placemark>
              <Placemark>
                <name>Telemetry 63</name>
                <styleUrl>#modifiedtelemetry</styleUrl>
                <TimeSpan>
                  <begin>2026-10-08T16:14:15.643034+00:00</begin>
                  <end>2026-10-08T16:14:16.643034+00:00</end>
                </TimeSpan>
                <Point>
                  <coordinates>8.519895098918301,47.374105167193115,0</coordinates>
                </Point>
              </Placemark>
            </Folder>
          </Folder>
        </Folder>
        <Folder>
          <name>Service Provider polling</name>
        </Folder>
        <Folder>
          <name>Service Provider polling</name>
        </Folder>
        <Folder>
          <name>Service Provider polling</name>
        </Folder>
        <Folder>
          <name>Service Provider polling</name>
        </Folder>
        <Folder>
          <name>Service Provider polling</name>
        </Folder>
        <Folder>
          <name>Verify operator notification</name>
        </Folder>
        <Folder>
          <name>Intermediate cleanup</name>
        </Folder>
        <Folder>
          <name>Retrieve pre-existing operator notification</name>
        </Folder>
        <Folder>
          <name>Injection</name>
          <Folder>
            <name>E64: uss1 interuss.automated_testing.rid.v1.injection.createTest</name>
            <Folder>
              <name>Test flight 3f1c2a0f-ce40-48e3-a57c-f511e7ce27b6</name>
              <Placemark>
                <name>Telemetry 0</name>
                <styleUrl>#modifiedtelemetry</styleUrl>
                <TimeSpan>
                  <begin>2026-10-08T16:13:23.127353+00:00</begin>
                  <end>2026-10-08T16:13:24.127353+00:00</end>
                </TimeSpan>
                <Point>
                  <coordinates>8.523321827032547,47.3715045208158,0</coordinates>
                </Point>
              </Placemark>
              <Placemark>
                <name>Telemetry 1</name>
                <styleUrl>#modifiedtelemetry</styleUrl>
                <TimeSpan>
                  <begin>2026-10-08T16:13:24.127353+00:00</begin>
                  <end>2026-10-08T16:13:25.127353+00:00</end>
                </TimeSpan>
                <Point>
                  <coordinates>8.523282890548819,47.371540881223694,0</coordinates>
                </Point>
              </Placemark>
              <Placemark>
                <name>Telemetry 2</name>
                <styleUrl>#modifiedtelemetry</styleUrl>
                <TimeSpan>
                  <begin>2026-10-08T16:13:25.127353+00:00</begin>
                  <end>2026-10-08T16:13:26.127353+00:00</end>
                </TimeSpan>
                <Point>
                  <coordinates>8.52324395406509,47.37157724163159,0</coordinates>
                </Point>
              </Placemark>
              <Placemark>
                <name>Telemetry 3</name>
                <styleUrl>#modifiedtelemetry</styleUrl>
                <TimeSpan>
                  <begin>2026-10-08T16:13:26.127353+00:00</begin>
                  <end>2026-10-08T16:13:27.127353+00:00</end>
                </TimeSpan>
                <Point>
                  <coordinates>8.523205017581365,47.37161360203949,0</coordinates>
                </Point>
              </Placemark>
              <Placemark>
                <name>Telemetry 4</name>
                <styleUrl>#modifiedtelemetry</styleUrl>
                <TimeSpan>
                  <begin>2026-10-08T16:13:27.127353+00:00</begin>
                  <end>2026-10-08T16:13:28.127353+00:00</end>
                </TimeSpan>
                <Point>
                  <coordinates>8.523166081097637,47.371649962447385,0</coordinates>
                </Point>
              </Placemark>
              <Placemark>
                <name>Telemetry 5</name>
                <styleUrl>#modifiedtelemetry</styleUrl>
                <TimeSpan>
                  <begin>2026-10-08T16:13:28.127353+00:00</begin>
                  <end>2026-10-08T16:13:29.127353+00:00</end>
                </TimeSpan>
                <Point>
                  <coordinates>8.523118769605144,47.37168134446735,0</coordinates>
                </Point>
              </Placemark>
              <Placemark>
                <name>Telemetry 6</name>
                <styleUrl>#modifiedtelemetry</styleUrl>
                <TimeSpan>
                  <begin>2026-10-08T16:13:29.127353+00:00</begin>
                  <end>2026-10-08T16:13:30.127353+00:00</end>
                </TimeSpan>
                <Point>
                  <coordinates>8.523070583658326,47.37171220668214,0</coordinates>
                </Point>
              </Placemark>
              <Placemark>
                <name>Telemetry 7</name>
                <styleUrl>#modifiedtelemetry</styleUrl>
                <TimeSpan>
                  <begin>2026-10-08T16:13:30.127353+00:00</begin>
                  <end>2026-10-08T16:13:31.127353+00:00</end>
                </TimeSpan>
                <Point>
                  <coordinates>8.523022397711506,47.371743068896926,0</coordinates>
                </Point>
              </Placemark>
              <Placemark>
                <name>Telemetry 8</name>
                <styleUrl>#modifiedtelemetry</styleUrl>
                <TimeSpan>
                  <begin>2026-10-08T16:13:31.127353+00:00</begin>
                  <end>2026-10-08T16:13:32.127353+00:00</end>
                </TimeSpan>
                <Point>
                  <coordinates>8.5229757392881,47.371774910132885,0</coordinates>
                </Point>
              </Placemark>
              <Placemark>
                <name>Telemetry 9</name>
                <styleUrl>#modifiedtelemetry</styleUrl>
                <TimeSpan>
                  <begin>2026-10-08T16:13:32.127353+00:00</begin>
                  <end>2026-10-08T16:13:33.127353+00:00</end>
                </TimeSpan>
                <Point>
                  <coordinates>8.522932891599606,47.371809193747204,0</coordinates>
                </Point>
              </Placemark>
              <Placemark>
                <name>Telemetry 10</name>
                <styleUrl>#modifiedtelemetry</styleUrl>
                <TimeSpan>
                  <begin>2026-10-08T16:13:33.127353+00:00</begin>
                  <end>2026-10-08T16:13:34.127353+00:00</end>
                </TimeSpan>
                <Point>
                  <coordinates>8.522890043911113,47.37184347736152,0</coordinates>
                </Point>
              </Placemark>
              <Placemark>
                <name>Telemetry 11</name>
                <styleUrl>#modifiedtelemetry</styleUrl>
                <TimeSpan>
                  <begin>2026-10-08T16:13:34.127353+00:00</begin>
                  <end>2026-10-08T16:13:35.127353+00:00</end>
                </TimeSpan>
                <Point>
                  <coordinates>8.52284719622262,47.37187776097584,0</coordinates>
                </Point>
              </Placemark>
              <Placemark>
                <name>Telemetry 12</name>
                <styleUrl>#modifiedtelemetry</styleUrl>
                <TimeSpan>
                  <begin>2026-10-08T16:13:35.127353+00:00</begin>
                  <end>2026-10-08T16:13:36.127353+00:00</end>
                </TimeSpan>
                <Point>
                  <coordinates>8.522804348534127,47.37191204459016,0</coordinates>
                </Point>
              </Placemark>
              <Placemark>
                <name>Telemetry 13</name>
                <styleUrl>#modifiedtelemetry</styleUrl>
                <TimeSpan>
                  <begin>2026-10-08T16:13:36.127353+00:00</begin>
                  <end>2026-10-08T16:13:37.127353+00:00</end>
                </TimeSpan>
                <Point>
                  <coordinates>8.522761500845634,47.37194632820448,0</coordinates>
                </Point>
              </Placemark>
              <Placemark>
                <name>Telemetry 14</name>
                <styleUrl>#modifiedtelemetry</styleUrl>
                <TimeSpan>
                  <begin>2026-10-08T16:13:37.127353+00:00</begin>
                  <end>2026-10-08T16:13:38.127353+00:00</end>
                </TimeSpan>
                <Point>
                  <coordinates>8.522718653157142,47.371980611818806,0</coordinates>
                </Point>
              </Placemark>
              <Placemark>
                <name>Telemetry 15</name>
                <styleUrl>#modifiedtelemetry</styleUrl>
                <TimeSpan>
                  <begin>2026-10-08T16:13:38.127353+00:00</begin>
                  <end>2026-10-08T16:13:39.127353+00:00</end>
                </TimeSpan>
                <Point>
                  <coordinates>8.522675805468648,47.372014895433125,0</coordinates>
                </Point>
              </Placemark>
              <Placemark>
                <name>Telemetry 16</name>
                <styleUrl>#modifiedtelemetry</styleUrl>
                <TimeSpan>
                  <begin>2026-10-08T16:13:39.127353+00:00</begin>
                  <end>2026-10-08T16:13:40.127353+00:00</end>
                </TimeSpan>
                <Point>
                  <coordinates>8.522630095760274,47.37204743572325,0</coordinates>
                </Point>
              </Placemark>
              <Placemark>
                <name>Telemetry 17</name>
                <styleUrl>#modifiedtelemetry</styleUrl>
                <TimeSpan>
                  <begin>2026-10-08T16:13:40.127353+00:00</begin>
                  <end>2026-10-08T16:13:41.127353+00:00</end>
                </TimeSpan>
                <Point>
                  <coordinates>8.522580799973472,47.372082380767935,0</coordinates>
                </Point>
              </Placemark>
              <Placemark>
                <name>Telemetry 18</name>
                <styleUrl>#modifiedtelemetry</styleUrl>
                <TimeSpan>
                  <begin>2026-10-08T16:13:41.127353+00:00</begin>
                  <end>2026-10-08T16:13:42.127353+00:00</end>
                </TimeSpan>
                <Point>
                  <coordinates>8.52253150418667,47.372117325812624,0</coordinates>
                </Point>
              </Placemark>
              <Placemark>
                <name>Telemetry 19</name>
                <styleUrl>#modifiedtelemetry</styleUrl>
                <TimeSpan>
                  <begin>2026-10-08T16:13:42.127353+00:00</begin>
                  <end>2026-10-08T16:13:43.127353+00:00</end>
                </TimeSpan>
                <Point>
                  <coordinates>8.52248220839987,47.372152270857306,0</coordinates>
                </Point>
              </Placemark>
              <Placemark>
                <name>Telemetry 20</name>
                <styleUrl>#modifiedtelemetry</styleUrl>
                <TimeSpan>
                  <begin>2026-10-08T16:13:43.127353+00:00</begin>
                  <end>2026-10-08T16:13:44.127353+00:00</end>
                </TimeSpan>
                <Point>
                  <coordinates>8.522432912613064,47.372187215901995,0</coordinates>
                </Point>
              </Placemark>
              <Placemark>
                <name>Telemetry 21</name>
                <styleUrl>#modifiedtelemetry</styleUrl>
                <TimeSpan>
                  <begin>2026-10-08T16:13:44.127353+00:00</begin>
                  <end>2026-10-08T16:13:45.127353+00:00</end>
                </TimeSpan>
                <Point>
                  <coordinates>8.522383616826263,47.37222216094668,0</coordinates>
                </Point>
              </Placemark>
              <Placemark>
                <name>Telemetry 22</name>
                <styleUrl>#modifiedtelemetry</styleUrl>
                <TimeSpan>
                  <begin>2026-10-08T16:13:45.127353+00:00</begin>
                  <end>2026-10-08T16:13:46.127353+00:00</end>
                </TimeSpan>
                <Point>
                  <coordinates>8.52233432103946,47.372257105991366,0</coordinates>
                </Point>
              </Placemark>
              <Placemark>
                <name>Telemetry 23</name>
                <styleUrl>#modifiedtelemetry</styleUrl>
                <TimeSpan>
                  <begin>2026-10-08T16:13:46.127353+00:00</begin>
                  <end>2026-10-08T16:13:47.127353+00:00</end>
                </TimeSpan>
                <Point>
                  <coordinates>8.52228502525266,47.37229205103605,0</coordinates>
                </Point>
              </Placemark>
              <Placemark>
                <name>Telemetry 24</name>
                <styleUrl>#modifiedtelemetry</styleUrl>
                <TimeSpan>
                  <begin>2026-10-08T16:13:47.127353+00:00</begin>
                  <end>2026-10-08T16:13:48.127353+00:00</end>
                </TimeSpan>
                <Point>
                  <coordinates>8.522235729465857,47.37232699608074,0</coordinates>
                </Point>
              </Placemark>
              <Placemark>
                <name>Telemetry 25</name>
                <styleUrl>#modifiedtelemetry</styleUrl>
                <TimeSpan>
                  <begin>2026-10-08T16:13:48.127353+00:00</begin>
                  <end>2026-10-08T16:13:49.127353+00:00</end>
                </TimeSpan>
                <Point>
                  <coordinates>8.522186433679055,47.37236194112542,0</coordinates>
                </Point>
              </Placemark>
              <Placemark>
                <name>Telemetry 26</name>
                <styleUrl>#modifiedtelemetry</styleUrl>
                <TimeSpan>
                  <begin>2026-10-08T16:13:49.127353+00:00</begin>
                  <end>2026-10-08T16:13:50.127353+00:00</end>
                </TimeSpan>
                <Point>
                  <coordinates>8.522137137892253,47.37239688617011,0</coordinates>
                </Point>
              </Placemark>
              <Placemark>
                <name>Telemetry 27</name>
                <styleUrl>#modifiedtelemetry</styleUrl>
                <TimeSpan>
                  <begin>2026-10-08T16:13:50.127353+00:00</begin>
                  <end>2026-10-08T16:13:51.127353+00:00</end>
                </TimeSpan>
                <Point>
                  <coordinates>8.522087838468211,47.37243182886079,0</coordinates>
                </Point>
              </Placemark>
              <Placemark>
                <name>Telemetry 28</name>
                <styleUrl>#modifiedtelemetry</styleUrl>
                <TimeSpan>
                  <begin>2026-10-08T16:13:51.127353+00:00</begin>
                  <end>2026-10-08T16:13:52.127353+00:00</end>
                </TimeSpan>
                <Point>
                  <coordinates>8.522032112466293,47.37247131013179,0</coordinates>
                </Point>
              </Placemark>
              <Placemark>
                <name>Telemetry 29</name>
                <styleUrl>#modifiedtelemetry</styleUrl>
                <TimeSpan>
                  <begin>2026-10-08T16:13:52.127353+00:00</begin>
                  <end>2026-10-08T16:13:53.127353+00:00</end>
                </TimeSpan>
                <Point>
                  <coordinates>8.521976386464376,47.37251079140279,0</coordinates>
                </Point>
              </Placemark>
              <Placemark>
                <name>Telemetry 30</name>
                <styleUrl>#modifiedtelemetry</styleUrl>
                <TimeSpan>
                  <begin>2026-10-08T16:13:53.127353+00:00</begin>
                  <end>2026-10-08T16:13:54.127353+00:00</end>
                </TimeSpan>
                <Point>
                  <coordinates>8.521920660462458,47.37255027267379,0</coordinates>
                </Point>
              </Placemark>
              <Placemark>
                <name>Telemetry 31</name>
                <styleUrl>#modifiedtelemetry</styleUrl>
                <TimeSpan>
                  <begin>2026-10-08T16:13:54.127353+00:00</begin>
                  <end>2026-10-08T16:13:55.127353+00:00</end>
                </TimeSpan>
                <Point>
                  <coordinates>8.521864934460542,47.37258975394479,0</coordinates>
                </Point>
              </Placemark>
              <Placemark>
                <name>Telemetry 32</name>
                <styleUrl>#modifiedtelemetry</styleUrl>
                <TimeSpan>
                  <begin>2026-10-08T16:13:55.127353+00:00</begin>
                  <end>2026-10-08T16:13:56.127353+00:00</end>
                </TimeSpan>
                <Point>
                  <coordinates>8.521809208458624,47.37262923521579,0</coordinates>
                </Point>
              </Placemark>
              <Placemark>
                <name>Telemetry 33</name>
                <styleUrl>#modifiedtelemetry</styleUrl>
                <TimeSpan>
                  <begin>2026-10-08T16:13:56.127353+00:00</begin>
                  <end>2026-10-08T16:13:57.127353+00:00</end>
                </TimeSpan>
                <Point>
                  <coordinates>8.521753482456708,47.372668716486785,0</coordinates>
                </Point>
              </Placemark>
              <Placemark>
                <name>Telemetry 34</name>
                <styleUrl>#modifiedtelemetry</styleUrl>
                <TimeSpan>
                  <begin>2026-10-08T16:13:57.127353+00:00</begin>
                  <end>2026-10-08T16:13:58.127353+00:00</end>
                </TimeSpan>
                <Point>
                  <coordinates>8.521697756454788,47.37270819775779,0</coordinates>
                </Point>
              </Placemark>
              <Placemark>
                <name>Telemetry 35</name>
                <styleUrl>#modifiedtelemetry</styleUrl>
                <TimeSpan>
                  <begin>2026-10-08T16:13:58.127353+00:00</begin>
                  <end>2026-10-08T16:13:59.127353+00:00</end>
                </TimeSpan>
                <Point>
                  <coordinates>8.52164203045287,47.372747679028784,0</coordinates>
                </Point>
              </Placemark>
              <Placemark>
                <name>Telemetry 36</name>
                <styleUrl>#modifiedtelemetry</styleUrl>
                <TimeSpan>
                  <begin>2026-10-08T16:13:59.127353+00:00</begin>
                  <end>2026-10-08T16:14:00.127353+00:00</end>
                </TimeSpan>
                <Point>
                  <coordinates>8.521586304450953,47.37278716029979,0</coordinates>
                </Point>
              </Placemark>
              <Placemark>
                <name>Telemetry 37</name>
                <styleUrl>#modifiedtelemetry</styleUrl>
                <TimeSpan>
                  <begin>2026-10-08T16:14:00.127353+00:00</begin>
                  <end>2026-10-08T16:14:01.127353+00:00</end>
                </TimeSpan>
                <Point>
                  <coordinates>8.521530578449035,47.37282664157078,0</coordinates>
                </Point>
              </Placemark>
              <Placemark>
                <name>Telemetry 38</name>
                <styleUrl>#modifiedtelemetry</styleUrl>
                <TimeSpan>
                  <begin>2026-10-08T16:14:01.127353+00:00</begin>
                  <end>2026-10-08T16:14:02.127353+00:00</end>
                </TimeSpan>
                <Point>
                  <coordinates>8.521474852447117,47.372866122841785,0</coordinates>
                </Point>
              </Placemark>
              <Placemark>
                <name>Telemetry 39</name>
                <styleUrl>#modifiedtelemetry</styleUrl>
                <TimeSpan>
                  <begin>2026-10-08T16:14:02.127353+00:00</begin>
                  <end>2026-10-08T16:14:03.127353+00:00</end>
                </TimeSpan>
                <Point>
                  <coordinates>8.5214191264452,47.37290560411278,0</coordinates>
                </Point>
              </Placemark>
              <Placemark>
                <name>Telemetry 40</name>
                <styleUrl>#modifiedtelemetry</styleUrl>
                <TimeSpan>
                  <begin>2026-10-08T16:14:03.127353+00:00</begin>
                  <end>2026-10-08T16:14:04.127353+00:00</end>
                </TimeSpan>
                <Point>
                  <coordinates>8.521363400443283,47.37294508538378,0</coordinates>
                </Point>
              </Placemark>
              <Placemark>
                <name>Telemetry 41</name>
                <styleUrl>#modifiedtelemetry</styleUrl>
                <TimeSpan>
                  <begin>2026-10-08T16:14:04.127353+00:00</begin>
                  <end>2026-10-08T16:14:05.127353+00:00</end>
                </TimeSpan>
                <Point>
                  <coordinates>8.521307674441365,47.37298456665478,0</coordinates>
                </Point>
              </Placemark>
              <Placemark>
                <name>Telemetry 42</name>
                <styleUrl>#modifiedtelemetry</styleUrl>
                <TimeSpan>
                  <begin>2026-10-08T16:14:05.127353+00:00</begin>
                  <end>2026-10-08T16:14:06.127353+00:00</end>
                </TimeSpan>
                <Point>
                  <coordinates>8.521251948439447,47.37302404792578,0</coordinates>
                </Point>
              </Placemark>
              <Placemark>
                <name>Telemetry 43</name>
                <styleUrl>#modifiedtelemetry</styleUrl>
                <TimeSpan>
                  <begin>2026-10-08T16:14:06.127353+00:00</begin>
                  <end>2026-10-08T16:14:07.127353+00:00</end>
                </TimeSpan>
                <Point>
                  <coordinates>8.52119622243753,47.37306352919678,0</coordinates>
                </Point>
              </Placemark>
              <Placemark>
                <name>Telemetry 44</name>
                <styleUrl>#modifiedtelemetry</styleUrl>
                <TimeSpan>
                  <begin>2026-10-08T16:14:07.127353+00:00</begin>
                  <end>2026-10-08T16:14:08.127353+00:00</end>
                </TimeSpan>
                <Point>
                  <coordinates>8.521140496435612,47.37310301046778,0</coordinates>
                </Point>
              </Placemark>
              <Placemark>
                <name>Telemetry 45</name>
                <styleUrl>#modifiedtelemetry</styleUrl>
                <TimeSpan>
                  <begin>2026-10-08T16:14:08.127353+00:00</begin>
                  <end>2026-10-08T16:14:09.127353+00:00</end>
                </TimeSpan>
                <Point>
                  <coordinates>8.521084770433694,47.373142491738776,0</coordinates>
                </Point>
              </Placemark>
              <Placemark>
                <name>Telemetry 46</name>
                <styleUrl>#modifiedtelemetry</styleUrl>
                <TimeSpan>
                  <begin>2026-10-08T16:14:09.127353+00:00</begin>
                  <end>2026-10-08T16:14:10.127353+00:00</end>
                </TimeSpan>
                <Point>
                  <coordinates>8.521029997240193,47.37318257084312,0</coordinates>
                </Point>
              </Placemark>
              <Placemark>
                <name>Telemetry 47</name>
                <styleUrl>#modifiedtelemetry</styleUrl>
                <TimeSpan>
                  <begin>2026-10-08T16:14:10.127353+00:00</begin>
                  <end>2026-10-08T16:14:11.127353+00:00</end>
                </TimeSpan>
                <Point>
                  <coordinates>8.520963533997929,47.37323270220549,0</coordinates>
                </Point>
              </Placemark>
              <Placemark>
                <name>Telemetry 48</name>
                <styleUrl>#modifiedtelemetry</styleUrl>
                <TimeSpan>
                  <begin>2026-10-08T16:14:11.127353+00:00</begin>
                  <end>2026-10-08T16:14:12.127353+00:00</end>
                </TimeSpan>
                <Point>
                  <coordinates>8.520897070755662,47.37328283356786,0</coordinates>
                </Point>
              </Placemark>
              <Placemark>
                <name>Telemetry 49</name>
                <styleUrl>#modifiedtelemetry</styleUrl>
                <TimeSpan>
                  <begin>2026-10-08T16:14:12.127353+00:00</begin>
                  <end>2026-10-08T16:14:13.127353+00:00</end>
                </TimeSpan>
                <Point>
                  <coordinates>8.520830607513398,47.37333296493023,0</coordinates>
                </Point>
              </Placemark>
              <Placemark>
                <name>Telemetry 50</name>
                <styleUrl>#modifiedtelemetry</styleUrl>
                <TimeSpan>
                  <begin>2026-10-08T16:14:13.127353+00:00</begin>
                  <end>2026-10-08T16:14:14.127353+00:00</end>
                </TimeSpan>
                <Point>
                  <coordinates>8.520764144271133,47.3733830962926,0</coordinates>
                </Point>
              </Placemark>
              <Placemark>
                <name>Telemetry 51</name>
                <styleUrl>#modifiedtelemetry</styleUrl>
                <TimeSpan>
                  <begin>2026-10-08T16:14:14.127353+00:00</begin>
                  <end>2026-10-08T16:14:15.127353+00:00</end>
                </TimeSpan>
                <Point>
                  <coordinates>8.520697681028867,47.37343322765497,0</coordinates>
                </Point>
              </Placemark>
              <Placemark>
                <name>Telemetry 52</name>
                <styleUrl>#modifiedtelemetry</styleUrl>
                <TimeSpan>
                  <begin>2026-10-08T16:14:15.127353+00:00</begin>
                  <end>2026-10-08T16:14:16.127353+00:00</end>
                </TimeSpan>
                <Point>
                  <coordinates>8.520631217786603,47.373483359017335,0</coordinates>
                </Point>
              </Placemark>
              <Placemark>
                <name>Telemetry 53</name>
                <styleUrl>#modifiedtelemetry</styleUrl>
                <TimeSpan>
                  <begin>2026-10-08T16:14:16.127353+00:00</begin>
                  <end>2026-10-08T16:14:17.127353+00:00</end>
                </TimeSpan>
                <Point>
                  <coordinates>8.520564754544338,47.37353349037971,0</coordinates>
                </Point>
              </Placemark>
              <Placemark>
                <name>Telemetry 54</name>
                <styleUrl>#modifiedtelemetry</styleUrl>
                <TimeSpan>
                  <begin>2026-10-08T16:14:17.127353+00:00</begin>
                  <end>2026-10-08T16:14:18.127353+00:00</end>
                </TimeSpan>
                <Point>
                  <coordinates>8.520498291302074,47.37358362174207,0</coordinates>
                </Point>
              </Placemark>
              <Placemark>
                <name>Telemetry 55</name>
                <styleUrl>#modifiedtelemetry</styleUrl>
                <TimeSpan>
                  <begin>2026-10-08T16:14:18.127353+00:00</begin>
                  <end>2026-10-08T16:14:19.127353+00:00</end>
                </TimeSpan>
                <Point>
                  <coordinates>8.520431828059808,47.37363375310444,0</coordinates>
                </Point>
              </Placemark>
              <Placemark>
                <name>Telemetry 56</name>
                <styleUrl>#modifiedtelemetry</styleUrl>
                <TimeSpan>
                  <begin>2026-10-08T16:14:19.127353+00:00</begin>
                  <end>2026-10-08T16:14:20.127353+00:00</end>
                </TimeSpan>
                <Point>
                  <coordinates>8.520365364817543,47.373683884466814,0</coordinates>
                </Point>
              </Placemark>
              <Placemark>
                <name>Telemetry 57</name>
                <styleUrl>#modifiedtelemetry</styleUrl>
                <TimeSpan>
                  <begin>2026-10-08T16:14:20.127353+00:00</begin>
                  <end>2026-10-08T16:14:21.127353+00:00</end>
                </TimeSpan>
                <Point>
                  <coordinates>8.520303903282091,47.37373680594896,0</coordinates>
                </Point>
              </Placemark>
              <Placemark>
                <name>Telemetry 58</name>
                <styleUrl>#modifiedtelemetry</styleUrl>
                <TimeSpan>
                  <begin>2026-10-08T16:14:21.127353+00:00</begin>
                  <end>2026-10-08T16:14:22.127353+00:00</end>
                </TimeSpan>
                <Point>
                  <coordinates>8.520235595452737,47.373798117289056,0</coordinates>
                </Point>
              </Placemark>
              <Placemark>
                <name>Telemetry 59</name>
                <styleUrl>#modifiedtelemetry</styleUrl>
                <TimeSpan>
                  <begin>2026-10-08T16:14:22.127353+00:00</begin>
                  <end>2026-10-08T16:14:23.127353+00:00</end>
                </TimeSpan>
                <Point>
                  <coordinates>8.520167287623382,47.373859428629146,0</coordinates>
                </Point>
              </Placemark>
              <Placemark>
                <name>Telemetry 60</name>
                <styleUrl>#modifiedtelemetry</styleUrl>
                <TimeSpan>
                  <begin>2026-10-08T16:14:23.127353+00:00</begin>
                  <end>2026-10-08T16:14:24.127353+00:00</end>
                </TimeSpan>
                <Point>
                  <coordinates>8.520098979794028,47.37392073996924,0</coordinates>
                </Point>
              </Placemark>
              <Placemark>
                <name>Telemetry 61</name>
                <styleUrl>#modifiedtelemetry</styleUrl>
                <TimeSpan>
                  <begin>2026-10-08T16:14:24.127353+00:00</begin>
                  <end>2026-10-08T16:14:25.127353+00:00</end>
                </TimeSpan>
                <Point>
                  <coordinates>8.520030671964673,47.37398205130934,0</coordinates>
                </Point>
              </Placemark>
              <Placemark>
                <name>Telemetry 62</name>
                <styleUrl>#modifiedtelemetry</styleUrl>
                <TimeSpan>
                  <begin>2026-10-08T16:14:25.127353+00:00</begin>
                  <end>2026-10-08T16:14:26.127353+00:00</end>
                </TimeSpan>
                <Point>
                  <coordinates>8.519962364135319,47.37404336264943,0</coordinates>
                </Point>
              </Placemark>
              <Placemark>
                <name>Telemetry 63</name>
                <styleUrl>#modifiedtelemetry</styleUrl>
                <TimeSpan>
                  <begin>2026-10-08T16:14:26.127353+00:00</begin>
                  <end>2026-10-08T16:14:27.127353+00:00</end>
                </TimeSpan>
                <Point>
                  <coordinates>8.519895098918301,47.374105167193115,0</coordinates>
                </Point>
              </Placemark>
            </Folder>
          </Folder>
        </Folder>
        <Folder>
          <name>Service Provider polling</name>
        </Folder>
        <Folder>
          <name>Service Provider polling</name>
        </Folder>
        <Folder>
          <name>Service Provider polling</name>
        </Folder>
        <Folder>
          <name>Service Provider polling</name>
        </Folder>
        <Folder>
          <name>Service Provider polling</name>
        </Folder>
        <Folder>
          <name>Verify operator notification</name>
        </Folder>
        <Folder>
          <name>Intermediate cleanup</name>
        </Folder>
        <Folder>
          <name>Retrieve pre-existing operator notification</name>
        </Folder>
        <Folder>
          <name>Injection</name>
          <Folder>
            <name>E84: uss1 interuss.automated_testing.rid.v1.injection.createTest</name>
            <Folder>
              <name>Test flight e9e63d7c-20e6-4cc9-9930-4c816993cc87</name>
              <Placemark>
                <name>Telemetry 0</name>
                <styleUrl>#modifiedtelemetry</styleUrl>
                <TimeSpan>
                  <begin>2026-10-08T16:13:33.641855+00:00</begin>
                  <end>2026-10-08T16:13:34.641855+00:00</end>
                </TimeSpan>
                <Point>
                  <coordinates>8.523321827032547,47.3715045208158,0</coordinates>
                </Point>
              </Placemark>
              <Placemark>
                <name>Telemetry 1</name>
                <styleUrl>#modifiedtelemetry</styleUrl>
                <TimeSpan>
                  <begin>2026-10-08T16:13:34.641855+00:00</begin>
                  <end>2026-10-08T16:13:35.641855+00:00</end>
                </TimeSpan>
                <Point>
                  <coordinates>8.523282890548819,47.371540881223694,0</coordinates>
                </Point>
              </Placemark>
              <Placemark>
                <name>Telemetry 2</name>
                <styleUrl>#modifiedtelemetry</styleUrl>
                <TimeSpan>
                  <begin>2026-10-08T16:13:35.641855+00:00</begin>
                  <end>2026-10-08T16:13:36.641855+00:00</end>
                </TimeSpan>
                <Point>
                  <coordinates>8.52324395406509,47.37157724163159,0</coordinates>
                </Point>
              </Placemark>
              <Placemark>
                <name>Telemetry 3</name>
                <styleUrl>#modifiedtelemetry</styleUrl>
                <TimeSpan>
                  <begin>2026-10-08T16:13:36.641855+00:00</begin>
                  <end>2026-10-08T16:13:37.641855+00:00</end>
                </TimeSpan>
                <Point>
                  <coordinates>8.523205017581365,47.37161360203949,0</coordinates>
                </Point>
              </Placemark>
              <Placemark>
                <name>Telemetry 4</name>
                <styleUrl>#modifiedtelemetry</styleUrl>
                <TimeSpan>
                  <begin>2026-10-08T16:13:37.641855+00:00</begin>
                  <end>2026-10-08T16:13:38.641855+00:00</end>
                </TimeSpan>
                <Point>
                  <coordinates>8.523166081097637,47.371649962447385,0</coordinates>
                </Point>
              </Placemark>
              <Placemark>
                <name>Telemetry 5</name>
                <styleUrl>#modifiedtelemetry</styleUrl>
                <TimeSpan>
                  <begin>2026-10-08T16:13:38.641855+00:00</begin>
                  <end>2026-10-08T16:13:39.641855+00:00</end>
                </TimeSpan>
                <Point>
                  <coordinates>8.523118769605144,47.37168134446735,0</coordinates>
                </Point>
              </Placemark>
              <Placemark>
                <name>Telemetry 6</name>
                <styleUrl>#modifiedtelemetry</styleUrl>
                <TimeSpan>
                  <begin>2026-10-08T16:13:39.641855+00:00</begin>
                  <end>2026-10-08T16:13:40.641855+00:00</end>
                </TimeSpan>
                <Point>
                  <coordinates>8.523070583658326,47.37171220668214,0</coordinates>
                </Point>
              </Placemark>
              <Placemark>
                <name>Telemetry 7</name>
                <styleUrl>#modifiedtelemetry</styleUrl>
                <TimeSpan>
                  <begin>2026-10-08T16:13:40.641855+00:00</begin>
                  <end>2026-10-08T16:13:41.641855+00:00</end>
                </TimeSpan>
                <Point>
                  <coordinates>8.523022397711506,47.371743068896926,0</coordinates>
                </Point>
              </Placemark>
              <Placemark>
                <name>Telemetry 8</name>
                <styleUrl>#modifiedtelemetry</styleUrl>
                <TimeSpan>
                  <begin>2026-10-08T16:13:41.641855+00:00</begin>
                  <end>2026-10-08T16:13:42.641855+00:00</end>
                </TimeSpan>
                <Point>
                  <coordinates>8.5229757392881,47.371774910132885,0</coordinates>
                </Point>
              </Placemark>
              <Placemark>
                <name>Telemetry 9</name>
                <styleUrl>#modifiedtelemetry</styleUrl>
                <TimeSpan>
                  <begin>2026-10-08T16:13:42.641855+00:00</begin>
                  <end>2026-10-08T16:13:43.641855+00:00</end>
                </TimeSpan>
                <Point>
                  <coordinates>8.522932891599606,47.371809193747204,0</coordinates>
                </Point>
              </Placemark>
              <Placemark>
                <name>Telemetry 10</name>
                <styleUrl>#modifiedtelemetry</styleUrl>
                <TimeSpan>
                  <begin>2026-10-08T16:13:43.641855+00:00</begin>
                  <end>2026-10-08T16:13:44.641855+00:00</end>
                </TimeSpan>
                <Point>
                  <coordinates>8.522890043911113,47.37184347736152,0</coordinates>
                </Point>
              </Placemark>
              <Placemark>
                <name>Telemetry 11</name>
                <styleUrl>#modifiedtelemetry</styleUrl>
                <TimeSpan>
                  <begin>2026-10-08T16:13:44.641855+00:00</begin>
                  <end>2026-10-08T16:13:45.641855+00:00</end>
                </TimeSpan>
                <Point>
                  <coordinates>8.52284719622262,47.37187776097584,0</coordinates>
                </Point>
              </Placemark>
              <Placemark>
                <name>Telemetry 12</name>
                <styleUrl>#modifiedtelemetry</styleUrl>
                <TimeSpan>
                  <begin>2026-10-08T16:13:45.641855+00:00</begin>
                  <end>2026-10-08T16:13:46.641855+00:00</end>
                </TimeSpan>
                <Point>
                  <coordinates>8.522804348534127,47.37191204459016,0</coordinates>
                </Point>
              </Placemark>
              <Placemark>
                <name>Telemetry 13</name>
                <styleUrl>#modifiedtelemetry</styleUrl>
                <TimeSpan>
                  <begin>2026-10-08T16:13:46.641855+00:00</begin>
                  <end>2026-10-08T16:13:47.641855+00:00</end>
                </TimeSpan>
                <Point>
                  <coordinates>8.522761500845634,47.37194632820448,0</coordinates>
                </Point>
              </Placemark>
              <Placemark>
                <name>Telemetry 14</name>
                <styleUrl>#modifiedtelemetry</styleUrl>
                <TimeSpan>
                  <begin>2026-10-08T16:13:47.641855+00:00</begin>
                  <end>2026-10-08T16:13:48.641855+00:00</end>
                </TimeSpan>
                <Point>
                  <coordinates>8.522718653157142,47.371980611818806,0</coordinates>
                </Point>
              </Placemark>
              <Placemark>
                <name>Telemetry 15</name>
                <styleUrl>#modifiedtelemetry</styleUrl>
                <TimeSpan>
                  <begin>2026-10-08T16:13:48.641855+00:00</begin>
                  <end>2026-10-08T16:13:49.641855+00:00</end>
                </TimeSpan>
                <Point>
                  <coordinates>8.522675805468648,47.372014895433125,0</coordinates>
                </Point>
              </Placemark>
              <Placemark>
                <name>Telemetry 16</name>
                <styleUrl>#modifiedtelemetry</styleUrl>
                <TimeSpan>
                  <begin>2026-10-08T16:13:49.641855+00:00</begin>
                  <end>2026-10-08T16:13:50.641855+00:00</end>
                </TimeSpan>
                <Point>
                  <coordinates>8.522630095760274,47.37204743572325,0</coordinates>
                </Point>
              </Placemark>
              <Placemark>
                <name>Telemetry 17</name>
                <styleUrl>#modifiedtelemetry</styleUrl>
                <TimeSpan>
                  <begin>2026-10-08T16:13:50.641855+00:00</begin>
                  <end>2026-10-08T16:13:51.641855+00:00</end>
                </TimeSpan>
                <Point>
                  <coordinates>8.522580799973472,47.372082380767935,0</coordinates>
                </Point>
              </Placemark>
              <Placemark>
                <name>Telemetry 18</name>
                <styleUrl>#modifiedtelemetry</styleUrl>
                <TimeSpan>
                  <begin>2026-10-08T16:13:51.641855+00:00</begin>
                  <end>2026-10-08T16:13:52.641855+00:00</end>
                </TimeSpan>
                <Point>
                  <coordinates>8.52253150418667,47.372117325812624,0</coordinates>
                </Point>
              </Placemark>
              <Placemark>
                <name>Telemetry 19</name>
                <styleUrl>#modifiedtelemetry</styleUrl>
                <TimeSpan>
                  <begin>2026-10-08T16:13:52.641855+00:00</begin>
                  <end>2026-10-08T16:13:53.641855+00:00</end>
                </TimeSpan>
                <Point>
                  <coordinates>8.52248220839987,47.372152270857306,0</coordinates>
                </Point>
              </Placemark>
              <Placemark>
                <name>Telemetry 20</name>
                <styleUrl>#modifiedtelemetry</styleUrl>
                <TimeSpan>
                  <begin>2026-10-08T16:13:53.641855+00:00</begin>
                  <end>2026-10-08T16:13:54.641855+00:00</end>
                </TimeSpan>
                <Point>
                  <coordinates>8.522432912613064,47.372187215901995,0</coordinates>
                </Point>
              </Placemark>
              <Placemark>
                <name>Telemetry 21</name>
                <styleUrl>#modifiedtelemetry</styleUrl>
                <TimeSpan>
                  <begin>2026-10-08T16:13:54.641855+00:00</begin>
                  <end>2026-10-08T16:13:55.641855+00:00</end>
                </TimeSpan>
                <Point>
                  <coordinates>8.522383616826263,47.37222216094668,0</coordinates>
                </Point>
              </Placemark>
              <Placemark>
                <name>Telemetry 22</name>
                <styleUrl>#modifiedtelemetry</styleUrl>
                <TimeSpan>
                  <begin>2026-10-08T16:13:55.641855+00:00</begin>
                  <end>2026-10-08T16:13:56.641855+00:00</end>
                </TimeSpan>
                <Point>
                  <coordinates>8.52233432103946,47.372257105991366,0</coordinates>
                </Point>
              </Placemark>
              <Placemark>
                <name>Telemetry 23</name>
                <styleUrl>#modifiedtelemetry</styleUrl>
                <TimeSpan>
                  <begin>2026-10-08T16:13:56.641855+00:00</begin>
                  <end>2026-10-08T16:13:57.641855+00:00</end>
                </TimeSpan>
                <Point>
                  <coordinates>8.52228502525266,47.37229205103605,0</coordinates>
                </Point>
              </Placemark>
              <Placemark>
                <name>Telemetry 24</name>
                <styleUrl>#modifiedtelemetry</styleUrl>
                <TimeSpan>
                  <begin>2026-10-08T16:13:57.641855+00:00</begin>
                  <end>2026-10-08T16:13:58.641855+00:00</end>
                </TimeSpan>
                <Point>
                  <coordinates>8.522235729465857,47.37232699608074,0</coordinates>
                </Point>
              </Placemark>
              <Placemark>
                <name>Telemetry 25</name>
                <styleUrl>#modifiedtelemetry</styleUrl>
                <TimeSpan>
                  <begin>2026-10-08T16:13:58.641855+00:00</begin>
                  <end>2026-10-08T16:13:59.641855+00:00</end>
                </TimeSpan>
                <Point>
                  <coordinates>8.522186433679055,47.37236194112542,0</coordinates>
                </Point>
              </Placemark>
              <Placemark>
                <name>Telemetry 26</name>
                <styleUrl>#modifiedtelemetry</styleUrl>
                <TimeSpan>
                  <begin>2026-10-08T16:13:59.641855+00:00</begin>
                  <end>2026-10-08T16:14:00.641855+00:00</end>
                </TimeSpan>
                <Point>
                  <coordinates>8.522137137892253,47.37239688617011,0</coordinates>
                </Point>
              </Placemark>
              <Placemark>
                <name>Telemetry 27</name>
                <styleUrl>#modifiedtelemetry</styleUrl>
                <TimeSpan>
                  <begin>2026-10-08T16:14:00.641855+00:00</begin>
                  <end>2026-10-08T16:14:01.641855+00:00</end>
                </TimeSpan>
                <Point>
                  <coordinates>8.522087838468211,47.37243182886079,0</coordinates>
                </Point>
              </Placemark>
              <Placemark>
                <name>Telemetry 28</name>
                <styleUrl>#modifiedtelemetry</styleUrl>
                <TimeSpan>
                  <begin>2026-10-08T16:14:01.641855+00:00</begin>
                  <end>2026-10-08T16:14:02.641855+00:00</end>
                </TimeSpan>
                <Point>
                  <coordinates>8.522032112466293,47.37247131013179,0</coordinates>
                </Point>
              </Placemark>
              <Placemark>
                <name>Telemetry 29</name>
                <styleUrl>#modifiedtelemetry</styleUrl>
                <TimeSpan>
                  <begin>2026-10-08T16:14:02.641855+00:00</begin>
                  <end>2026-10-08T16:14:03.641855+00:00</end>
                </TimeSpan>
                <Point>
                  <coordinates>8.521976386464376,47.37251079140279,0</coordinates>
                </Point>
              </Placemark>
              <Placemark>
                <name>Telemetry 30</name>
                <styleUrl>#modifiedtelemetry</styleUrl>
                <TimeSpan>
                  <begin>2026-10-08T16:14:03.641855+00:00</begin>
                  <end>2026-10-08T16:14:04.641855+00:00</end>
                </TimeSpan>
                <Point>
                  <coordinates>8.521920660462458,47.37255027267379,0</coordinates>
                </Point>
              </Placemark>
              <Placemark>
                <name>Telemetry 31</name>
                <styleUrl>#modifiedtelemetry</styleUrl>
                <TimeSpan>
                  <begin>2026-10-08T16:14:04.641855+00:00</begin>
                  <end>2026-10-08T16:14:05.641855+00:00</end>
                </TimeSpan>
                <Point>
                  <coordinates>8.521864934460542,47.37258975394479,0</coordinates>
                </Point>
              </Placemark>
              <Placemark>
                <name>Telemetry 32</name>
                <styleUrl>#modifiedtelemetry</styleUrl>
                <TimeSpan>
                  <begin>2026-10-08T16:14:05.641855+00:00</begin>
                  <end>2026-10-08T16:14:06.641855+00:00</end>
                </TimeSpan>
                <Point>
                  <coordinates>8.521809208458624,47.37262923521579,0</coordinates>
                </Point>
              </Placemark>
              <Placemark>
                <name>Telemetry 33</name>
                <styleUrl>#modifiedtelemetry</styleUrl>
                <TimeSpan>
                  <begin>2026-10-08T16:14:06.641855+00:00</begin>
                  <end>2026-10-08T16:14:07.641855+00:00</end>
                </TimeSpan>
                <Point>
                  <coordinates>8.521753482456708,47.372668716486785,0</coordinates>
                </Point>
              </Placemark>
              <Placemark>
                <name>Telemetry 34</name>
                <styleUrl>#modifiedtelemetry</styleUrl>
                <TimeSpan>
                  <begin>2026-10-08T16:14:07.641855+00:00</begin>
                  <end>2026-10-08T16:14:08.641855+00:00</end>
                </TimeSpan>
                <Point>
                  <coordinates>8.521697756454788,47.37270819775779,0</coordinates>
                </Point>
              </Placemark>
              <Placemark>
                <name>Telemetry 35</name>
                <styleUrl>#modifiedtelemetry</styleUrl>
                <TimeSpan>
                  <begin>2026-10-08T16:14:08.641855+00:00</begin>
                  <end>2026-10-08T16:14:09.641855+00:00</end>
                </TimeSpan>
                <Point>
                  <coordinates>8.52164203045287,47.372747679028784,0</coordinates>
                </Point>
              </Placemark>
              <Placemark>
                <name>Telemetry 36</name>
                <styleUrl>#modifiedtelemetry</styleUrl>
                <TimeSpan>
                  <begin>2026-10-08T16:14:09.641855+00:00</begin>
                  <end>2026-10-08T16:14:10.641855+00:00</end>
                </TimeSpan>
                <Point>
                  <coordinates>8.521586304450953,47.37278716029979,0</coordinates>
                </Point>
              </Placemark>
              <Placemark>
                <name>Telemetry 37</name>
                <styleUrl>#modifiedtelemetry</styleUrl>
                <TimeSpan>
                  <begin>2026-10-08T16:14:10.641855+00:00</begin>
                  <end>2026-10-08T16:14:11.641855+00:00</end>
                </TimeSpan>
                <Point>
                  <coordinates>8.521530578449035,47.37282664157078,0</coordinates>
                </Point>
              </Placemark>
              <Placemark>
                <name>Telemetry 38</name>
                <styleUrl>#modifiedtelemetry</styleUrl>
                <TimeSpan>
                  <begin>2026-10-08T16:14:11.641855+00:00</begin>
                  <end>2026-10-08T16:14:12.641855+00:00</end>
                </TimeSpan>
                <Point>
                  <coordinates>8.521474852447117,47.372866122841785,0</coordinates>
                </Point>
              </Placemark>
              <Placemark>
                <name>Telemetry 39</name>
                <styleUrl>#modifiedtelemetry</styleUrl>
                <TimeSpan>
                  <begin>2026-10-08T16:14:12.641855+00:00</begin>
                  <end>2026-10-08T16:14:13.641855+00:00</end>
                </TimeSpan>
                <Point>
                  <coordinates>8.5214191264452,47.37290560411278,0</coordinates>
                </Point>
              </Placemark>
              <Placemark>
                <name>Telemetry 40</name>
                <styleUrl>#modifiedtelemetry</styleUrl>
                <TimeSpan>
                  <begin>2026-10-08T16:14:13.641855+00:00</begin>
                  <end>2026-10-08T16:14:14.641855+00:00</end>
                </TimeSpan>
                <Point>
                  <coordinates>8.521363400443283,47.37294508538378,0</coordinates>
                </Point>
              </Placemark>
              <Placemark>
                <name>Telemetry 41</name>
                <styleUrl>#modifiedtelemetry</styleUrl>
                <TimeSpan>
                  <begin>2026-10-08T16:14:14.641855+00:00</begin>
                  <end>2026-10-08T16:14:15.641855+00:00</end>
                </TimeSpan>
                <Point>
                  <coordinates>8.521307674441365,47.37298456665478,0</coordinates>
                </Point>
              </Placemark>
              <Placemark>
                <name>Telemetry 42</name>
                <styleUrl>#modifiedtelemetry</styleUrl>
                <TimeSpan>
                  <begin>2026-10-08T16:14:15.641855+00:00</begin>
                  <end>2026-10-08T16:14:16.641855+00:00</end>
                </TimeSpan>
                <Point>
                  <coordinates>8.521251948439447,47.37302404792578,0</coordinates>
                </Point>
              </Placemark>
              <Placemark>
                <name>Telemetry 43</name>
                <styleUrl>#modifiedtelemetry</styleUrl>
                <TimeSpan>
                  <begin>2026-10-08T16:14:16.641855+00:00</begin>
                  <end>2026-10-08T16:14:17.641855+00:00</end>
                </TimeSpan>
                <Point>
                  <coordinates>8.52119622243753,47.37306352919678,0</coordinates>
                </Point>
              </Placemark>
              <Placemark>
                <name>Telemetry 44</name>
                <styleUrl>#modifiedtelemetry</styleUrl>
                <TimeSpan>
                  <begin>2026-10-08T16:14:17.641855+00:00</begin>
                  <end>2026-10-08T16:14:18.641855+00:00</end>
                </TimeSpan>
                <Point>
                  <coordinates>8.521140496435612,47.37310301046778,0</coordinates>
                </Point>
              </Placemark>
              <Placemark>
                <name>Telemetry 45</name>
                <styleUrl>#modifiedtelemetry</styleUrl>
                <TimeSpan>
                  <begin>2026-10-08T16:14:18.641855+00:00</begin>
                  <end>2026-10-08T16:14:19.641855+00:00</end>
                </TimeSpan>
                <Point>
                  <coordinates>8.521084770433694,47.373142491738776,0</coordinates>
                </Point>
              </Placemark>
              <Placemark>
                <name>Telemetry 46</name>
                <styleUrl>#modifiedtelemetry</styleUrl>
                <TimeSpan>
                  <begin>2026-10-08T16:14:19.641855+00:00</begin>
                  <end>2026-10-08T16:14:20.641855+00:00</end>
                </TimeSpan>
                <Point>
                  <coordinates>8.521029997240193,47.37318257084312,0</coordinates>
                </Point>
              </Placemark>
              <Placemark>
                <name>Telemetry 47</name>
                <styleUrl>#modifiedtelemetry</styleUrl>
                <TimeSpan>
                  <begin>2026-10-08T16:14:20.641855+00:00</begin>
                  <end>2026-10-08T16:14:21.641855+00:00</end>
                </TimeSpan>
                <Point>
                  <coordinates>8.520963533997929,47.37323270220549,0</coordinates>
                </Point>
              </Placemark>
              <Placemark>
                <name>Telemetry 48</name>
                <styleUrl>#modifiedtelemetry</styleUrl>
                <TimeSpan>
                  <begin>2026-10-08T16:14:21.641855+00:00</begin>
                  <end>2026-10-08T16:14:22.641855+00:00</end>
                </TimeSpan>
                <Point>
                  <coordinates>8.520897070755662,47.37328283356786,0</coordinates>
                </Point>
              </Placemark>
              <Placemark>
                <name>Telemetry 49</name>
                <styleUrl>#modifiedtelemetry</styleUrl>
                <TimeSpan>
                  <begin>2026-10-08T16:14:22.641855+00:00</begin>
                  <end>2026-10-08T16:14:23.641855+00:00</end>
                </TimeSpan>
                <Point>
                  <coordinates>8.520830607513398,47.37333296493023,0</coordinates>
                </Point>
              </Placemark>
              <Placemark>
                <name>Telemetry 50</name>
                <styleUrl>#modifiedtelemetry</styleUrl>
                <TimeSpan>
                  <begin>2026-10-08T16:14:23.641855+00:00</begin>
                  <end>2026-10-08T16:14:24.641855+00:00</end>
                </TimeSpan>
                <Point>
                  <coordinates>8.520764144271133,47.3733830962926,0</coordinates>
                </Point>
              </Placemark>
              <Placemark>
                <name>Telemetry 51</name>
                <styleUrl>#modifiedtelemetry</styleUrl>
                <TimeSpan>
                  <begin>2026-10-08T16:14:24.641855+00:00</begin>
                  <end>2026-10-08T16:14:25.641855+00:00</end>
                </TimeSpan>
                <Point>
                  <coordinates>8.520697681028867,47.37343322765497,0</coordinates>
                </Point>
              </Placemark>
              <Placemark>
                <name>Telemetry 52</name>
                <styleUrl>#modifiedtelemetry</styleUrl>
                <TimeSpan>
                  <begin>2026-10-08T16:14:25.641855+00:00</begin>
                  <end>2026-10-08T16:14:26.641855+00:00</end>
                </TimeSpan>
                <Point>
                  <coordinates>8.520631217786603,47.373483359017335,0</coordinates>
                </Point>
              </Placemark>
              <Placemark>
                <name>Telemetry 53</name>
                <styleUrl>#modifiedtelemetry</styleUrl>
                <TimeSpan>
                  <begin>2026-10-08T16:14:26.641855+00:00</begin>
                  <end>2026-10-08T16:14:27.641855+00:00</end>
                </TimeSpan>
                <Point>
                  <coordinates>8.520564754544338,47.37353349037971,0</coordinates>
                </Point>
              </Placemark>
              <Placemark>
                <name>Telemetry 54</name>
                <styleUrl>#modifiedtelemetry</styleUrl>
                <TimeSpan>
                  <begin>2026-10-08T16:14:27.641855+00:00</begin>
                  <end>2026-10-08T16:14:28.641855+00:00</end>
                </TimeSpan>
                <Point>
                  <coordinates>8.520498291302074,47.37358362174207,0</coordinates>
                </Point>
              </Placemark>
              <Placemark>
                <name>Telemetry 55</name>
                <styleUrl>#modifiedtelemetry</styleUrl>
                <TimeSpan>
                  <begin>2026-10-08T16:14:28.641855+00:00</begin>
                  <end>2026-10-08T16:14:29.641855+00:00</end>
                </TimeSpan>
                <Point>
                  <coordinates>8.520431828059808,47.37363375310444,0</coordinates>
                </Point>
              </Placemark>
              <Placemark>
                <name>Telemetry 56</name>
                <styleUrl>#modifiedtelemetry</styleUrl>
                <TimeSpan>
                  <begin>2026-10-08T16:14:29.641855+00:00</begin>
                  <end>2026-10-08T16:14:30.641855+00:00</end>
                </TimeSpan>
                <Point>
                  <coordinates>8.520365364817543,47.373683884466814,0</coordinates>
                </Point>
              </Placemark>
              <Placemark>
                <name>Telemetry 57</name>
                <styleUrl>#modifiedtelemetry</styleUrl>
                <TimeSpan>
                  <begin>2026-10-08T16:14:30.641855+00:00</begin>
                  <end>2026-10-08T16:14:31.641855+00:00</end>
                </TimeSpan>
                <Point>
                  <coordinates>8.520303903282091,47.37373680594896,0</coordinates>
                </Point>
              </Placemark>
              <Placemark>
                <name>Telemetry 58</name>
                <styleUrl>#modifiedtelemetry</styleUrl>
                <TimeSpan>
                  <begin>2026-10-08T16:14:31.641855+00:00</begin>
                  <end>2026-10-08T16:14:32.641855+00:00</end>
                </TimeSpan>
                <Point>
                  <coordinates>8.520235595452737,47.373798117289056,0</coordinates>
                </Point>
              </Placemark>
              <Placemark>
                <name>Telemetry 59</name>
                <styleUrl>#modifiedtelemetry</styleUrl>
                <TimeSpan>
                  <begin>2026-10-08T16:14:32.641855+00:00</begin>
                  <end>2026-10-08T16:14:33.641855+00:00</end>
                </TimeSpan>
                <Point>
                  <coordinates>8.520167287623382,47.373859428629146,0</coordinates>
                </Point>
              </Placemark>
              <Placemark>
                <name>Telemetry 60</name>
                <styleUrl>#modifiedtelemetry</styleUrl>
                <TimeSpan>
                  <begin>2026-10-08T16:14:33.641855+00:00</begin>
                  <end>2026-10-08T16:14:34.641855+00:00</end>
                </TimeSpan>
                <Point>
                  <coordinates>8.520098979794028,47.37392073996924,0</coordinates>
                </Point>
              </Placemark>
              <Placemark>
                <name>Telemetry 61</name>
                <styleUrl>#modifiedtelemetry</styleUrl>
                <TimeSpan>
                  <begin>2026-10-08T16:14:34.641855+00:00</begin>
                  <end>2026-10-08T16:14:35.641855+00:00</end>
                </TimeSpan>
                <Point>
                  <coordinates>8.520030671964673,47.37398205130934,0</coordinates>
                </Point>
              </Placemark>
              <Placemark>
                <name>Telemetry 62</name>
                <styleUrl>#modifiedtelemetry</styleUrl>
                <TimeSpan>
                  <begin>2026-10-08T16:14:35.641855+00:00</begin>
                  <end>2026-10-08T16:14:36.641855+00:00</end>
                </TimeSpan>
                <Point>
                  <coordinates>8.519962364135319,47.37404336264943,0</coordinates>
                </Point>
              </Placemark>
              <Placemark>
                <name>Telemetry 63</name>
                <styleUrl>#modifiedtelemetry</styleUrl>
                <TimeSpan>
                  <begin>2026-10-08T16:14:36.641855+00:00</begin>
                  <end>2026-10-08T16:14:37.641855+00:00</end>
                </TimeSpan>
                <Point>
                  <coordinates>8.519895098918301,47.374105167193115,0</coordinates>
                </Point>
              </Placemark>
            </Folder>
          </Folder>
        </Folder>
        <Folder>
          <name>Service Provider polling</name>
        </Folder>
        <Folder>
          <name>Service Provider polling</name>
        </Folder>
        <Folder>
          <name>Service Provider polling</name>
        </Folder>
        <Folder>
          <name>Service Provider polling</name>
        </Folder>
        <Folder>
          <name>Service Provider polling</name>
        </Folder>
        <Folder>
          <name>Verify operator notification</name>
        </Folder>
        <Folder>
          <name>Intermediate cleanup</name>
        </Folder>
        <Folder>
          <name>Retrieve pre-existing operator notification</name>
        </Folder>
        <Folder>
          <name>Injection</name>
          <Folder>
            <name>E104: uss1 interuss.automated_testing.rid.v1.injection.createTest</name>
            <Folder>
              <name>Test flight 7cb2994f-c9ce-448b-8f83-e3ce82556d8e</name>
              <Placemark>
                <name>Telemetry 0</name>
                <styleUrl>#modifiedtelemetry</styleUrl>
                <TimeSpan>
                  <begin>2026-10-08T16:13:44.147133+00:00</begin>
                  <end>2026-10-08T16:13:45.147133+00:00</end>
                </TimeSpan>
                <Point>
                  <coordinates>8.523321827032547,47.3715045208158,0</coordinates>
                </Point>
              </Placemark>
              <Placemark>
                <name>Telemetry 1</name>
                <styleUrl>#modifiedtelemetry</styleUrl>
                <TimeSpan>
                  <begin>2026-10-08T16:13:45.147133+00:00</begin>
                  <end>2026-10-08T16:13:46.147133+00:00</end>
                </TimeSpan>
                <Point>
                  <coordinates>8.523282890548819,47.371540881223694,0</coordinates>
                </Point>
              </Placemark>
              <Placemark>
                <name>Telemetry 2</name>
                <styleUrl>#modifiedtelemetry</styleUrl>
                <TimeSpan>
                  <begin>2026-10-08T16:13:46.147133+00:00</begin>
                  <end>2026-10-08T16:13:47.147133+00:00</end>
                </TimeSpan>
                <Point>
                  <coordinates>8.52324395406509,47.37157724163159,0</coordinates>
                </Point>
              </Placemark>
              <Placemark>
                <name>Telemetry 3</name>
                <styleUrl>#modifiedtelemetry</styleUrl>
                <TimeSpan>
                  <begin>2026-10-08T16:13:47.147133+00:00</begin>
                  <end>2026-10-08T16:13:48.147133+00:00</end>
                </TimeSpan>
                <Point>
                  <coordinates>8.523205017581365,47.37161360203949,0</coordinates>
                </Point>
              </Placemark>
              <Placemark>
                <name>Telemetry 4</name>
                <styleUrl>#modifiedtelemetry</styleUrl>
                <TimeSpan>
                  <begin>2026-10-08T16:13:48.147133+00:00</begin>
                  <end>2026-10-08T16:13:49.147133+00:00</end>
                </TimeSpan>
                <Point>
                  <coordinates>8.523166081097637,47.371649962447385,0</coordinates>
                </Point>
              </Placemark>
              <Placemark>
                <name>Telemetry 5</name>
                <styleUrl>#modifiedtelemetry</styleUrl>
                <TimeSpan>
                  <begin>2026-10-08T16:13:49.147133+00:00</begin>
                  <end>2026-10-08T16:13:50.147133+00:00</end>
                </TimeSpan>
                <Point>
                  <coordinates>8.523118769605144,47.37168134446735,0</coordinates>
                </Point>
              </Placemark>
              <Placemark>
                <name>Telemetry 6</name>
                <styleUrl>#modifiedtelemetry</styleUrl>
                <TimeSpan>
                  <begin>2026-10-08T16:13:50.147133+00:00</begin>
                  <end>2026-10-08T16:13:51.147133+00:00</end>
                </TimeSpan>
                <Point>
                  <coordinates>8.523070583658326,47.37171220668214,0</coordinates>
                </Point>
              </Placemark>
              <Placemark>
                <name>Telemetry 7</name>
                <styleUrl>#modifiedtelemetry</styleUrl>
                <TimeSpan>
                  <begin>2026-10-08T16:13:51.147133+00:00</begin>
                  <end>2026-10-08T16:13:52.147133+00:00</end>
                </TimeSpan>
                <Point>
                  <coordinates>8.523022397711506,47.371743068896926,0</coordinates>
                </Point>
              </Placemark>
              <Placemark>
                <name>Telemetry 8</name>
                <styleUrl>#modifiedtelemetry</styleUrl>
                <TimeSpan>
                  <begin>2026-10-08T16:13:52.147133+00:00</begin>
                  <end>2026-10-08T16:13:53.147133+00:00</end>
                </TimeSpan>
                <Point>
                  <coordinates>8.5229757392881,47.371774910132885,0</coordinates>
                </Point>
              </Placemark>
              <Placemark>
                <name>Telemetry 9</name>
                <styleUrl>#modifiedtelemetry</styleUrl>
                <TimeSpan>
                  <begin>2026-10-08T16:13:53.147133+00:00</begin>
                  <end>2026-10-08T16:13:54.147133+00:00</end>
                </TimeSpan>
                <Point>
                  <coordinates>8.522932891599606,47.371809193747204,0</coordinates>
                </Point>
              </Placemark>
              <Placemark>
                <name>Telemetry 10</name>
                <styleUrl>#modifiedtelemetry</styleUrl>
                <TimeSpan>
                  <begin>2026-10-08T16:13:54.147133+00:00</begin>
                  <end>2026-10-08T16:13:55.147133+00:00</end>
                </TimeSpan>
                <Point>
                  <coordinates>8.522890043911113,47.37184347736152,0</coordinates>
                </Point>
              </Placemark>
              <Placemark>
                <name>Telemetry 11</name>
                <styleUrl>#modifiedtelemetry</styleUrl>
                <TimeSpan>
                  <begin>2026-10-08T16:13:55.147133+00:00</begin>
                  <end>2026-10-08T16:13:56.147133+00:00</end>
                </TimeSpan>
                <Point>
                  <coordinates>8.52284719622262,47.37187776097584,0</coordinates>
                </Point>
              </Placemark>
              <Placemark>
                <name>Telemetry 12</name>
                <styleUrl>#modifiedtelemetry</styleUrl>
                <TimeSpan>
                  <begin>2026-10-08T16:13:56.147133+00:00</begin>
                  <end>2026-10-08T16:13:57.147133+00:00</end>
                </TimeSpan>
                <Point>
                  <coordinates>8.522804348534127,47.37191204459016,0</coordinates>
                </Point>
              </Placemark>
              <Placemark>
                <name>Telemetry 13</name>
                <styleUrl>#modifiedtelemetry</styleUrl>
                <TimeSpan>
                  <begin>2026-10-08T16:13:57.147133+00:00</begin>
                  <end>2026-10-08T16:13:58.147133+00:00</end>
                </TimeSpan>
                <Point>
                  <coordinates>8.522761500845634,47.37194632820448,0</coordinates>
                </Point>
              </Placemark>
              <Placemark>
                <name>Telemetry 14</name>
                <styleUrl>#modifiedtelemetry</styleUrl>
                <TimeSpan>
                  <begin>2026-10-08T16:13:58.147133+00:00</begin>
                  <end>2026-10-08T16:13:59.147133+00:00</end>
                </TimeSpan>
                <Point>
                  <coordinates>8.522718653157142,47.371980611818806,0</coordinates>
                </Point>
              </Placemark>
              <Placemark>
                <name>Telemetry 15</name>
                <styleUrl>#modifiedtelemetry</styleUrl>
                <TimeSpan>
                  <begin>2026-10-08T16:13:59.147133+00:00</begin>
                  <end>2026-10-08T16:14:00.147133+00:00</end>
                </TimeSpan>
                <Point>
                  <coordinates>8.522675805468648,47.372014895433125,0</coordinates>
                </Point>
              </Placemark>
              <Placemark>
                <name>Telemetry 16</name>
                <styleUrl>#modifiedtelemetry</styleUrl>
                <TimeSpan>
                  <begin>2026-10-08T16:14:00.147133+00:00</begin>
                  <end>2026-10-08T16:14:01.147133+00:00</end>
                </TimeSpan>
                <Point>
                  <coordinates>8.522630095760274,47.37204743572325,0</coordinates>
                </Point>
              </Placemark>
              <Placemark>
                <name>Telemetry 17</name>
                <styleUrl>#modifiedtelemetry</styleUrl>
                <TimeSpan>
                  <begin>2026-10-08T16:14:01.147133+00:00</begin>
                  <end>2026-10-08T16:14:02.147133+00:00</end>
                </TimeSpan>
                <Point>
                  <coordinates>8.522580799973472,47.372082380767935,0</coordinates>
                </Point>
              </Placemark>
              <Placemark>
                <name>Telemetry 18</name>
                <styleUrl>#modifiedtelemetry</styleUrl>
                <TimeSpan>
                  <begin>2026-10-08T16:14:02.147133+00:00</begin>
                  <end>2026-10-08T16:14:03.147133+00:00</end>
                </TimeSpan>
                <Point>
                  <coordinates>8.52253150418667,47.372117325812624,0</coordinates>
                </Point>
              </Placemark>
              <Placemark>
                <name>Telemetry 19</name>
                <styleUrl>#modifiedtelemetry</styleUrl>
                <TimeSpan>
                  <begin>2026-10-08T16:14:03.147133+00:00</begin>
                  <end>2026-10-08T16:14:04.147133+00:00</end>
                </TimeSpan>
                <Point>
                  <coordinates>8.52248220839987,47.372152270857306,0</coordinates>
                </Point>
              </Placemark>
              <Placemark>
                <name>Telemetry 20</name>
                <styleUrl>#modifiedtelemetry</styleUrl>
                <TimeSpan>
                  <begin>2026-10-08T16:14:04.147133+00:00</begin>
                  <end>2026-10-08T16:14:05.147133+00:00</end>
                </TimeSpan>
                <Point>
                  <coordinates>8.522432912613064,47.372187215901995,0</coordinates>
                </Point>
              </Placemark>
              <Placemark>
                <name>Telemetry 21</name>
                <styleUrl>#modifiedtelemetry</styleUrl>
                <TimeSpan>
                  <begin>2026-10-08T16:14:05.147133+00:00</begin>
                  <end>2026-10-08T16:14:06.147133+00:00</end>
                </TimeSpan>
                <Point>
                  <coordinates>8.522383616826263,47.37222216094668,0</coordinates>
                </Point>
              </Placemark>
              <Placemark>
                <name>Telemetry 22</name>
                <styleUrl>#modifiedtelemetry</styleUrl>
                <TimeSpan>
                  <begin>2026-10-08T16:14:06.147133+00:00</begin>
                  <end>2026-10-08T16:14:07.147133+00:00</end>
                </TimeSpan>
                <Point>
                  <coordinates>8.52233432103946,47.372257105991366,0</coordinates>
                </Point>
              </Placemark>
              <Placemark>
                <name>Telemetry 23</name>
                <styleUrl>#modifiedtelemetry</styleUrl>
                <TimeSpan>
                  <begin>2026-10-08T16:14:07.147133+00:00</begin>
                  <end>2026-10-08T16:14:08.147133+00:00</end>
                </TimeSpan>
                <Point>
                  <coordinates>8.52228502525266,47.37229205103605,0</coordinates>
                </Point>
              </Placemark>
              <Placemark>
                <name>Telemetry 24</name>
                <styleUrl>#modifiedtelemetry</styleUrl>
                <TimeSpan>
                  <begin>2026-10-08T16:14:08.147133+00:00</begin>
                  <end>2026-10-08T16:14:09.147133+00:00</end>
                </TimeSpan>
                <Point>
                  <coordinates>8.522235729465857,47.37232699608074,0</coordinates>
                </Point>
              </Placemark>
              <Placemark>
                <name>Telemetry 25</name>
                <styleUrl>#modifiedtelemetry</styleUrl>
                <TimeSpan>
                  <begin>2026-10-08T16:14:09.147133+00:00</begin>
                  <end>2026-10-08T16:14:10.147133+00:00</end>
                </TimeSpan>
                <Point>
                  <coordinates>8.522186433679055,47.37236194112542,0</coordinates>
                </Point>
              </Placemark>
              <Placemark>
                <name>Telemetry 26</name>
                <styleUrl>#modifiedtelemetry</styleUrl>
                <TimeSpan>
                  <begin>2026-10-08T16:14:10.147133+00:00</begin>
                  <end>2026-10-08T16:14:11.147133+00:00</end>
                </TimeSpan>
                <Point>
                  <coordinates>8.522137137892253,47.37239688617011,0</coordinates>
                </Point>
              </Placemark>
              <Placemark>
                <name>Telemetry 27</name>
                <styleUrl>#modifiedtelemetry</styleUrl>
                <TimeSpan>
                  <begin>2026-10-08T16:14:11.147133+00:00</begin>
                  <end>2026-10-08T16:14:12.147133+00:00</end>
                </TimeSpan>
                <Point>
                  <coordinates>8.522087838468211,47.37243182886079,0</coordinates>
                </Point>
              </Placemark>
              <Placemark>
                <name>Telemetry 28</name>
                <styleUrl>#modifiedtelemetry</styleUrl>
                <TimeSpan>
                  <begin>2026-10-08T16:14:12.147133+00:00</begin>
                  <end>2026-10-08T16:14:13.147133+00:00</end>
                </TimeSpan>
                <Point>
                  <coordinates>8.522032112466293,47.37247131013179,0</coordinates>
                </Point>
              </Placemark>
              <Placemark>
                <name>Telemetry 29</name>
                <styleUrl>#modifiedtelemetry</styleUrl>
                <TimeSpan>
                  <begin>2026-10-08T16:14:13.147133+00:00</begin>
                  <end>2026-10-08T16:14:14.147133+00:00</end>
                </TimeSpan>
                <Point>
                  <coordinates>8.521976386464376,47.37251079140279,0</coordinates>
                </Point>
              </Placemark>
              <Placemark>
                <name>Telemetry 30</name>
                <styleUrl>#modifiedtelemetry</styleUrl>
                <TimeSpan>
                  <begin>2026-10-08T16:14:14.147133+00:00</begin>
                  <end>2026-10-08T16:14:15.147133+00:00</end>
                </TimeSpan>
                <Point>
                  <coordinates>8.521920660462458,47.37255027267379,0</coordinates>
                </Point>
              </Placemark>
              <Placemark>
                <name>Telemetry 31</name>
                <styleUrl>#modifiedtelemetry</styleUrl>
                <TimeSpan>
                  <begin>2026-10-08T16:14:15.147133+00:00</begin>
                  <end>2026-10-08T16:14:16.147133+00:00</end>
                </TimeSpan>
                <Point>
                  <coordinates>8.521864934460542,47.37258975394479,0</coordinates>
                </Point>
              </Placemark>
              <Placemark>
                <name>Telemetry 32</name>
                <styleUrl>#modifiedtelemetry</styleUrl>
                <TimeSpan>
                  <begin>2026-10-08T16:14:16.147133+00:00</begin>
                  <end>2026-10-08T16:14:17.147133+00:00</end>
                </TimeSpan>
                <Point>
                  <coordinates>8.521809208458624,47.37262923521579,0</coordinates>
                </Point>
              </Placemark>
              <Placemark>
                <name>Telemetry 33</name>
                <styleUrl>#modifiedtelemetry</styleUrl>
                <TimeSpan>
                  <begin>2026-10-08T16:14:17.147133+00:00</begin>
                  <end>2026-10-08T16:14:18.147133+00:00</end>
                </TimeSpan>
                <Point>
                  <coordinates>8.521753482456708,47.372668716486785,0</coordinates>
                </Point>
              </Placemark>
              <Placemark>
                <name>Telemetry 34</name>
                <styleUrl>#modifiedtelemetry</styleUrl>
                <TimeSpan>
                  <begin>2026-10-08T16:14:18.147133+00:00</begin>
                  <end>2026-10-08T16:14:19.147133+00:00</end>
                </TimeSpan>
                <Point>
                  <coordinates>8.521697756454788,47.37270819775779,0</coordinates>
                </Point>
              </Placemark>
              <Placemark>
                <name>Telemetry 35</name>
                <styleUrl>#modifiedtelemetry</styleUrl>
                <TimeSpan>
                  <begin>2026-10-08T16:14:19.147133+00:00</begin>
                  <end>2026-10-08T16:14:20.147133+00:00</end>
                </TimeSpan>
                <Point>
                  <coordinates>8.52164203045287,47.372747679028784,0</coordinates>
                </Point>
              </Placemark>
              <Placemark>
                <name>Telemetry 36</name>
                <styleUrl>#modifiedtelemetry</styleUrl>
                <TimeSpan>
                  <begin>2026-10-08T16:14:20.147133+00:00</begin>
                  <end>2026-10-08T16:14:21.147133+00:00</end>
                </TimeSpan>
                <Point>
                  <coordinates>8.521586304450953,47.37278716029979,0</coordinates>
                </Point>
              </Placemark>
              <Placemark>
                <name>Telemetry 37</name>
                <styleUrl>#modifiedtelemetry</styleUrl>
                <TimeSpan>
                  <begin>2026-10-08T16:14:21.147133+00:00</begin>
                  <end>2026-10-08T16:14:22.147133+00:00</end>
                </TimeSpan>
                <Point>
                  <coordinates>8.521530578449035,47.37282664157078,0</coordinates>
                </Point>
              </Placemark>
              <Placemark>
                <name>Telemetry 38</name>
                <styleUrl>#modifiedtelemetry</styleUrl>
                <TimeSpan>
                  <begin>2026-10-08T16:14:22.147133+00:00</begin>
                  <end>2026-10-08T16:14:23.147133+00:00</end>
                </TimeSpan>
                <Point>
                  <coordinates>8.521474852447117,47.372866122841785,0</coordinates>
                </Point>
              </Placemark>
              <Placemark>
                <name>Telemetry 39</name>
                <styleUrl>#modifiedtelemetry</styleUrl>
                <TimeSpan>
                  <begin>2026-10-08T16:14:23.147133+00:00</begin>
                  <end>2026-10-08T16:14:24.147133+00:00</end>
                </TimeSpan>
                <Point>
                  <coordinates>8.5214191264452,47.37290560411278,0</coordinates>
                </Point>
              </Placemark>
              <Placemark>
                <name>Telemetry 40</name>
                <styleUrl>#modifiedtelemetry</styleUrl>
                <TimeSpan>
                  <begin>2026-10-08T16:14:24.147133+00:00</begin>
                  <end>2026-10-08T16:14:25.147133+00:00</end>
                </TimeSpan>
                <Point>
                  <coordinates>8.521363400443283,47.37294508538378,0</coordinates>
                </Point>
              </Placemark>
              <Placemark>
                <name>Telemetry 41</name>
                <styleUrl>#modifiedtelemetry</styleUrl>
                <TimeSpan>
                  <begin>2026-10-08T16:14:25.147133+00:00</begin>
                  <end>2026-10-08T16:14:26.147133+00:00</end>
                </TimeSpan>
                <Point>
                  <coordinates>8.521307674441365,47.37298456665478,0</coordinates>
                </Point>
              </Placemark>
              <Placemark>
                <name>Telemetry 42</name>
                <styleUrl>#modifiedtelemetry</styleUrl>
                <TimeSpan>
                  <begin>2026-10-08T16:14:26.147133+00:00</begin>
                  <end>2026-10-08T16:14:27.147133+00:00</end>
                </TimeSpan>
                <Point>
                  <coordinates>8.521251948439447,47.37302404792578,0</coordinates>
                </Point>
              </Placemark>
              <Placemark>
                <name>Telemetry 43</name>
                <styleUrl>#modifiedtelemetry</styleUrl>
                <TimeSpan>
                  <begin>2026-10-08T16:14:27.147133+00:00</begin>
                  <end>2026-10-08T16:14:28.147133+00:00</end>
                </TimeSpan>
                <Point>
                  <coordinates>8.52119622243753,47.37306352919678,0</coordinates>
                </Point>
              </Placemark>
              <Placemark>
                <name>Telemetry 44</name>
                <styleUrl>#modifiedtelemetry</styleUrl>
                <TimeSpan>
                  <begin>2026-10-08T16:14:28.147133+00:00</begin>
                  <end>2026-10-08T16:14:29.147133+00:00</end>
                </TimeSpan>
                <Point>
                  <coordinates>8.521140496435612,47.37310301046778,0</coordinates>
                </Point>
              </Placemark>
              <Placemark>
                <name>Telemetry 45</name>
                <styleUrl>#modifiedtelemetry</styleUrl>
                <TimeSpan>
                  <begin>2026-10-08T16:14:29.147133+00:00</begin>
                  <end>2026-10-08T16:14:30.147133+00:00</end>
                </TimeSpan>
                <Point>
                  <coordinates>8.521084770433694,47.373142491738776,0</coordinates>
                </Point>
              </Placemark>
              <Placemark>
                <name>Telemetry 46</name>
                <styleUrl>#modifiedtelemetry</styleUrl>
                <TimeSpan>
                  <begin>2026-10-08T16:14:30.147133+00:00</begin>
                  <end>2026-10-08T16:14:31.147133+00:00</end>
                </TimeSpan>
                <Point>
                  <coordinates>8.521029997240193,47.37318257084312,0</coordinates>
                </Point>
              </Placemark>
              <Placemark>
                <name>Telemetry 47</name>
                <styleUrl>#modifiedtelemetry</styleUrl>
                <TimeSpan>
                  <begin>2026-10-08T16:14:31.147133+00:00</begin>
                  <end>2026-10-08T16:14:32.147133+00:00</end>
                </TimeSpan>
                <Point>
                  <coordinates>8.520963533997929,47.37323270220549,0</coordinates>
                </Point>
              </Placemark>
              <Placemark>
                <name>Telemetry 48</name>
                <styleUrl>#modifiedtelemetry</styleUrl>
                <TimeSpan>
                  <begin>2026-10-08T16:14:32.147133+00:00</begin>
                  <end>2026-10-08T16:14:33.147133+00:00</end>
                </TimeSpan>
                <Point>
                  <coordinates>8.520897070755662,47.37328283356786,0</coordinates>
                </Point>
              </Placemark>
              <Placemark>
                <name>Telemetry 49</name>
                <styleUrl>#modifiedtelemetry</styleUrl>
                <TimeSpan>
                  <begin>2026-10-08T16:14:33.147133+00:00</begin>
                  <end>2026-10-08T16:14:34.147133+00:00</end>
                </TimeSpan>
                <Point>
                  <coordinates>8.520830607513398,47.37333296493023,0</coordinates>
                </Point>
              </Placemark>
              <Placemark>
                <name>Telemetry 50</name>
                <styleUrl>#modifiedtelemetry</styleUrl>
                <TimeSpan>
                  <begin>2026-10-08T16:14:34.147133+00:00</begin>
                  <end>2026-10-08T16:14:35.147133+00:00</end>
                </TimeSpan>
                <Point>
                  <coordinates>8.520764144271133,47.3733830962926,0</coordinates>
                </Point>
              </Placemark>
              <Placemark>
                <name>Telemetry 51</name>
                <styleUrl>#modifiedtelemetry</styleUrl>
                <TimeSpan>
                  <begin>2026-10-08T16:14:35.147133+00:00</begin>
                  <end>2026-10-08T16:14:36.147133+00:00</end>
                </TimeSpan>
                <Point>
                  <coordinates>8.520697681028867,47.37343322765497,0</coordinates>
                </Point>
              </Placemark>
              <Placemark>
                <name>Telemetry 52</name>
                <styleUrl>#modifiedtelemetry</styleUrl>
                <TimeSpan>
                  <begin>2026-10-08T16:14:36.147133+00:00</begin>
                  <end>2026-10-08T16:14:37.147133+00:00</end>
                </TimeSpan>
                <Point>
                  <coordinates>8.520631217786603,47.373483359017335,0</coordinates>
                </Point>
              </Placemark>
              <Placemark>
                <name>Telemetry 53</name>
                <styleUrl>#modifiedtelemetry</styleUrl>
                <TimeSpan>
                  <begin>2026-10-08T16:14:37.147133+00:00</begin>
                  <end>2026-10-08T16:14:38.147133+00:00</end>
                </TimeSpan>
                <Point>
                  <coordinates>8.520564754544338,47.37353349037971,0</coordinates>
                </Point>
              </Placemark>
              <Placemark>
                <name>Telemetry 54</name>
                <styleUrl>#modifiedtelemetry</styleUrl>
                <TimeSpan>
                  <begin>2026-10-08T16:14:38.147133+00:00</begin>
                  <end>2026-10-08T16:14:39.147133+00:00</end>
                </TimeSpan>
                <Point>
                  <coordinates>8.520498291302074,47.37358362174207,0</coordinates>
                </Point>
              </Placemark>
              <Placemark>
                <name>Telemetry 55</name>
                <styleUrl>#modifiedtelemetry</styleUrl>
                <TimeSpan>
                  <begin>2026-10-08T16:14:39.147133+00:00</begin>
                  <end>2026-10-08T16:14:40.147133+00:00</end>
                </TimeSpan>
                <Point>
                  <coordinates>8.520431828059808,47.37363375310444,0</coordinates>
                </Point>
              </Placemark>
              <Placemark>
                <name>Telemetry 56</name>
                <styleUrl>#modifiedtelemetry</styleUrl>
                <TimeSpan>
                  <begin>2026-10-08T16:14:40.147133+00:00</begin>
                  <end>2026-10-08T16:14:41.147133+00:00</end>
                </TimeSpan>
                <Point>
                  <coordinates>8.520365364817543,47.373683884466814,0</coordinates>
                </Point>
              </Placemark>
              <Placemark>
                <name>Telemetry 57</name>
                <styleUrl>#modifiedtelemetry</styleUrl>
                <TimeSpan>
                  <begin>2026-10-08T16:14:41.147133+00:00</begin>
                  <end>2026-10-08T16:14:42.147133+00:00</end>
                </TimeSpan>
                <Point>
                  <coordinates>8.520303903282091,47.37373680594896,0</coordinates>
                </Point>
              </Placemark>
              <Placemark>
                <name>Telemetry 58</name>
                <styleUrl>#modifiedtelemetry</styleUrl>
                <TimeSpan>
                  <begin>2026-10-08T16:14:42.147133+00:00</begin>
                  <end>2026-10-08T16:14:43.147133+00:00</end>
                </TimeSpan>
                <Point>
                  <coordinates>8.520235595452737,47.373798117289056,0</coordinates>
                </Point>
              </Placemark>
              <Placemark>
                <name>Telemetry 59</name>
                <styleUrl>#modifiedtelemetry</styleUrl>
                <TimeSpan>
                  <begin>2026-10-08T16:14:43.147133+00:00</begin>
                  <end>2026-10-08T16:14:44.147133+00:00</end>
                </TimeSpan>
                <Point>
                  <coordinates>8.520167287623382,47.373859428629146,0</coordinates>
                </Point>
              </Placemark>
              <Placemark>
                <name>Telemetry 60</name>
                <styleUrl>#modifiedtelemetry</styleUrl>
                <TimeSpan>
                  <begin>2026-10-08T16:14:44.147133+00:00</begin>
                  <end>2026-10-08T16:14:45.147133+00:00</end>
                </TimeSpan>
                <Point>
                  <coordinates>8.520098979794028,47.37392073996924,0</coordinates>
                </Point>
              </Placemark>
              <Placemark>
                <name>Telemetry 61</name>
                <styleUrl>#modifiedtelemetry</styleUrl>
                <TimeSpan>
                  <begin>2026-10-08T16:14:45.147133+00:00</begin>
                  <end>2026-10-08T16:14:46.147133+00:00</end>
                </TimeSpan>
                <Point>
                  <coordinates>8.520030671964673,47.37398205130934,0</coordinates>
                </Point>
              </Placemark>
              <Placemark>
                <name>Telemetry 62</name>
                <styleUrl>#modifiedtelemetry</styleUrl>
                <TimeSpan>
                  <begin>2026-10-08T16:14:46.147133+00:00</begin>
                  <end>2026-10-08T16:14:47.147133+00:00</end>
                </TimeSpan>
                <Point>
                  <coordinates>8.519962364135319,47.37404336264943,0</coordinates>
                </Point>
              </Placemark>
              <Placemark>
                <name>Telemetry 63</name>
                <styleUrl>#modifiedtelemetry</styleUrl>
                <TimeSpan>
                  <begin>2026-10-08T16:14:47.147133+00:00</begin>
                  <end>2026-10-08T16:14:48.147133+00:00</end>
                </TimeSpan>
                <Point>
                  <coordinates>8.519895098918301,47.374105167193115,0</coordinates>
                </Point>
              </Placemark>
            </Folder>
          </Folder>
        </Folder>
        <Folder>
          <name>Service Provider polling</name>
        </Folder>
        <Folder>
          <name>Service Provider polling</name>
        </Folder>
        <Folder>
          <name>Service Provider polling</name>
        </Folder>
        <Folder>
          <name>Service Provider polling</name>
        </Folder>
        <Folder>
          <name>Service Provider polling</name>
        </Folder>
        <Folder>
          <name>Verify operator notification</name>
        </Folder>
        <Folder>
          <name>Intermediate cleanup</name>
        </Folder>
        <Folder>
          <name>Retrieve pre-existing operator notification</name>
        </Folder>
        <Folder>
          <name>Injection</name>
          <Folder>
            <name>E124: uss1 interuss.automated_testing.rid.v1.injection.createTest</name>
            <Folder>
              <name>Test flight d1849c2c-0e1f-402f-acf7-7adc8b9b2f80</name>
              <Placemark>
                <name>Telemetry 0</name>
                <styleUrl>#modifiedtelemetry</styleUrl>
                <TimeSpan>
                  <begin>2026-10-08T16:13:54.671163+00:00</begin>
                  <end>2026-10-08T16:13:55.671163+00:00</end>
                </TimeSpan>
                <Point>
                  <coordinates>8.523321827032547,47.3715045208158,0</coordinates>
                </Point>
              </Placemark>
              <Placemark>
                <name>Telemetry 1</name>
                <styleUrl>#modifiedtelemetry</styleUrl>
                <TimeSpan>
                  <begin>2026-10-08T16:13:55.671163+00:00</begin>
                  <end>2026-10-08T16:13:56.671163+00:00</end>
                </TimeSpan>
                <Point>
                  <coordinates>8.523282890548819,47.371540881223694,0</coordinates>
                </Point>
              </Placemark>
              <Placemark>
                <name>Telemetry 2</name>
                <styleUrl>#modifiedtelemetry</styleUrl>
                <TimeSpan>
                  <begin>2026-10-08T16:13:56.671163+00:00</begin>
                  <end>2026-10-08T16:13:57.671163+00:00</end>
                </TimeSpan>
                <Point>
                  <coordinates>8.52324395406509,47.37157724163159,0</coordinates>
                </Point>
              </Placemark>
              <Placemark>
                <name>Telemetry 3</name>
                <styleUrl>#modifiedtelemetry</styleUrl>
                <TimeSpan>
                  <begin>2026-10-08T16:13:57.671163+00:00</begin>
                  <end>2026-10-08T16:13:58.671163+00:00</end>
                </TimeSpan>
                <Point>
                  <coordinates>8.523205017581365,47.37161360203949,0</coordinates>
                </Point>
              </Placemark>
              <Placemark>
                <name>Telemetry 4</name>
                <styleUrl>#modifiedtelemetry</styleUrl>
                <TimeSpan>
                  <begin>2026-10-08T16:13:58.671163+00:00</begin>
                  <end>2026-10-08T16:13:59.671163+00:00</end>
                </TimeSpan>
                <Point>
                  <coordinates>8.523166081097637,47.371649962447385,0</coordinates>
                </Point>
              </Placemark>
              <Placemark>
                <name>Telemetry 5</name>
                <styleUrl>#modifiedtelemetry</styleUrl>
                <TimeSpan>
                  <begin>2026-10-08T16:13:59.671163+00:00</begin>
                  <end>2026-10-08T16:14:00.671163+00:00</end>
                </TimeSpan>
                <Point>
                  <coordinates>8.523118769605144,47.37168134446735,0</coordinates>
                </Point>
              </Placemark>
              <Placemark>
                <name>Telemetry 6</name>
                <styleUrl>#modifiedtelemetry</styleUrl>
                <TimeSpan>
                  <begin>2026-10-08T16:14:00.671163+00:00</begin>
                  <end>2026-10-08T16:14:01.671163+00:00</end>
                </TimeSpan>
                <Point>
                  <coordinates>8.523070583658326,47.37171220668214,0</coordinates>
                </Point>
              </Placemark>
              <Placemark>
                <name>Telemetry 7</name>
                <styleUrl>#modifiedtelemetry</styleUrl>
                <TimeSpan>
                  <begin>2026-10-08T16:14:01.671163+00:00</begin>
                  <end>2026-10-08T16:14:02.671163+00:00</end>
                </TimeSpan>
                <Point>
                  <coordinates>8.523022397711506,47.371743068896926,0</coordinates>
                </Point>
              </Placemark>
              <Placemark>
                <name>Telemetry 8</name>
                <styleUrl>#modifiedtelemetry</styleUrl>
                <TimeSpan>
                  <begin>2026-10-08T16:14:02.671163+00:00</begin>
                  <end>2026-10-08T16:14:03.671163+00:00</end>
                </TimeSpan>
                <Point>
                  <coordinates>8.5229757392881,47.371774910132885,0</coordinates>
                </Point>
              </Placemark>
              <Placemark>
                <name>Telemetry 9</name>
                <styleUrl>#modifiedtelemetry</styleUrl>
                <TimeSpan>
                  <begin>2026-10-08T16:14:03.671163+00:00</begin>
                  <end>2026-10-08T16:14:04.671163+00:00</end>
                </TimeSpan>
                <Point>
                  <coordinates>8.522932891599606,47.371809193747204,0</coordinates>
                </Point>
              </Placemark>
              <Placemark>
                <name>Telemetry 10</name>
                <styleUrl>#modifiedtelemetry</styleUrl>
                <TimeSpan>
                  <begin>2026-10-08T16:14:04.671163+00:00</begin>
                  <end>2026-10-08T16:14:05.671163+00:00</end>
                </TimeSpan>
                <Point>
                  <coordinates>8.522890043911113,47.37184347736152,0</coordinates>
                </Point>
              </Placemark>
              <Placemark>
                <name>Telemetry 11</name>
                <styleUrl>#modifiedtelemetry</styleUrl>
                <TimeSpan>
                  <begin>2026-10-08T16:14:05.671163+00:00</begin>
                  <end>2026-10-08T16:14:06.671163+00:00</end>
                </TimeSpan>
                <Point>
                  <coordinates>8.52284719622262,47.37187776097584,0</coordinates>
                </Point>
              </Placemark>
              <Placemark>
                <name>Telemetry 12</name>
                <styleUrl>#modifiedtelemetry</styleUrl>
                <TimeSpan>
                  <begin>2026-10-08T16:14:06.671163+00:00</begin>
                  <end>2026-10-08T16:14:07.671163+00:00</end>
                </TimeSpan>
                <Point>
                  <coordinates>8.522804348534127,47.37191204459016,0</coordinates>
                </Point>
              </Placemark>
              <Placemark>
                <name>Telemetry 13</name>
                <styleUrl>#modifiedtelemetry</styleUrl>
                <TimeSpan>
                  <begin>2026-10-08T16:14:07.671163+00:00</begin>
                  <end>2026-10-08T16:14:08.671163+00:00</end>
                </TimeSpan>
                <Point>
                  <coordinates>8.522761500845634,47.37194632820448,0</coordinates>
                </Point>
              </Placemark>
              <Placemark>
                <name>Telemetry 14</name>
                <styleUrl>#modifiedtelemetry</styleUrl>
                <TimeSpan>
                  <begin>2026-10-08T16:14:08.671163+00:00</begin>
                  <end>2026-10-08T16:14:09.671163+00:00</end>
                </TimeSpan>
                <Point>
                  <coordinates>8.522718653157142,47.371980611818806,0</coordinates>
                </Point>
              </Placemark>
              <Placemark>
                <name>Telemetry 15</name>
                <styleUrl>#modifiedtelemetry</styleUrl>
                <TimeSpan>
                  <begin>2026-10-08T16:14:09.671163+00:00</begin>
                  <end>2026-10-08T16:14:10.671163+00:00</end>
                </TimeSpan>
                <Point>
                  <coordinates>8.522675805468648,47.372014895433125,0</coordinates>
                </Point>
              </Placemark>
              <Placemark>
                <name>Telemetry 16</name>
                <styleUrl>#modifiedtelemetry</styleUrl>
                <TimeSpan>
                  <begin>2026-10-08T16:14:10.671163+00:00</begin>
                  <end>2026-10-08T16:14:11.671163+00:00</end>
                </TimeSpan>
                <Point>
                  <coordinates>8.522630095760274,47.37204743572325,0</coordinates>
                </Point>
              </Placemark>
              <Placemark>
                <name>Telemetry 17</name>
                <styleUrl>#modifiedtelemetry</styleUrl>
                <TimeSpan>
                  <begin>2026-10-08T16:14:11.671163+00:00</begin>
                  <end>2026-10-08T16:14:12.671163+00:00</end>
                </TimeSpan>
                <Point>
                  <coordinates>8.522580799973472,47.372082380767935,0</coordinates>
                </Point>
              </Placemark>
              <Placemark>
                <name>Telemetry 18</name>
                <styleUrl>#modifiedtelemetry</styleUrl>
                <TimeSpan>
                  <begin>2026-10-08T16:14:12.671163+00:00</begin>
                  <end>2026-10-08T16:14:13.671163+00:00</end>
                </TimeSpan>
                <Point>
                  <coordinates>8.52253150418667,47.372117325812624,0</coordinates>
                </Point>
              </Placemark>
              <Placemark>
                <name>Telemetry 19</name>
                <styleUrl>#modifiedtelemetry</styleUrl>
                <TimeSpan>
                  <begin>2026-10-08T16:14:13.671163+00:00</begin>
                  <end>2026-10-08T16:14:14.671163+00:00</end>
                </TimeSpan>
                <Point>
                  <coordinates>8.52248220839987,47.372152270857306,0</coordinates>
                </Point>
              </Placemark>
              <Placemark>
                <name>Telemetry 20</name>
                <styleUrl>#modifiedtelemetry</styleUrl>
                <TimeSpan>
                  <begin>2026-10-08T16:14:14.671163+00:00</begin>
                  <end>2026-10-08T16:14:15.671163+00:00</end>
                </TimeSpan>
                <Point>
                  <coordinates>8.522432912613064,47.372187215901995,0</coordinates>
                </Point>
              </Placemark>
              <Placemark>
                <name>Telemetry 21</name>
                <styleUrl>#modifiedtelemetry</styleUrl>
                <TimeSpan>
                  <begin>2026-10-08T16:14:15.671163+00:00</begin>
                  <end>2026-10-08T16:14:16.671163+00:00</end>
                </TimeSpan>
                <Point>
                  <coordinates>8.522383616826263,47.37222216094668,0</coordinates>
                </Point>
              </Placemark>
              <Placemark>
                <name>Telemetry 22</name>
                <styleUrl>#modifiedtelemetry</styleUrl>
                <TimeSpan>
                  <begin>2026-10-08T16:14:16.671163+00:00</begin>
                  <end>2026-10-08T16:14:17.671163+00:00</end>
                </TimeSpan>
                <Point>
                  <coordinates>8.52233432103946,47.372257105991366,0</coordinates>
                </Point>
              </Placemark>
              <Placemark>
                <name>Telemetry 23</name>
                <styleUrl>#modifiedtelemetry</styleUrl>
                <TimeSpan>
                  <begin>2026-10-08T16:14:17.671163+00:00</begin>
                  <end>2026-10-08T16:14:18.671163+00:00</end>
                </TimeSpan>
                <Point>
                  <coordinates>8.52228502525266,47.37229205103605,0</coordinates>
                </Point>
              </Placemark>
              <Placemark>
                <name>Telemetry 24</name>
                <styleUrl>#modifiedtelemetry</styleUrl>
                <TimeSpan>
                  <begin>2026-10-08T16:14:18.671163+00:00</begin>
                  <end>2026-10-08T16:14:19.671163+00:00</end>
                </TimeSpan>
                <Point>
                  <coordinates>8.522235729465857,47.37232699608074,0</coordinates>
                </Point>
              </Placemark>
              <Placemark>
                <name>Telemetry 25</name>
                <styleUrl>#modifiedtelemetry</styleUrl>
                <TimeSpan>
                  <begin>2026-10-08T16:14:19.671163+00:00</begin>
                  <end>2026-10-08T16:14:20.671163+00:00</end>
                </TimeSpan>
                <Point>
                  <coordinates>8.522186433679055,47.37236194112542,0</coordinates>
                </Point>
              </Placemark>
              <Placemark>
                <name>Telemetry 26</name>
                <styleUrl>#modifiedtelemetry</styleUrl>
                <TimeSpan>
                  <begin>2026-10-08T16:14:20.671163+00:00</begin>
                  <end>2026-10-08T16:14:21.671163+00:00</end>
                </TimeSpan>
                <Point>
                  <coordinates>8.522137137892253,47.37239688617011,0</coordinates>
                </Point>
              </Placemark>
              <Placemark>
                <name>Telemetry 27</name>
                <styleUrl>#modifiedtelemetry</styleUrl>
                <TimeSpan>
                  <begin>2026-10-08T16:14:21.671163+00:00</begin>
                  <end>2026-10-08T16:14:22.671163+00:00</end>
                </TimeSpan>
                <Point>
                  <coordinates>8.522087838468211,47.37243182886079,0</coordinates>
                </Point>
              </Placemark>
              <Placemark>
                <name>Telemetry 28</name>
                <styleUrl>#modifiedtelemetry</styleUrl>
                <TimeSpan>
                  <begin>2026-10-08T16:14:22.671163+00:00</begin>
                  <end>2026-10-08T16:14:23.671163+00:00</end>
                </TimeSpan>
                <Point>
                  <coordinates>8.522032112466293,47.37247131013179,0</coordinates>
                </Point>
              </Placemark>
              <Placemark>
                <name>Telemetry 29</name>
                <styleUrl>#modifiedtelemetry</styleUrl>
                <TimeSpan>
                  <begin>2026-10-08T16:14:23.671163+00:00</begin>
                  <end>2026-10-08T16:14:24.671163+00:00</end>
                </TimeSpan>
                <Point>
                  <coordinates>8.521976386464376,47.37251079140279,0</coordinates>
                </Point>
              </Placemark>
              <Placemark>
                <name>Telemetry 30</name>
                <styleUrl>#modifiedtelemetry</styleUrl>
                <TimeSpan>
                  <begin>2026-10-08T16:14:24.671163+00:00</begin>
                  <end>2026-10-08T16:14:25.671163+00:00</end>
                </TimeSpan>
                <Point>
                  <coordinates>8.521920660462458,47.37255027267379,0</coordinates>
                </Point>
              </Placemark>
              <Placemark>
                <name>Telemetry 31</name>
                <styleUrl>#modifiedtelemetry</styleUrl>
                <TimeSpan>
                  <begin>2026-10-08T16:14:25.671163+00:00</begin>
                  <end>2026-10-08T16:14:26.671163+00:00</end>
                </TimeSpan>
                <Point>
                  <coordinates>8.521864934460542,47.37258975394479,0</coordinates>
                </Point>
              </Placemark>
              <Placemark>
                <name>Telemetry 32</name>
                <styleUrl>#modifiedtelemetry</styleUrl>
                <TimeSpan>
                  <begin>2026-10-08T16:14:26.671163+00:00</begin>
                  <end>2026-10-08T16:14:27.671163+00:00</end>
                </TimeSpan>
                <Point>
                  <coordinates>8.521809208458624,47.37262923521579,0</coordinates>
                </Point>
              </Placemark>
              <Placemark>
                <name>Telemetry 33</name>
                <styleUrl>#modifiedtelemetry</styleUrl>
                <TimeSpan>
                  <begin>2026-10-08T16:14:27.671163+00:00</begin>
                  <end>2026-10-08T16:14:28.671163+00:00</end>
                </TimeSpan>
                <Point>
                  <coordinates>8.521753482456708,47.372668716486785,0</coordinates>
                </Point>
              </Placemark>
              <Placemark>
                <name>Telemetry 34</name>
                <styleUrl>#modifiedtelemetry</styleUrl>
                <TimeSpan>
                  <begin>2026-10-08T16:14:28.671163+00:00</begin>
                  <end>2026-10-08T16:14:29.671163+00:00</end>
                </TimeSpan>
                <Point>
                  <coordinates>8.521697756454788,47.37270819775779,0</coordinates>
                </Point>
              </Placemark>
              <Placemark>
                <name>Telemetry 35</name>
                <styleUrl>#modifiedtelemetry</styleUrl>
                <TimeSpan>
                  <begin>2026-10-08T16:14:29.671163+00:00</begin>
                  <end>2026-10-08T16:14:30.671163+00:00</end>
                </TimeSpan>
                <Point>
                  <coordinates>8.52164203045287,47.372747679028784,0</coordinates>
                </Point>
              </Placemark>
              <Placemark>
                <name>Telemetry 36</name>
                <styleUrl>#modifiedtelemetry</styleUrl>
                <TimeSpan>
                  <begin>2026-10-08T16:14:30.671163+00:00</begin>
                  <end>2026-10-08T16:14:31.671163+00:00</end>
                </TimeSpan>
                <Point>
                  <coordinates>8.521586304450953,47.37278716029979,0</coordinates>
                </Point>
              </Placemark>
              <Placemark>
                <name>Telemetry 37</name>
                <styleUrl>#modifiedtelemetry</styleUrl>
                <TimeSpan>
                  <begin>2026-10-08T16:14:31.671163+00:00</begin>
                  <end>2026-10-08T16:14:32.671163+00:00</end>
                </TimeSpan>
                <Point>
                  <coordinates>8.521530578449035,47.37282664157078,0</coordinates>
                </Point>
              </Placemark>
              <Placemark>
                <name>Telemetry 38</name>
                <styleUrl>#modifiedtelemetry</styleUrl>
                <TimeSpan>
                  <begin>2026-10-08T16:14:32.671163+00:00</begin>
                  <end>2026-10-08T16:14:33.671163+00:00</end>
                </TimeSpan>
                <Point>
                  <coordinates>8.521474852447117,47.372866122841785,0</coordinates>
                </Point>
              </Placemark>
              <Placemark>
                <name>Telemetry 39</name>
                <styleUrl>#modifiedtelemetry</styleUrl>
                <TimeSpan>
                  <begin>2026-10-08T16:14:33.671163+00:00</begin>
                  <end>2026-10-08T16:14:34.671163+00:00</end>
                </TimeSpan>
                <Point>
                  <coordinates>8.5214191264452,47.37290560411278,0</coordinates>
                </Point>
              </Placemark>
              <Placemark>
                <name>Telemetry 40</name>
                <styleUrl>#modifiedtelemetry</styleUrl>
                <TimeSpan>
                  <begin>2026-10-08T16:14:34.671163+00:00</begin>
                  <end>2026-10-08T16:14:35.671163+00:00</end>
                </TimeSpan>
                <Point>
                  <coordinates>8.521363400443283,47.37294508538378,0</coordinates>
                </Point>
              </Placemark>
              <Placemark>
                <name>Telemetry 41</name>
                <styleUrl>#modifiedtelemetry</styleUrl>
                <TimeSpan>
                  <begin>2026-10-08T16:14:35.671163+00:00</begin>
                  <end>2026-10-08T16:14:36.671163+00:00</end>
                </TimeSpan>
                <Point>
                  <coordinates>8.521307674441365,47.37298456665478,0</coordinates>
                </Point>
              </Placemark>
              <Placemark>
                <name>Telemetry 42</name>
                <styleUrl>#modifiedtelemetry</styleUrl>
                <TimeSpan>
                  <begin>2026-10-08T16:14:36.671163+00:00</begin>
                  <end>2026-10-08T16:14:37.671163+00:00</end>
                </TimeSpan>
                <Point>
                  <coordinates>8.521251948439447,47.37302404792578,0</coordinates>
                </Point>
              </Placemark>
              <Placemark>
                <name>Telemetry 43</name>
                <styleUrl>#modifiedtelemetry</styleUrl>
                <TimeSpan>
                  <begin>2026-10-08T16:14:37.671163+00:00</begin>
                  <end>2026-10-08T16:14:38.671163+00:00</end>
                </TimeSpan>
                <Point>
                  <coordinates>8.52119622243753,47.37306352919678,0</coordinates>
                </Point>
              </Placemark>
              <Placemark>
                <name>Telemetry 44</name>
                <styleUrl>#modifiedtelemetry</styleUrl>
                <TimeSpan>
                  <begin>2026-10-08T16:14:38.671163+00:00</begin>
                  <end>2026-10-08T16:14:39.671163+00:00</end>
                </TimeSpan>
                <Point>
                  <coordinates>8.521140496435612,47.37310301046778,0</coordinates>
                </Point>
              </Placemark>
              <Placemark>
                <name>Telemetry 45</name>
                <styleUrl>#modifiedtelemetry</styleUrl>
                <TimeSpan>
                  <begin>2026-10-08T16:14:39.671163+00:00</begin>
                  <end>2026-10-08T16:14:40.671163+00:00</end>
                </TimeSpan>
                <Point>
                  <coordinates>8.521084770433694,47.373142491738776,0</coordinates>
                </Point>
              </Placemark>
              <Placemark>
                <name>Telemetry 46</name>
                <styleUrl>#modifiedtelemetry</styleUrl>
                <TimeSpan>
                  <begin>2026-10-08T16:14:40.671163+00:00</begin>
                  <end>2026-10-08T16:14:41.671163+00:00</end>
                </TimeSpan>
                <Point>
                  <coordinates>8.521029997240193,47.37318257084312,0</coordinates>
                </Point>
              </Placemark>
              <Placemark>
                <name>Telemetry 47</name>
                <styleUrl>#modifiedtelemetry</styleUrl>
                <TimeSpan>
                  <begin>2026-10-08T16:14:41.671163+00:00</begin>
                  <end>2026-10-08T16:14:42.671163+00:00</end>
                </TimeSpan>
                <Point>
                  <coordinates>8.520963533997929,47.37323270220549,0</coordinates>
                </Point>
              </Placemark>
              <Placemark>
                <name>Telemetry 48</name>
                <styleUrl>#modifiedtelemetry</styleUrl>
                <TimeSpan>
                  <begin>2026-10-08T16:14:42.671163+00:00</begin>
                  <end>2026-10-08T16:14:43.671163+00:00</end>
                </TimeSpan>
                <Point>
                  <coordinates>8.520897070755662,47.37328283356786,0</coordinates>
                </Point>
              </Placemark>
              <Placemark>
                <name>Telemetry 49</name>
                <styleUrl>#modifiedtelemetry</styleUrl>
                <TimeSpan>
                  <begin>2026-10-08T16:14:43.671163+00:00</begin>
                  <end>2026-10-08T16:14:44.671163+00:00</end>
                </TimeSpan>
                <Point>
                  <coordinates>8.520830607513398,47.37333296493023,0</coordinates>
                </Point>
              </Placemark>
              <Placemark>
                <name>Telemetry 50</name>
                <styleUrl>#modifiedtelemetry</styleUrl>
                <TimeSpan>
                  <begin>2026-10-08T16:14:44.671163+00:00</begin>
                  <end>2026-10-08T16:14:45.671163+00:00</end>
                </TimeSpan>
                <Point>
                  <coordinates>8.520764144271133,47.3733830962926,0</coordinates>
                </Point>
              </Placemark>
              <Placemark>
                <name>Telemetry 51</name>
                <styleUrl>#modifiedtelemetry</styleUrl>
                <TimeSpan>
                  <begin>2026-10-08T16:14:45.671163+00:00</begin>
                  <end>2026-10-08T16:14:46.671163+00:00</end>
                </TimeSpan>
                <Point>
                  <coordinates>8.520697681028867,47.37343322765497,0</coordinates>
                </Point>
              </Placemark>
              <Placemark>
                <name>Telemetry 52</name>
                <styleUrl>#modifiedtelemetry</styleUrl>
                <TimeSpan>
                  <begin>2026-10-08T16:14:46.671163+00:00</begin>
                  <end>2026-10-08T16:14:47.671163+00:00</end>
                </TimeSpan>
                <Point>
                  <coordinates>8.520631217786603,47.373483359017335,0</coordinates>
                </Point>
              </Placemark>
              <Placemark>
                <name>Telemetry 53</name>
                <styleUrl>#modifiedtelemetry</styleUrl>
                <TimeSpan>
                  <begin>2026-10-08T16:14:47.671163+00:00</begin>
                  <end>2026-10-08T16:14:48.671163+00:00</end>
                </TimeSpan>
                <Point>
                  <coordinates>8.520564754544338,47.37353349037971,0</coordinates>
                </Point>
              </Placemark>
              <Placemark>
                <name>Telemetry 54</name>
                <styleUrl>#modifiedtelemetry</styleUrl>
                <TimeSpan>
                  <begin>2026-10-08T16:14:48.671163+00:00</begin>
                  <end>2026-10-08T16:14:49.671163+00:00</end>
                </TimeSpan>
                <Point>
                  <coordinates>8.520498291302074,47.37358362174207,0</coordinates>
                </Point>
              </Placemark>
              <Placemark>
                <name>Telemetry 55</name>
                <styleUrl>#modifiedtelemetry</styleUrl>
                <TimeSpan>
                  <begin>2026-10-08T16:14:49.671163+00:00</begin>
                  <end>2026-10-08T16:14:50.671163+00:00</end>
                </TimeSpan>
                <Point>
                  <coordinates>8.520431828059808,47.37363375310444,0</coordinates>
                </Point>
              </Placemark>
              <Placemark>
                <name>Telemetry 56</name>
                <styleUrl>#modifiedtelemetry</styleUrl>
                <TimeSpan>
                  <begin>2026-10-08T16:14:50.671163+00:00</begin>
                  <end>2026-10-08T16:14:51.671163+00:00</end>
                </TimeSpan>
                <Point>
                  <coordinates>8.520365364817543,47.373683884466814,0</coordinates>
                </Point>
              </Placemark>
              <Placemark>
                <name>Telemetry 57</name>
                <styleUrl>#modifiedtelemetry</styleUrl>
                <TimeSpan>
                  <begin>2026-10-08T16:14:51.671163+00:00</begin>
                  <end>2026-10-08T16:14:52.671163+00:00</end>
                </TimeSpan>
                <Point>
                  <coordinates>8.520303903282091,47.37373680594896,0</coordinates>
                </Point>
              </Placemark>
              <Placemark>
                <name>Telemetry 58</name>
                <styleUrl>#modifiedtelemetry</styleUrl>
                <TimeSpan>
                  <begin>2026-10-08T16:14:52.671163+00:00</begin>
                  <end>2026-10-08T16:14:53.671163+00:00</end>
                </TimeSpan>
                <Point>
                  <coordinates>8.520235595452737,47.373798117289056,0</coordinates>
                </Point>
              </Placemark>
              <Placemark>
                <name>Telemetry 59</name>
                <styleUrl>#modifiedtelemetry</styleUrl>
                <TimeSpan>
                  <begin>2026-10-08T16:14:53.671163+00:00</begin>
                  <end>2026-10-08T16:14:54.671163+00:00</end>
                </TimeSpan>
                <Point>
                  <coordinates>8.520167287623382,47.373859428629146,0</coordinates>
                </Point>
              </Placemark>
              <Placemark>
                <name>Telemetry 60</name>
                <styleUrl>#modifiedtelemetry</styleUrl>
                <TimeSpan>
                  <begin>2026-10-08T16:14:54.671163+00:00</begin>
                  <end>2026-10-08T16:14:55.671163+00:00</end>
                </TimeSpan>
                <Point>
                  <coordinates>8.520098979794028,47.37392073996924,0</coordinates>
                </Point>
              </Placemark>
              <Placemark>
                <name>Telemetry 61</name>
                <styleUrl>#modifiedtelemetry</styleUrl>
                <TimeSpan>
                  <begin>2026-10-08T16:14:55.671163+00:00</begin>
                  <end>2026-10-08T16:14:56.671163+00:00</end>
                </TimeSpan>
                <Point>
                  <coordinates>8.520030671964673,47.37398205130934,0</coordinates>
                </Point>
              </Placemark>
              <Placemark>
                <name>Telemetry 62</name>
                <styleUrl>#modifiedtelemetry</styleUrl>
                <TimeSpan>
                  <begin>2026-10-08T16:14:56.671163+00:00</begin>
                  <end>2026-10-08T16:14:57.671163+00:00</end>
                </TimeSpan>
                <Point>
                  <coordinates>8.519962364135319,47.37404336264943,0</coordinates>
                </Point>
              </Placemark>
              <Placemark>
                <name>Telemetry 63</name>
                <styleUrl>#modifiedtelemetry</styleUrl>
                <TimeSpan>
                  <begin>2026-10-08T16:14:57.671163+00:00</begin>
                  <end>2026-10-08T16:14:58.671163+00:00</end>
                </TimeSpan>
                <Point>
                  <coordinates>8.519895098918301,47.374105167193115,0</coordinates>
                </Point>
              </Placemark>
            </Folder>
          </Folder>
        </Folder>
        <Folder>
          <name>Service Provider polling</name>
        </Folder>
        <Folder>
          <name>Service Provider polling</name>
        </Folder>
        <Folder>
          <name>Service Provider polling</name>
        </Folder>
        <Folder>
          <name>Service Provider polling</name>
        </Folder>
        <Folder>
          <name>Service Provider polling</name>
        </Folder>
        <Folder>
          <name>Verify operator notification</name>
        </Folder>
        <Folder>
          <name>Intermediate cleanup</name>
        </Folder>
        <Folder>
          <name>Retrieve pre-existing operator notification</name>
        </Folder>
        <Folder>
          <name>Injection</name>
          <Folder>
            <name>E144: uss1 interuss.automated_testing.rid.v1.injection.createTest</name>
            <Folder>
              <name>Test flight 82df03f1-5d15-4263-92ea-dbba89628e22</name>
              <Placemark>
                <name>Telemetry 0</name>
                <styleUrl>#modifiedtelemetry</styleUrl>
                <TimeSpan>
                  <begin>2026-10-08T16:14:05.168545+00:00</begin>
                  <end>2026-10-08T16:14:06.168545+00:00</end>
                </TimeSpan>
                <Point>
                  <coordinates>8.523321827032547,47.3715045208158,0</coordinates>
                </Point>
              </Placemark>
              <Placemark>
                <name>Telemetry 1</name>
                <styleUrl>#modifiedtelemetry</styleUrl>
                <TimeSpan>
                  <begin>2026-10-08T16:14:06.168545+00:00</begin>
                  <end>2026-10-08T16:14:07.168545+00:00</end>
                </TimeSpan>
                <Point>
                  <coordinates>8.523282890548819,47.371540881223694,0</coordinates>
                </Point>
              </Placemark>
              <Placemark>
                <name>Telemetry 2</name>
                <styleUrl>#modifiedtelemetry</styleUrl>
                <TimeSpan>
                  <begin>2026-10-08T16:14:07.168545+00:00</begin>
                  <end>2026-10-08T16:14:08.168545+00:00</end>
                </TimeSpan>
                <Point>
                  <coordinates>8.52324395406509,47.37157724163159,0</coordinates>
                </Point>
              </Placemark>
              <Placemark>
                <name>Telemetry 3</name>
                <styleUrl>#modifiedtelemetry</styleUrl>
                <TimeSpan>
                  <begin>2026-10-08T16:14:08.168545+00:00</begin>
                  <end>2026-10-08T16:14:09.168545+00:00</end>
                </TimeSpan>
                <Point>
                  <coordinates>8.523205017581365,47.37161360203949,0</coordinates>
                </Point>
              </Placemark>
              <Placemark>
                <name>Telemetry 4</name>
                <styleUrl>#modifiedtelemetry</styleUrl>
                <TimeSpan>
                  <begin>2026-10-08T16:14:09.168545+00:00</begin>
                  <end>2026-10-08T16:14:10.168545+00:00</end>
                </TimeSpan>
                <Point>
                  <coordinates>8.523166081097637,47.371649962447385,0</coordinates>
                </Point>
              </Placemark>
              <Placemark>
                <name>Telemetry 5</name>
                <styleUrl>#modifiedtelemetry</styleUrl>
                <TimeSpan>
                  <begin>2026-10-08T16:14:10.168545+00:00</begin>
                  <end>2026-10-08T16:14:11.168545+00:00</end>
                </TimeSpan>
                <Point>
                  <coordinates>8.523118769605144,47.37168134446735,0</coordinates>
                </Point>
              </Placemark>
              <Placemark>
                <name>Telemetry 6</name>
                <styleUrl>#modifiedtelemetry</styleUrl>
                <TimeSpan>
                  <begin>2026-10-08T16:14:11.168545+00:00</begin>
                  <end>2026-10-08T16:14:12.168545+00:00</end>
                </TimeSpan>
                <Point>
                  <coordinates>8.523070583658326,47.37171220668214,0</coordinates>
                </Point>
              </Placemark>
              <Placemark>
                <name>Telemetry 7</name>
                <styleUrl>#modifiedtelemetry</styleUrl>
                <TimeSpan>
                  <begin>2026-10-08T16:14:12.168545+00:00</begin>
                  <end>2026-10-08T16:14:13.168545+00:00</end>
                </TimeSpan>
                <Point>
                  <coordinates>8.523022397711506,47.371743068896926,0</coordinates>
                </Point>
              </Placemark>
              <Placemark>
                <name>Telemetry 8</name>
                <styleUrl>#modifiedtelemetry</styleUrl>
                <TimeSpan>
                  <begin>2026-10-08T16:14:13.168545+00:00</begin>
                  <end>2026-10-08T16:14:14.168545+00:00</end>
                </TimeSpan>
                <Point>
                  <coordinates>8.5229757392881,47.371774910132885,0</coordinates>
                </Point>
              </Placemark>
              <Placemark>
                <name>Telemetry 9</name>
                <styleUrl>#modifiedtelemetry</styleUrl>
                <TimeSpan>
                  <begin>2026-10-08T16:14:14.168545+00:00</begin>
                  <end>2026-10-08T16:14:15.168545+00:00</end>
                </TimeSpan>
                <Point>
                  <coordinates>8.522932891599606,47.371809193747204,0</coordinates>
                </Point>
              </Placemark>
              <Placemark>
                <name>Telemetry 10</name>
                <styleUrl>#modifiedtelemetry</styleUrl>
                <TimeSpan>
                  <begin>2026-10-08T16:14:15.168545+00:00</begin>
                  <end>2026-10-08T16:14:16.168545+00:00</end>
                </TimeSpan>
                <Point>
                  <coordinates>8.522890043911113,47.37184347736152,0</coordinates>
                </Point>
              </Placemark>
              <Placemark>
                <name>Telemetry 11</name>
                <styleUrl>#modifiedtelemetry</styleUrl>
                <TimeSpan>
                  <begin>2026-10-08T16:14:16.168545+00:00</begin>
                  <end>2026-10-08T16:14:17.168545+00:00</end>
                </TimeSpan>
                <Point>
                  <coordinates>8.52284719622262,47.37187776097584,0</coordinates>
                </Point>
              </Placemark>
              <Placemark>
                <name>Telemetry 12</name>
                <styleUrl>#modifiedtelemetry</styleUrl>
                <TimeSpan>
                  <begin>2026-10-08T16:14:17.168545+00:00</begin>
                  <end>2026-10-08T16:14:18.168545+00:00</end>
                </TimeSpan>
                <Point>
                  <coordinates>8.522804348534127,47.37191204459016,0</coordinates>
                </Point>
              </Placemark>
              <Placemark>
                <name>Telemetry 13</name>
                <styleUrl>#modifiedtelemetry</styleUrl>
                <TimeSpan>
                  <begin>2026-10-08T16:14:18.168545+00:00</begin>
                  <end>2026-10-08T16:14:19.168545+00:00</end>
                </TimeSpan>
                <Point>
                  <coordinates>8.522761500845634,47.37194632820448,0</coordinates>
                </Point>
              </Placemark>
              <Placemark>
                <name>Telemetry 14</name>
                <styleUrl>#modifiedtelemetry</styleUrl>
                <TimeSpan>
                  <begin>2026-10-08T16:14:19.168545+00:00</begin>
                  <end>2026-10-08T16:14:20.168545+00:00</end>
                </TimeSpan>
                <Point>
                  <coordinates>8.522718653157142,47.371980611818806,0</coordinates>
                </Point>
              </Placemark>
              <Placemark>
                <name>Telemetry 15</name>
                <styleUrl>#modifiedtelemetry</styleUrl>
                <TimeSpan>
                  <begin>2026-10-08T16:14:20.168545+00:00</begin>
                  <end>2026-10-08T16:14:21.168545+00:00</end>
                </TimeSpan>
                <Point>
                  <coordinates>8.522675805468648,47.372014895433125,0</coordinates>
                </Point>
              </Placemark>
              <Placemark>
                <name>Telemetry 16</name>
                <styleUrl>#modifiedtelemetry</styleUrl>
                <TimeSpan>
                  <begin>2026-10-08T16:14:21.168545+00:00</begin>
                  <end>2026-10-08T16:14:22.168545+00:00</end>
                </TimeSpan>
                <Point>
                  <coordinates>8.522630095760274,47.37204743572325,0</coordinates>
                </Point>
              </Placemark>
              <Placemark>
                <name>Telemetry 17</name>
                <styleUrl>#modifiedtelemetry</styleUrl>
                <TimeSpan>
                  <begin>2026-10-08T16:14:22.168545+00:00</begin>
                  <end>2026-10-08T16:14:23.168545+00:00</end>
                </TimeSpan>
                <Point>
                  <coordinates>8.522580799973472,47.372082380767935,0</coordinates>
                </Point>
              </Placemark>
              <Placemark>
                <name>Telemetry 18</name>
                <styleUrl>#modifiedtelemetry</styleUrl>
                <TimeSpan>
                  <begin>2026-10-08T16:14:23.168545+00:00</begin>
                  <end>2026-10-08T16:14:24.168545+00:00</end>
                </TimeSpan>
                <Point>
                  <coordinates>8.52253150418667,47.372117325812624,0</coordinates>
                </Point>
              </Placemark>
              <Placemark>
                <name>Telemetry 19</name>
                <styleUrl>#modifiedtelemetry</styleUrl>
                <TimeSpan>
                  <begin>2026-10-08T16:14:24.168545+00:00</begin>
                  <end>2026-10-08T16:14:25.168545+00:00</end>
                </TimeSpan>
                <Point>
                  <coordinates>8.52248220839987,47.372152270857306,0</coordinates>
                </Point>
              </Placemark>
              <Placemark>
                <name>Telemetry 20</name>
                <styleUrl>#modifiedtelemetry</styleUrl>
                <TimeSpan>
                  <begin>2026-10-08T16:14:25.168545+00:00</begin>
                  <end>2026-10-08T16:14:26.168545+00:00</end>
                </TimeSpan>
                <Point>
                  <coordinates>8.522432912613064,47.372187215901995,0</coordinates>
                </Point>
              </Placemark>
              <Placemark>
                <name>Telemetry 21</name>
                <styleUrl>#modifiedtelemetry</styleUrl>
                <TimeSpan>
                  <begin>2026-10-08T16:14:26.168545+00:00</begin>
                  <end>2026-10-08T16:14:27.168545+00:00</end>
                </TimeSpan>
                <Point>
                  <coordinates>8.522383616826263,47.37222216094668,0</coordinates>
                </Point>
              </Placemark>
              <Placemark>
                <name>Telemetry 22</name>
                <styleUrl>#modifiedtelemetry</styleUrl>
                <TimeSpan>
                  <begin>2026-10-08T16:14:27.168545+00:00</begin>
                  <end>2026-10-08T16:14:28.168545+00:00</end>
                </TimeSpan>
                <Point>
                  <coordinates>8.52233432103946,47.372257105991366,0</coordinates>
                </Point>
              </Placemark>
              <Placemark>
                <name>Telemetry 23</name>
                <styleUrl>#modifiedtelemetry</styleUrl>
                <TimeSpan>
                  <begin>2026-10-08T16:14:28.168545+00:00</begin>
                  <end>2026-10-08T16:14:29.168545+00:00</end>
                </TimeSpan>
                <Point>
                  <coordinates>8.52228502525266,47.37229205103605,0</coordinates>
                </Point>
              </Placemark>
              <Placemark>
                <name>Telemetry 24</name>
                <styleUrl>#modifiedtelemetry</styleUrl>
                <TimeSpan>
                  <begin>2026-10-08T16:14:29.168545+00:00</begin>
                  <end>2026-10-08T16:14:30.168545+00:00</end>
                </TimeSpan>
                <Point>
                  <coordinates>8.522235729465857,47.37232699608074,0</coordinates>
                </Point>
              </Placemark>
              <Placemark>
                <name>Telemetry 25</name>
                <styleUrl>#modifiedtelemetry</styleUrl>
                <TimeSpan>
                  <begin>2026-10-08T16:14:30.168545+00:00</begin>
                  <end>2026-10-08T16:14:31.168545+00:00</end>
                </TimeSpan>
                <Point>
                  <coordinates>8.522186433679055,47.37236194112542,0</coordinates>
                </Point>
              </Placemark>
              <Placemark>
                <name>Telemetry 26</name>
                <styleUrl>#modifiedtelemetry</styleUrl>
                <TimeSpan>
                  <begin>2026-10-08T16:14:31.168545+00:00</begin>
                  <end>2026-10-08T16:14:32.168545+00:00</end>
                </TimeSpan>
                <Point>
                  <coordinates>8.522137137892253,47.37239688617011,0</coordinates>
                </Point>
              </Placemark>
              <Placemark>
                <name>Telemetry 27</name>
                <styleUrl>#modifiedtelemetry</styleUrl>
                <TimeSpan>
                  <begin>2026-10-08T16:14:32.168545+00:00</begin>
                  <end>2026-10-08T16:14:33.168545+00:00</end>
                </TimeSpan>
                <Point>
                  <coordinates>8.522087838468211,47.37243182886079,0</coordinates>
                </Point>
              </Placemark>
              <Placemark>
                <name>Telemetry 28</name>
                <styleUrl>#modifiedtelemetry</styleUrl>
                <TimeSpan>
                  <begin>2026-10-08T16:14:33.168545+00:00</begin>
                  <end>2026-10-08T16:14:34.168545+00:00</end>
                </TimeSpan>
                <Point>
                  <coordinates>8.522032112466293,47.37247131013179,0</coordinates>
                </Point>
              </Placemark>
              <Placemark>
                <name>Telemetry 29</name>
                <styleUrl>#modifiedtelemetry</styleUrl>
                <TimeSpan>
                  <begin>2026-10-08T16:14:34.168545+00:00</begin>
                  <end>2026-10-08T16:14:35.168545+00:00</end>
                </TimeSpan>
                <Point>
                  <coordinates>8.521976386464376,47.37251079140279,0</coordinates>
                </Point>
              </Placemark>
              <Placemark>
                <name>Telemetry 30</name>
                <styleUrl>#modifiedtelemetry</styleUrl>
                <TimeSpan>
                  <begin>2026-10-08T16:14:35.168545+00:00</begin>
                  <end>2026-10-08T16:14:36.168545+00:00</end>
                </TimeSpan>
                <Point>
                  <coordinates>8.521920660462458,47.37255027267379,0</coordinates>
                </Point>
              </Placemark>
              <Placemark>
                <name>Telemetry 31</name>
                <styleUrl>#modifiedtelemetry</styleUrl>
                <TimeSpan>
                  <begin>2026-10-08T16:14:36.168545+00:00</begin>
                  <end>2026-10-08T16:14:37.168545+00:00</end>
                </TimeSpan>
                <Point>
                  <coordinates>8.521864934460542,47.37258975394479,0</coordinates>
                </Point>
              </Placemark>
              <Placemark>
                <name>Telemetry 32</name>
                <styleUrl>#modifiedtelemetry</styleUrl>
                <TimeSpan>
                  <begin>2026-10-08T16:14:37.168545+00:00</begin>
                  <end>2026-10-08T16:14:38.168545+00:00</end>
                </TimeSpan>
                <Point>
                  <coordinates>8.521809208458624,47.37262923521579,0</coordinates>
                </Point>
              </Placemark>
              <Placemark>
                <name>Telemetry 33</name>
                <styleUrl>#modifiedtelemetry</styleUrl>
                <TimeSpan>
                  <begin>2026-10-08T16:14:38.168545+00:00</begin>
                  <end>2026-10-08T16:14:39.168545+00:00</end>
                </TimeSpan>
                <Point>
                  <coordinates>8.521753482456708,47.372668716486785,0</coordinates>
                </Point>
              </Placemark>
              <Placemark>
                <name>Telemetry 34</name>
                <styleUrl>#modifiedtelemetry</styleUrl>
                <TimeSpan>
                  <begin>2026-10-08T16:14:39.168545+00:00</begin>
                  <end>2026-10-08T16:14:40.168545+00:00</end>
                </TimeSpan>
                <Point>
                  <coordinates>8.521697756454788,47.37270819775779,0</coordinates>
                </Point>
              </Placemark>
              <Placemark>
                <name>Telemetry 35</name>
                <styleUrl>#modifiedtelemetry</styleUrl>
                <TimeSpan>
                  <begin>2026-10-08T16:14:40.168545+00:00</begin>
                  <end>2026-10-08T16:14:41.168545+00:00</end>
                </TimeSpan>
                <Point>
                  <coordinates>8.52164203045287,47.372747679028784,0</coordinates>
                </Point>
              </Placemark>
              <Placemark>
                <name>Telemetry 36</name>
                <styleUrl>#modifiedtelemetry</styleUrl>
                <TimeSpan>
                  <begin>2026-10-08T16:14:41.168545+00:00</begin>
                  <end>2026-10-08T16:14:42.168545+00:00</end>
                </TimeSpan>
                <Point>
                  <coordinates>8.521586304450953,47.37278716029979,0</coordinates>
                </Point>
              </Placemark>
              <Placemark>
                <name>Telemetry 37</name>
                <styleUrl>#modifiedtelemetry</styleUrl>
                <TimeSpan>
                  <begin>2026-10-08T16:14:42.168545+00:00</begin>
                  <end>2026-10-08T16:14:43.168545+00:00</end>
                </TimeSpan>
                <Point>
                  <coordinates>8.521530578449035,47.37282664157078,0</coordinates>
                </Point>
              </Placemark>
              <Placemark>
                <name>Telemetry 38</name>
                <styleUrl>#modifiedtelemetry</styleUrl>
                <TimeSpan>
                  <begin>2026-10-08T16:14:43.168545+00:00</begin>
                  <end>2026-10-08T16:14:44.168545+00:00</end>
                </TimeSpan>
                <Point>
                  <coordinates>8.521474852447117,47.372866122841785,0</coordinates>
                </Point>
              </Placemark>
              <Placemark>
                <name>Telemetry 39</name>
                <styleUrl>#modifiedtelemetry</styleUrl>
                <TimeSpan>
                  <begin>2026-10-08T16:14:44.168545+00:00</begin>
                  <end>2026-10-08T16:14:45.168545+00:00</end>
                </TimeSpan>
                <Point>
                  <coordinates>8.5214191264452,47.37290560411278,0</coordinates>
                </Point>
              </Placemark>
              <Placemark>
                <name>Telemetry 40</name>
                <styleUrl>#modifiedtelemetry</styleUrl>
                <TimeSpan>
                  <begin>2026-10-08T16:14:45.168545+00:00</begin>
                  <end>2026-10-08T16:14:46.168545+00:00</end>
                </TimeSpan>
                <Point>
                  <coordinates>8.521363400443283,47.37294508538378,0</coordinates>
                </Point>
              </Placemark>
              <Placemark>
                <name>Telemetry 41</name>
                <styleUrl>#modifiedtelemetry</styleUrl>
                <TimeSpan>
                  <begin>2026-10-08T16:14:46.168545+00:00</begin>
                  <end>2026-10-08T16:14:47.168545+00:00</end>
                </TimeSpan>
                <Point>
                  <coordinates>8.521307674441365,47.37298456665478,0</coordinates>
                </Point>
              </Placemark>
              <Placemark>
                <name>Telemetry 42</name>
                <styleUrl>#modifiedtelemetry</styleUrl>
                <TimeSpan>
                  <begin>2026-10-08T16:14:47.168545+00:00</begin>
                  <end>2026-10-08T16:14:48.168545+00:00</end>
                </TimeSpan>
                <Point>
                  <coordinates>8.521251948439447,47.37302404792578,0</coordinates>
                </Point>
              </Placemark>
              <Placemark>
                <name>Telemetry 43</name>
                <styleUrl>#modifiedtelemetry</styleUrl>
                <TimeSpan>
                  <begin>2026-10-08T16:14:48.168545+00:00</begin>
                  <end>2026-10-08T16:14:49.168545+00:00</end>
                </TimeSpan>
                <Point>
                  <coordinates>8.52119622243753,47.37306352919678,0</coordinates>
                </Point>
              </Placemark>
              <Placemark>
                <name>Telemetry 44</name>
                <styleUrl>#modifiedtelemetry</styleUrl>
                <TimeSpan>
                  <begin>2026-10-08T16:14:49.168545+00:00</begin>
                  <end>2026-10-08T16:14:50.168545+00:00</end>
                </TimeSpan>
                <Point>
                  <coordinates>8.521140496435612,47.37310301046778,0</coordinates>
                </Point>
              </Placemark>
              <Placemark>
                <name>Telemetry 45</name>
                <styleUrl>#modifiedtelemetry</styleUrl>
                <TimeSpan>
                  <begin>2026-10-08T16:14:50.168545+00:00</begin>
                  <end>2026-10-08T16:14:51.168545+00:00</end>
                </TimeSpan>
                <Point>
                  <coordinates>8.521084770433694,47.373142491738776,0</coordinates>
                </Point>
              </Placemark>
              <Placemark>
                <name>Telemetry 46</name>
                <styleUrl>#modifiedtelemetry</styleUrl>
                <TimeSpan>
                  <begin>2026-10-08T16:14:51.168545+00:00</begin>
                  <end>2026-10-08T16:14:52.168545+00:00</end>
                </TimeSpan>
                <Point>
                  <coordinates>8.521029997240193,47.37318257084312,0</coordinates>
                </Point>
              </Placemark>
              <Placemark>
                <name>Telemetry 47</name>
                <styleUrl>#modifiedtelemetry</styleUrl>
                <TimeSpan>
                  <begin>2026-10-08T16:14:52.168545+00:00</begin>
                  <end>2026-10-08T16:14:53.168545+00:00</end>
                </TimeSpan>
                <Point>
                  <coordinates>8.520963533997929,47.37323270220549,0</coordinates>
                </Point>
              </Placemark>
              <Placemark>
                <name>Telemetry 48</name>
                <styleUrl>#modifiedtelemetry</styleUrl>
                <TimeSpan>
                  <begin>2026-10-08T16:14:53.168545+00:00</begin>
                  <end>2026-10-08T16:14:54.168545+00:00</end>
                </TimeSpan>
                <Point>
                  <coordinates>8.520897070755662,47.37328283356786,0</coordinates>
                </Point>
              </Placemark>
              <Placemark>
                <name>Telemetry 49</name>
                <styleUrl>#modifiedtelemetry</styleUrl>
                <TimeSpan>
                  <begin>2026-10-08T16:14:54.168545+00:00</begin>
                  <end>2026-10-08T16:14:55.168545+00:00</end>
                </TimeSpan>
                <Point>
                  <coordinates>8.520830607513398,47.37333296493023,0</coordinates>
                </Point>
              </Placemark>
              <Placemark>
                <name>Telemetry 50</name>
                <styleUrl>#modifiedtelemetry</styleUrl>
                <TimeSpan>
                  <begin>2026-10-08T16:14:55.168545+00:00</begin>
                  <end>2026-10-08T16:14:56.168545+00:00</end>
                </TimeSpan>
                <Point>
                  <coordinates>8.520764144271133,47.3733830962926,0</coordinates>
                </Point>
              </Placemark>
              <Placemark>
                <name>Telemetry 51</name>
                <styleUrl>#modifiedtelemetry</styleUrl>
                <TimeSpan>
                  <begin>2026-10-08T16:14:56.168545+00:00</begin>
                  <end>2026-10-08T16:14:57.168545+00:00</end>
                </TimeSpan>
                <Point>
                  <coordinates>8.520697681028867,47.37343322765497,0</coordinates>
                </Point>
              </Placemark>
              <Placemark>
                <name>Telemetry 52</name>
                <styleUrl>#modifiedtelemetry</styleUrl>
                <TimeSpan>
                  <begin>2026-10-08T16:14:57.168545+00:00</begin>
                  <end>2026-10-08T16:14:58.168545+00:00</end>
                </TimeSpan>
                <Point>
                  <coordinates>8.520631217786603,47.373483359017335,0</coordinates>
                </Point>
              </Placemark>
              <Placemark>
                <name>Telemetry 53</name>
                <styleUrl>#modifiedtelemetry</styleUrl>
                <TimeSpan>
                  <begin>2026-10-08T16:14:58.168545+00:00</begin>
                  <end>2026-10-08T16:14:59.168545+00:00</end>
                </TimeSpan>
                <Point>
                  <coordinates>8.520564754544338,47.37353349037971,0</coordinates>
                </Point>
              </Placemark>
              <Placemark>
                <name>Telemetry 54</name>
                <styleUrl>#modifiedtelemetry</styleUrl>
                <TimeSpan>
                  <begin>2026-10-08T16:14:59.168545+00:00</begin>
                  <end>2026-10-08T16:15:00.168545+00:00</end>
                </TimeSpan>
                <Point>
                  <coordinates>8.520498291302074,47.37358362174207,0</coordinates>
                </Point>
              </Placemark>
              <Placemark>
                <name>Telemetry 55</name>
                <styleUrl>#modifiedtelemetry</styleUrl>
                <TimeSpan>
                  <begin>2026-10-08T16:15:00.168545+00:00</begin>
                  <end>2026-10-08T16:15:01.168545+00:00</end>
                </TimeSpan>
                <Point>
                  <coordinates>8.520431828059808,47.37363375310444,0</coordinates>
                </Point>
              </Placemark>
              <Placemark>
                <name>Telemetry 56</name>
                <styleUrl>#modifiedtelemetry</styleUrl>
                <TimeSpan>
                  <begin>2026-10-08T16:15:01.168545+00:00</begin>
                  <end>2026-10-08T16:15:02.168545+00:00</end>
                </TimeSpan>
                <Point>
                  <coordinates>8.520365364817543,47.373683884466814,0</coordinates>
                </Point>
              </Placemark>
              <Placemark>
                <name>Telemetry 57</name>
                <styleUrl>#modifiedtelemetry</styleUrl>
                <TimeSpan>
                  <begin>2026-10-08T16:15:02.168545+00:00</begin>
                  <end>2026-10-08T16:15:03.168545+00:00</end>
                </TimeSpan>
                <Point>
                  <coordinates>8.520303903282091,47.37373680594896,0</coordinates>
                </Point>
              </Placemark>
              <Placemark>
                <name>Telemetry 58</name>
                <styleUrl>#modifiedtelemetry</styleUrl>
                <TimeSpan>
                  <begin>2026-10-08T16:15:03.168545+00:00</begin>
                  <end>2026-10-08T16:15:04.168545+00:00</end>
                </TimeSpan>
                <Point>
                  <coordinates>8.520235595452737,47.373798117289056,0</coordinates>
                </Point>
              </Placemark>
              <Placemark>
                <name>Telemetry 59</name>
                <styleUrl>#modifiedtelemetry</styleUrl>
                <TimeSpan>
                  <begin>2026-10-08T16:15:04.168545+00:00</begin>
                  <end>2026-10-08T16:15:05.168545+00:00</end>
                </TimeSpan>
                <Point>
                  <coordinates>8.520167287623382,47.373859428629146,0</coordinates>
                </Point>
              </Placemark>
              <Placemark>
                <name>Telemetry 60</name>
                <styleUrl>#modifiedtelemetry</styleUrl>
                <TimeSpan>
                  <begin>2026-10-08T16:15:05.168545+00:00</begin>
                  <end>2026-10-08T16:15:06.168545+00:00</end>
                </TimeSpan>
                <Point>
                  <coordinates>8.520098979794028,47.37392073996924,0</coordinates>
                </Point>
              </Placemark>
              <Placemark>
                <name>Telemetry 61</name>
                <styleUrl>#modifiedtelemetry</styleUrl>
                <TimeSpan>
                  <begin>2026-10-08T16:15:06.168545+00:00</begin>
                  <end>2026-10-08T16:15:07.168545+00:00</end>
                </TimeSpan>
                <Point>
                  <coordinates>8.520030671964673,47.37398205130934,0</coordinates>
                </Point>
              </Placemark>
              <Placemark>
                <name>Telemetry 62</name>
                <styleUrl>#modifiedtelemetry</styleUrl>
                <TimeSpan>
                  <begin>2026-10-08T16:15:07.168545+00:00</begin>
                  <end>2026-10-08T16:15:08.168545+00:00</end>
                </TimeSpan>
                <Point>
                  <coordinates>8.519962364135319,47.37404336264943,0</coordinates>
                </Point>
              </Placemark>
              <Placemark>
                <name>Telemetry 63</name>
                <styleUrl>#modifiedtelemetry</styleUrl>
                <TimeSpan>
                  <begin>2026-10-08T16:15:08.168545+00:00</begin>
                  <end>2026-10-08T16:15:09.168545+00:00</end>
                </TimeSpan>
                <Point>
                  <coordinates>8.519895098918301,47.374105167193115,0</coordinates>
                </Point>
              </Placemark>
            </Folder>
          </Folder>
        </Folder>
        <Folder>
          <name>Service Provider polling</name>
        </Folder>
        <Folder>
          <name>Service Provider polling</name>
        </Folder>
        <Folder>
          <name>Service Provider polling</name>
        </Folder>
        <Folder>
          <name>Service Provider polling</name>
        </Folder>
        <Folder>
          <name>Service Provider polling</name>
        </Folder>
        <Folder>
          <name>Verify operator notification</name>
        </Folder>
        <Folder>
          <name>Intermediate cleanup</name>
        </Folder>
        <Folder>
          <name>Retrieve pre-existing operator notification</name>
        </Folder>
        <Folder>
          <name>Injection</name>
          <Folder>
            <name>E164: uss1 interuss.automated_testing.rid.v1.injection.createTest</name>
            <Folder>
              <name>Test flight 1f6857df-8665-4a6f-8a85-0e8f73b3a76a</name>
              <Placemark>
                <name>Telemetry 0</name>
                <styleUrl>#modifiedtelemetry</styleUrl>
                <TimeSpan>
                  <begin>2026-10-08T16:14:15.683291+00:00</begin>
                  <end>2026-10-08T16:14:16.683291+00:00</end>
                </TimeSpan>
                <Point>
                  <coordinates>8.523321827032547,47.3715045208158,0</coordinates>
                </Point>
              </Placemark>
              <Placemark>
                <name>Telemetry 1</name>
                <styleUrl>#modifiedtelemetry</styleUrl>
                <TimeSpan>
                  <begin>2026-10-08T16:14:16.683291+00:00</begin>
                  <end>2026-10-08T16:14:17.683291+00:00</end>
                </TimeSpan>
                <Point>
                  <coordinates>8.523282890548819,47.371540881223694,0</coordinates>
                </Point>
              </Placemark>
              <Placemark>
                <name>Telemetry 2</name>
                <styleUrl>#modifiedtelemetry</styleUrl>
                <TimeSpan>
                  <begin>2026-10-08T16:14:17.683291+00:00</begin>
                  <end>2026-10-08T16:14:18.683291+00:00</end>
                </TimeSpan>
                <Point>
                  <coordinates>8.52324395406509,47.37157724163159,0</coordinates>
                </Point>
              </Placemark>
              <Placemark>
                <name>Telemetry 3</name>
                <styleUrl>#modifiedtelemetry</styleUrl>
                <TimeSpan>
                  <begin>2026-10-08T16:14:18.683291+00:00</begin>
                  <end>2026-10-08T16:14:19.683291+00:00</end>
                </TimeSpan>
                <Point>
                  <coordinates>8.523205017581365,47.37161360203949,0</coordinates>
                </Point>
              </Placemark>
              <Placemark>
                <name>Telemetry 4</name>
                <styleUrl>#modifiedtelemetry</styleUrl>
                <TimeSpan>
                  <begin>2026-10-08T16:14:19.683291+00:00</begin>
                  <end>2026-10-08T16:14:20.683291+00:00</end>
                </TimeSpan>
                <Point>
                  <coordinates>8.523166081097637,47.371649962447385,0</coordinates>
                </Point>
              </Placemark>
              <Placemark>
                <name>Telemetry 5</name>
                <styleUrl>#modifiedtelemetry</styleUrl>
                <TimeSpan>
                  <begin>2026-10-08T16:14:20.683291+00:00</begin>
                  <end>2026-10-08T16:14:21.683291+00:00</end>
                </TimeSpan>
                <Point>
                  <coordinates>8.523118769605144,47.37168134446735,0</coordinates>
                </Point>
              </Placemark>
              <Placemark>
                <name>Telemetry 6</name>
                <styleUrl>#modifiedtelemetry</styleUrl>
                <TimeSpan>
                  <begin>2026-10-08T16:14:21.683291+00:00</begin>
                  <end>2026-10-08T16:14:22.683291+00:00</end>
                </TimeSpan>
                <Point>
                  <coordinates>8.523070583658326,47.37171220668214,0</coordinates>
                </Point>
              </Placemark>
              <Placemark>
                <name>Telemetry 7</name>
                <styleUrl>#modifiedtelemetry</styleUrl>
                <TimeSpan>
                  <begin>2026-10-08T16:14:22.683291+00:00</begin>
                  <end>2026-10-08T16:14:23.683291+00:00</end>
                </TimeSpan>
                <Point>
                  <coordinates>8.523022397711506,47.371743068896926,0</coordinates>
                </Point>
              </Placemark>
              <Placemark>
                <name>Telemetry 8</name>
                <styleUrl>#modifiedtelemetry</styleUrl>
                <TimeSpan>
                  <begin>2026-10-08T16:14:23.683291+00:00</begin>
                  <end>2026-10-08T16:14:24.683291+00:00</end>
                </TimeSpan>
                <Point>
                  <coordinates>8.5229757392881,47.371774910132885,0</coordinates>
                </Point>
              </Placemark>
              <Placemark>
                <name>Telemetry 9</name>
                <styleUrl>#modifiedtelemetry</styleUrl>
                <TimeSpan>
                  <begin>2026-10-08T16:14:24.683291+00:00</begin>
                  <end>2026-10-08T16:14:25.683291+00:00</end>
                </TimeSpan>
                <Point>
                  <coordinates>8.522932891599606,47.371809193747204,0</coordinates>
                </Point>
              </Placemark>
              <Placemark>
                <name>Telemetry 10</name>
                <styleUrl>#modifiedtelemetry</styleUrl>
                <TimeSpan>
                  <begin>2026-10-08T16:14:25.683291+00:00</begin>
                  <end>2026-10-08T16:14:26.683291+00:00</end>
                </TimeSpan>
                <Point>
                  <coordinates>8.522890043911113,47.37184347736152,0</coordinates>
                </Point>
              </Placemark>
              <Placemark>
                <name>Telemetry 11</name>
                <styleUrl>#modifiedtelemetry</styleUrl>
                <TimeSpan>
                  <begin>2026-10-08T16:14:26.683291+00:00</begin>
                  <end>2026-10-08T16:14:27.683291+00:00</end>
                </TimeSpan>
                <Point>
                  <coordinates>8.52284719622262,47.37187776097584,0</coordinates>
                </Point>
              </Placemark>
              <Placemark>
                <name>Telemetry 12</name>
                <styleUrl>#modifiedtelemetry</styleUrl>
                <TimeSpan>
                  <begin>2026-10-08T16:14:27.683291+00:00</begin>
                  <end>2026-10-08T16:14:28.683291+00:00</end>
                </TimeSpan>
                <Point>
                  <coordinates>8.522804348534127,47.37191204459016,0</coordinates>
                </Point>
              </Placemark>
              <Placemark>
                <name>Telemetry 13</name>
                <styleUrl>#modifiedtelemetry</styleUrl>
                <TimeSpan>
                  <begin>2026-10-08T16:14:28.683291+00:00</begin>
                  <end>2026-10-08T16:14:29.683291+00:00</end>
                </TimeSpan>
                <Point>
                  <coordinates>8.522761500845634,47.37194632820448,0</coordinates>
                </Point>
              </Placemark>
              <Placemark>
                <name>Telemetry 14</name>
                <styleUrl>#modifiedtelemetry</styleUrl>
                <TimeSpan>
                  <begin>2026-10-08T16:14:29.683291+00:00</begin>
                  <end>2026-10-08T16:14:30.683291+00:00</end>
                </TimeSpan>
                <Point>
                  <coordinates>8.522718653157142,47.371980611818806,0</coordinates>
                </Point>
              </Placemark>
              <Placemark>
                <name>Telemetry 15</name>
                <styleUrl>#modifiedtelemetry</styleUrl>
                <TimeSpan>
                  <begin>2026-10-08T16:14:30.683291+00:00</begin>
                  <end>2026-10-08T16:14:31.683291+00:00</end>
                </TimeSpan>
                <Point>
                  <coordinates>8.522675805468648,47.372014895433125,0</coordinates>
                </Point>
              </Placemark>
              <Placemark>
                <name>Telemetry 16</name>
                <styleUrl>#modifiedtelemetry</styleUrl>
                <TimeSpan>
                  <begin>2026-10-08T16:14:31.683291+00:00</begin>
                  <end>2026-10-08T16:14:32.683291+00:00</end>
                </TimeSpan>
                <Point>
                  <coordinates>8.522630095760274,47.37204743572325,0</coordinates>
                </Point>
              </Placemark>
              <Placemark>
                <name>Telemetry 17</name>
                <styleUrl>#modifiedtelemetry</styleUrl>
                <TimeSpan>
                  <begin>2026-10-08T16:14:32.683291+00:00</begin>
                  <end>2026-10-08T16:14:33.683291+00:00</end>
                </TimeSpan>
                <Point>
                  <coordinates>8.522580799973472,47.372082380767935,0</coordinates>
                </Point>
              </Placemark>
              <Placemark>
                <name>Telemetry 18</name>
                <styleUrl>#modifiedtelemetry</styleUrl>
                <TimeSpan>
                  <begin>2026-10-08T16:14:33.683291+00:00</begin>
                  <end>2026-10-08T16:14:34.683291+00:00</end>
                </TimeSpan>
                <Point>
                  <coordinates>8.52253150418667,47.372117325812624,0</coordinates>
                </Point>
              </Placemark>
              <Placemark>
                <name>Telemetry 19</name>
                <styleUrl>#modifiedtelemetry</styleUrl>
                <TimeSpan>
                  <begin>2026-10-08T16:14:34.683291+00:00</begin>
                  <end>2026-10-08T16:14:35.683291+00:00</end>
                </TimeSpan>
                <Point>
                  <coordinates>8.52248220839987,47.372152270857306,0</coordinates>
                </Point>
              </Placemark>
              <Placemark>
                <name>Telemetry 20</name>
                <styleUrl>#modifiedtelemetry</styleUrl>
                <TimeSpan>
                  <begin>2026-10-08T16:14:35.683291+00:00</begin>
                  <end>2026-10-08T16:14:36.683291+00:00</end>
                </TimeSpan>
                <Point>
                  <coordinates>8.522432912613064,47.372187215901995,0</coordinates>
                </Point>
              </Placemark>
              <Placemark>
                <name>Telemetry 21</name>
                <styleUrl>#modifiedtelemetry</styleUrl>
                <TimeSpan>
                  <begin>2026-10-08T16:14:36.683291+00:00</begin>
                  <end>2026-10-08T16:14:37.683291+00:00</end>
                </TimeSpan>
                <Point>
                  <coordinates>8.522383616826263,47.37222216094668,0</coordinates>
                </Point>
              </Placemark>
              <Placemark>
                <name>Telemetry 22</name>
                <styleUrl>#modifiedtelemetry</styleUrl>
                <TimeSpan>
                  <begin>2026-10-08T16:14:37.683291+00:00</begin>
                  <end>2026-10-08T16:14:38.683291+00:00</end>
                </TimeSpan>
                <Point>
                  <coordinates>8.52233432103946,47.372257105991366,0</coordinates>
                </Point>
              </Placemark>
              <Placemark>
                <name>Telemetry 23</name>
                <styleUrl>#modifiedtelemetry</styleUrl>
                <TimeSpan>
                  <begin>2026-10-08T16:14:38.683291+00:00</begin>
                  <end>2026-10-08T16:14:39.683291+00:00</end>
                </TimeSpan>
                <Point>
                  <coordinates>8.52228502525266,47.37229205103605,0</coordinates>
                </Point>
              </Placemark>
              <Placemark>
                <name>Telemetry 24</name>
                <styleUrl>#modifiedtelemetry</styleUrl>
                <TimeSpan>
                  <begin>2026-10-08T16:14:39.683291+00:00</begin>
                  <end>2026-10-08T16:14:40.683291+00:00</end>
                </TimeSpan>
                <Point>
                  <coordinates>8.522235729465857,47.37232699608074,0</coordinates>
                </Point>
              </Placemark>
              <Placemark>
                <name>Telemetry 25</name>
                <styleUrl>#modifiedtelemetry</styleUrl>
                <TimeSpan>
                  <begin>2026-10-08T16:14:40.683291+00:00</begin>
                  <end>2026-10-08T16:14:41.683291+00:00</end>
                </TimeSpan>
                <Point>
                  <coordinates>8.522186433679055,47.37236194112542,0</coordinates>
                </Point>
              </Placemark>
              <Placemark>
                <name>Telemetry 26</name>
                <styleUrl>#modifiedtelemetry</styleUrl>
                <TimeSpan>
                  <begin>2026-10-08T16:14:41.683291+00:00</begin>
                  <end>2026-10-08T16:14:42.683291+00:00</end>
                </TimeSpan>
                <Point>
                  <coordinates>8.522137137892253,47.37239688617011,0</coordinates>
                </Point>
              </Placemark>
              <Placemark>
                <name>Telemetry 27</name>
                <styleUrl>#modifiedtelemetry</styleUrl>
                <TimeSpan>
                  <begin>2026-10-08T16:14:42.683291+00:00</begin>
                  <end>2026-10-08T16:14:43.683291+00:00</end>
                </TimeSpan>
                <Point>
                  <coordinates>8.522087838468211,47.37243182886079,0</coordinates>
                </Point>
              </Placemark>
              <Placemark>
                <name>Telemetry 28</name>
                <styleUrl>#modifiedtelemetry</styleUrl>
                <TimeSpan>
                  <begin>2026-10-08T16:14:43.683291+00:00</begin>
                  <end>2026-10-08T16:14:44.683291+00:00</end>
                </TimeSpan>
                <Point>
                  <coordinates>8.522032112466293,47.37247131013179,0</coordinates>
                </Point>
              </Placemark>
              <Placemark>
                <name>Telemetry 29</name>
                <styleUrl>#modifiedtelemetry</styleUrl>
                <TimeSpan>
                  <begin>2026-10-08T16:14:44.683291+00:00</begin>
                  <end>2026-10-08T16:14:45.683291+00:00</end>
                </TimeSpan>
                <Point>
                  <coordinates>8.521976386464376,47.37251079140279,0</coordinates>
                </Point>
              </Placemark>
              <Placemark>
                <name>Telemetry 30</name>
                <styleUrl>#modifiedtelemetry</styleUrl>
                <TimeSpan>
                  <begin>2026-10-08T16:14:45.683291+00:00</begin>
                  <end>2026-10-08T16:14:46.683291+00:00</end>
                </TimeSpan>
                <Point>
                  <coordinates>8.521920660462458,47.37255027267379,0</coordinates>
                </Point>
              </Placemark>
              <Placemark>
                <name>Telemetry 31</name>
                <styleUrl>#modifiedtelemetry</styleUrl>
                <TimeSpan>
                  <begin>2026-10-08T16:14:46.683291+00:00</begin>
                  <end>2026-10-08T16:14:47.683291+00:00</end>
                </TimeSpan>
                <Point>
                  <coordinates>8.521864934460542,47.37258975394479,0</coordinates>
                </Point>
              </Placemark>
              <Placemark>
                <name>Telemetry 32</name>
                <styleUrl>#modifiedtelemetry</styleUrl>
                <TimeSpan>
                  <begin>2026-10-08T16:14:47.683291+00:00</begin>
                  <end>2026-10-08T16:14:48.683291+00:00</end>
                </TimeSpan>
                <Point>
                  <coordinates>8.521809208458624,47.37262923521579,0</coordinates>
                </Point>
              </Placemark>
              <Placemark>
                <name>Telemetry 33</name>
                <styleUrl>#modifiedtelemetry</styleUrl>
                <TimeSpan>
                  <begin>2026-10-08T16:14:48.683291+00:00</begin>
                  <end>2026-10-08T16:14:49.683291+00:00</end>
                </TimeSpan>
                <Point>
                  <coordinates>8.521753482456708,47.372668716486785,0</coordinates>
                </Point>
              </Placemark>
              <Placemark>
                <name>Telemetry 34</name>
                <styleUrl>#modifiedtelemetry</styleUrl>
                <TimeSpan>
                  <begin>2026-10-08T16:14:49.683291+00:00</begin>
                  <end>2026-10-08T16:14:50.683291+00:00</end>
                </TimeSpan>
                <Point>
                  <coordinates>8.521697756454788,47.37270819775779,0</coordinates>
                </Point>
              </Placemark>
              <Placemark>
                <name>Telemetry 35</name>
                <styleUrl>#modifiedtelemetry</styleUrl>
                <TimeSpan>
                  <begin>2026-10-08T16:14:50.683291+00:00</begin>
                  <end>2026-10-08T16:14:51.683291+00:00</end>
                </TimeSpan>
                <Point>
                  <coordinates>8.52164203045287,47.372747679028784,0</coordinates>
                </Point>
              </Placemark>
              <Placemark>
                <name>Telemetry 36</name>
                <styleUrl>#modifiedtelemetry</styleUrl>
                <TimeSpan>
                  <begin>2026-10-08T16:14:51.683291+00:00</begin>
                  <end>2026-10-08T16:14:52.683291+00:00</end>
                </TimeSpan>
                <Point>
                  <coordinates>8.521586304450953,47.37278716029979,0</coordinates>
                </Point>
              </Placemark>
              <Placemark>
                <name>Telemetry 37</name>
                <styleUrl>#modifiedtelemetry</styleUrl>
                <TimeSpan>
                  <begin>2026-10-08T16:14:52.683291+00:00</begin>
                  <end>2026-10-08T16:14:53.683291+00:00</end>
                </TimeSpan>
                <Point>
                  <coordinates>8.521530578449035,47.37282664157078,0</coordinates>
                </Point>
              </Placemark>
              <Placemark>
                <name>Telemetry 38</name>
                <styleUrl>#modifiedtelemetry</styleUrl>
                <TimeSpan>
                  <begin>2026-10-08T16:14:53.683291+00:00</begin>
                  <end>2026-10-08T16:14:54.683291+00:00</end>
                </TimeSpan>
                <Point>
                  <coordinates>8.521474852447117,47.372866122841785,0</coordinates>
                </Point>
              </Placemark>
              <Placemark>
                <name>Telemetry 39</name>
                <styleUrl>#modifiedtelemetry</styleUrl>
                <TimeSpan>
                  <begin>2026-10-08T16:14:54.683291+00:00</begin>
                  <end>2026-10-08T16:14:55.683291+00:00</end>
                </TimeSpan>
                <Point>
                  <coordinates>8.5214191264452,47.37290560411278,0</coordinates>
                </Point>
              </Placemark>
              <Placemark>
                <name>Telemetry 40</name>
                <styleUrl>#modifiedtelemetry</styleUrl>
                <TimeSpan>
                  <begin>2026-10-08T16:14:55.683291+00:00</begin>
                  <end>2026-10-08T16:14:56.683291+00:00</end>
                </TimeSpan>
                <Point>
                  <coordinates>8.521363400443283,47.37294508538378,0</coordinates>
                </Point>
              </Placemark>
              <Placemark>
                <name>Telemetry 41</name>
                <styleUrl>#modifiedtelemetry</styleUrl>
                <TimeSpan>
                  <begin>2026-10-08T16:14:56.683291+00:00</begin>
                  <end>2026-10-08T16:14:57.683291+00:00</end>
                </TimeSpan>
                <Point>
                  <coordinates>8.521307674441365,47.37298456665478,0</coordinates>
                </Point>
              </Placemark>
              <Placemark>
                <name>Telemetry 42</name>
                <styleUrl>#modifiedtelemetry</styleUrl>
                <TimeSpan>
                  <begin>2026-10-08T16:14:57.683291+00:00</begin>
                  <end>2026-10-08T16:14:58.683291+00:00</end>
                </TimeSpan>
                <Point>
                  <coordinates>8.521251948439447,47.37302404792578,0</coordinates>
                </Point>
              </Placemark>
              <Placemark>
                <name>Telemetry 43</name>
                <styleUrl>#modifiedtelemetry</styleUrl>
                <TimeSpan>
                  <begin>2026-10-08T16:14:58.683291+00:00</begin>
                  <end>2026-10-08T16:14:59.683291+00:00</end>
                </TimeSpan>
                <Point>
                  <coordinates>8.52119622243753,47.37306352919678,0</coordinates>
                </Point>
              </Placemark>
              <Placemark>
                <name>Telemetry 44</name>
                <styleUrl>#modifiedtelemetry</styleUrl>
                <TimeSpan>
                  <begin>2026-10-08T16:14:59.683291+00:00</begin>
                  <end>2026-10-08T16:15:00.683291+00:00</end>
                </TimeSpan>
                <Point>
                  <coordinates>8.521140496435612,47.37310301046778,0</coordinates>
                </Point>
              </Placemark>
              <Placemark>
                <name>Telemetry 45</name>
                <styleUrl>#modifiedtelemetry</styleUrl>
                <TimeSpan>
                  <begin>2026-10-08T16:15:00.683291+00:00</begin>
                  <end>2026-10-08T16:15:01.683291+00:00</end>
                </TimeSpan>
                <Point>
                  <coordinates>8.521084770433694,47.373142491738776,0</coordinates>
                </Point>
              </Placemark>
              <Placemark>
                <name>Telemetry 46</name>
                <styleUrl>#modifiedtelemetry</styleUrl>
                <TimeSpan>
                  <begin>2026-10-08T16:15:01.683291+00:00</begin>
                  <end>2026-10-08T16:15:02.683291+00:00</end>
                </TimeSpan>
                <Point>
                  <coordinates>8.521029997240193,47.37318257084312,0</coordinates>
                </Point>
              </Placemark>
              <Placemark>
                <name>Telemetry 47</name>
                <styleUrl>#modifiedtelemetry</styleUrl>
                <TimeSpan>
                  <begin>2026-10-08T16:15:02.683291+00:00</begin>
                  <end>2026-10-08T16:15:03.683291+00:00</end>
                </TimeSpan>
                <Point>
                  <coordinates>8.520963533997929,47.37323270220549,0</coordinates>
                </Point>
              </Placemark>
              <Placemark>
                <name>Telemetry 48</name>
                <styleUrl>#modifiedtelemetry</styleUrl>
                <TimeSpan>
                  <begin>2026-10-08T16:15:03.683291+00:00</begin>
                  <end>2026-10-08T16:15:04.683291+00:00</end>
                </TimeSpan>
                <Point>
                  <coordinates>8.520897070755662,47.37328283356786,0</coordinates>
                </Point>
              </Placemark>
              <Placemark>
                <name>Telemetry 49</name>
                <styleUrl>#modifiedtelemetry</styleUrl>
                <TimeSpan>
                  <begin>2026-10-08T16:15:04.683291+00:00</begin>
                  <end>2026-10-08T16:15:05.683291+00:00</end>
                </TimeSpan>
                <Point>
                  <coordinates>8.520830607513398,47.37333296493023,0</coordinates>
                </Point>
              </Placemark>
              <Placemark>
                <name>Telemetry 50</name>
                <styleUrl>#modifiedtelemetry</styleUrl>
                <TimeSpan>
                  <begin>2026-10-08T16:15:05.683291+00:00</begin>
                  <end>2026-10-08T16:15:06.683291+00:00</end>
                </TimeSpan>
                <Point>
                  <coordinates>8.520764144271133,47.3733830962926,0</coordinates>
                </Point>
              </Placemark>
              <Placemark>
                <name>Telemetry 51</name>
                <styleUrl>#modifiedtelemetry</styleUrl>
                <TimeSpan>
                  <begin>2026-10-08T16:15:06.683291+00:00</begin>
                  <end>2026-10-08T16:15:07.683291+00:00</end>
                </TimeSpan>
                <Point>
                  <coordinates>8.520697681028867,47.37343322765497,0</coordinates>
                </Point>
              </Placemark>
              <Placemark>
                <name>Telemetry 52</name>
                <styleUrl>#modifiedtelemetry</styleUrl>
                <TimeSpan>
                  <begin>2026-10-08T16:15:07.683291+00:00</begin>
                  <end>2026-10-08T16:15:08.683291+00:00</end>
                </TimeSpan>
                <Point>
                  <coordinates>8.520631217786603,47.373483359017335,0</coordinates>
                </Point>
              </Placemark>
              <Placemark>
                <name>Telemetry 53</name>
                <styleUrl>#modifiedtelemetry</styleUrl>
                <TimeSpan>
                  <begin>2026-10-08T16:15:08.683291+00:00</begin>
                  <end>2026-10-08T16:15:09.683291+00:00</end>
                </TimeSpan>
                <Point>
                  <coordinates>8.520564754544338,47.37353349037971,0</coordinates>
                </Point>
              </Placemark>
              <Placemark>
                <name>Telemetry 54</name>
                <styleUrl>#modifiedtelemetry</styleUrl>
                <TimeSpan>
                  <begin>2026-10-08T16:15:09.683291+00:00</begin>
                  <end>2026-10-08T16:15:10.683291+00:00</end>
                </TimeSpan>
                <Point>
                  <coordinates>8.520498291302074,47.37358362174207,0</coordinates>
                </Point>
              </Placemark>
              <Placemark>
                <name>Telemetry 55</name>
                <styleUrl>#modifiedtelemetry</styleUrl>
                <TimeSpan>
                  <begin>2026-10-08T16:15:10.683291+00:00</begin>
                  <end>2026-10-08T16:15:11.683291+00:00</end>
                </TimeSpan>
                <Point>
                  <coordinates>8.520431828059808,47.37363375310444,0</coordinates>
                </Point>
              </Placemark>
              <Placemark>
                <name>Telemetry 56</name>
                <styleUrl>#modifiedtelemetry</styleUrl>
                <TimeSpan>
                  <begin>2026-10-08T16:15:11.683291+00:00</begin>
                  <end>2026-10-08T16:15:12.683291+00:00</end>
                </TimeSpan>
                <Point>
                  <coordinates>8.520365364817543,47.373683884466814,0</coordinates>
                </Point>
              </Placemark>
              <Placemark>
                <name>Telemetry 57</name>
                <styleUrl>#modifiedtelemetry</styleUrl>
                <TimeSpan>
                  <begin>2026-10-08T16:15:12.683291+00:00</begin>
                  <end>2026-10-08T16:15:13.683291+00:00</end>
                </TimeSpan>
                <Point>
                  <coordinates>8.520303903282091,47.37373680594896,0</coordinates>
                </Point>
              </Placemark>
              <Placemark>
                <name>Telemetry 58</name>
                <styleUrl>#modifiedtelemetry</styleUrl>
                <TimeSpan>
                  <begin>2026-10-08T16:15:13.683291+00:00</begin>
                  <end>2026-10-08T16:15:14.683291+00:00</end>
                </TimeSpan>
                <Point>
                  <coordinates>8.520235595452737,47.373798117289056,0</coordinates>
                </Point>
              </Placemark>
              <Placemark>
                <name>Telemetry 59</name>
                <styleUrl>#modifiedtelemetry</styleUrl>
                <TimeSpan>
                  <begin>2026-10-08T16:15:14.683291+00:00</begin>
                  <end>2026-10-08T16:15:15.683291+00:00</end>
                </TimeSpan>
                <Point>
                  <coordinates>8.520167287623382,47.373859428629146,0</coordinates>
                </Point>
              </Placemark>
              <Placemark>
                <name>Telemetry 60</name>
                <styleUrl>#modifiedtelemetry</styleUrl>
                <TimeSpan>
                  <begin>2026-10-08T16:15:15.683291+00:00</begin>
                  <end>2026-10-08T16:15:16.683291+00:00</end>
                </TimeSpan>
                <Point>
                  <coordinates>8.520098979794028,47.37392073996924,0</coordinates>
                </Point>
              </Placemark>
              <Placemark>
                <name>Telemetry 61</name>
                <styleUrl>#modifiedtelemetry</styleUrl>
                <TimeSpan>
                  <begin>2026-10-08T16:15:16.683291+00:00</begin>
                  <end>2026-10-08T16:15:17.683291+00:00</end>
                </TimeSpan>
                <Point>
                  <coordinates>8.520030671964673,47.37398205130934,0</coordinates>
                </Point>
              </Placemark>
              <Placemark>
                <name>Telemetry 62</name>
                <styleUrl>#modifiedtelemetry</styleUrl>
                <TimeSpan>
                  <begin>2026-10-08T16:15:17.683291+00:00</begin>
                  <end>2026-10-08T16:15:18.683291+00:00</end>
                </TimeSpan>
                <Point>
                  <coordinates>8.519962364135319,47.37404336264943,0</coordinates>
                </Point>
              </Placemark>
              <Placemark>
                <name>Telemetry 63</name>
                <styleUrl>#modifiedtelemetry</styleUrl>
                <TimeSpan>
                  <begin>2026-10-08T16:15:18.683291+00:00</begin>
                  <end>2026-10-08T16:15:19.683291+00:00</end>
                </TimeSpan>
                <Point>
                  <coordinates>8.519895098918301,47.374105167193115,0</coordinates>
                </Point>
              </Placemark>
            </Folder>
          </Folder>
        </Folder>
        <Folder>
          <name>Service Provider polling</name>
        </Folder>
        <Folder>
          <name>Service Provider polling</name>
        </Folder>
        <Folder>
          <name>Service Provider polling</name>
        </Folder>
        <Folder>
          <name>Service Provider polling</name>
        </Folder>
        <Folder>
          <name>Service Provider polling</name>
        </Folder>
        <Folder>
          <name>Verify operator notification</name>
        </Folder>
        <Folder>
          <name>Intermediate cleanup</name>
        </Folder>
      </Folder>
      <Folder>
        <name/>
        <Folder>
          <name>Cleanup</name>
        </Folder>
      </Folder>
    </Folder>
  </Document>
</kml>
