<kml xmlns="http://www.opengis.net/kml/2.2" xmlns:atom="http://www.w3.org/2005/Atom" xmlns:gx="http://www.google.com/kml/ext/2.2">
  <Document>
    <Style id="QueryArea">
      <LineStyle>
        <color>ffc0c000</color>
        <width>3</width>
      </LineStyle>
      <PolyStyle>
        <color>80ffffaa</color>
      </PolyStyle>
    </Style>
    <Style id="F3548v21Accepted">
      <LineStyle>
        <color>ff00c000</color>
        <width>3</width>
      </LineStyle>
      <PolyStyle>
        <color>80c0c0c0</color>
      </PolyStyle>
    </Style>
    <Style id="F3548v21Activated">
      <LineStyle>
        <color>ff00c000</color>
        <width>3</width>
      </LineStyle>
      <PolyStyle>
        <color>8000ff00</color>
      </PolyStyle>
    </Style>
    <Style id="F3548v21Nonconforming">
      <LineStyle>
        <color>ff00ffff</color>
        <width>5</width>
      </LineStyle>
      <PolyStyle>
        <color>8000ffff</color>
      </PolyStyle>
    </Style>
    <Style id="F3548v21Contingent">
      <LineStyle>
        <color>ff0000ff</color>
        <width>5</width>
      </LineStyle>
      <PolyStyle>
        <color>80ff0000ff</color>
      </PolyStyle>
    </Style>
    <Style id="F3548v21AcceptedFuture">
      <LineStyle>
        <color>80c0c0c0</color>
        <width>1</width>
      </LineStyle>
      <PolyStyle>
        <color>00000000</color>
      </PolyStyle>
    </Style>
    <Style id="F3548v21ActivatedFuture">
      <LineStyle>
        <color>8040c040</color>
        <width>1</width>
      </LineStyle>
      <PolyStyle>
        <color>00000000</color>
      </PolyStyle>
    </Style>
    <Style id="F3548v21NonconformingFuture">
      <LineStyle>
        <color>8000ffff</color>
        <width>1</width>
      </LineStyle>
      <PolyStyle>
        <color>00000000</color>
      </PolyStyle>
    </Style>
    <Style id="F3548v21ContingentFuture">
      <LineStyle>
        <color>80ff0000ff</color>
        <width>1</width>
      </LineStyle>
      <PolyStyle>
        <color>00000000</color>
      </PolyStyle>
    </Style>
    <Style id="Planned_Nominal">
      <LineStyle>
        <color>ff00c000</color>
        <width>3</width>
      </LineStyle>
      <PolyStyle>
        <color>80808080</color>
      </PolyStyle>
    </Style>
    <Style id="InUse_Nominal">
      <LineStyle>
        <color>ff00c000</color>
        <width>3</width>
      </LineStyle>
      <PolyStyle>
        <color>8000ff00</color>
      </PolyStyle>
    </Style>
    <Style id="InUse_OffNominal">
      <LineStyle>
        <color>ff00ffff</color>
        <width>5</width>
      </LineStyle>
      <PolyStyle>
        <color>8000ff00</color>
      </PolyStyle>
    </Style>
    <Style id="InUse_Contingent">
      <LineStyle>
        <color>ff0000ff</color>
        <width>5</width>
      </LineStyle>
      <PolyStyle>
        <color>8000ff00</color>
      </PolyStyle>
    </Style>
    <Style id="unmodifiedtelemetry">
      <IconStyle>
        <scale>1.4</scale>
        <Icon>
          <href>http://maps.google.com/mapfiles/kml/shapes/placemark_circle.png</href>
        </Icon>
      </IconStyle>
    </Style>
    <Style id="modifiedtelemetry">
      <IconStyle>
        <scale>1.4</scale>
        <Icon>
          <href>http://maps.google.com/mapfiles/kml/shapes/placemark_square.png</href>
        </Icon>
      </IconStyle>
    </Style>
    <Style id="aircraft">
      <IconStyle>
        <scale>1.4</scale>
        <Icon>
          <href>http://maps.google.com/mapfiles/kml/shapes/airports.png</href>
        </Icon>
      </IconStyle>
    </Style>
    <Folder>
      <name>Nominal planning: conflict with higher priority</name>
      <Folder>
        <name>Prerequisites check</name>
        <Folder>
          <name>Verify area is clear</name>
          <Folder>
            <name>E3: uss1 astm.f3548.v21.dss.queryOperationalIntentReferences</name>
            <Placemark>
              <name>area_of_interest</name>
              <styleUrl>#QueryArea</styleUrl>
              <description><![CDATA[(no operational intent references found)]]></description>
              <TimeSpan>
                <begin>2026-05-21T14:14:55.320136+00:00</begin>
                <end>2026-05-21T15:44:56.320136+00:00</end>
              </TimeSpan>
              <MultiGeometry>
                <Polygon>
                  <altitudeMode>absolute</altitudeMode>
                  <outerBoundaryIs>
                    <LinearRing>
                      <coordinates>7.477199999999999,46.97455,526.271598776309 7.477199999999999,46.975300000000004,526.271598776309 7.477950000000001,46.975300000000004,526.271598776309 7.477950000000001,46.97455,526.271598776309</coordinates>
                    </LinearRing>
                  </outerBoundaryIs>
                </Polygon>
                <Polygon>
                  <altitudeMode>absolute</altitudeMode>
                  <outerBoundaryIs>
                    <LinearRing>
                      <coordinates>7.477199999999999,46.97455,606.321598776309 7.477199999999999,46.975300000000004,606.321598776309 7.477950000000001,46.975300000000004,606.321598776309 7.477950000000001,46.97455,606.321598776309</coordinates>
                    </LinearRing>
                  </outerBoundaryIs>
                </Polygon>
                <Polygon>
                  <altitudeMode>absolute</altitudeMode>
                  <outerBoundaryIs>
                    <LinearRing>
                      <coordinates>7.477199999999999,46.97455,526.271598776309 7.477199999999999,46.97455,606.321598776309 7.477199999999999,46.975300000000004,606.321598776309 7.477199999999999,46.975300000000004,526.271598776309</coordinates>
                    </LinearRing>
                  </outerBoundaryIs>
                </Polygon>
                <Polygon>
                  <altitudeMode>absolute</altitudeMode>
                  <outerBoundaryIs>
                    <LinearRing>
                      <coordinates>7.477199999999999,46.975300000000004,526.271598776309 7.477199999999999,46.975300000000004,606.321598776309 7.477950000000001,46.975300000000004,606.321598776309 7.477950000000001,46.975300000000004,526.271598776309</coordinates>
                    </LinearRing>
                  </outerBoundaryIs>
                </Polygon>
                <Polygon>
                  <altitudeMode>absolute</altitudeMode>
                  <outerBoundaryIs>
                    <LinearRing>
                      <coordinates>7.477950000000001,46.975300000000004,526.271598776309 7.477950000000001,46.975300000000004,606.321598776309 7.477950000000001,46.97455,606.321598776309 7.477950000000001,46.97455,526.271598776309</coordinates>
                    </LinearRing>
                  </outerBoundaryIs>
                </Polygon>
                <Polygon>
                  <altitudeMode>absolute</altitudeMode>
                  <outerBoundaryIs>
                    <LinearRing>
                      <coordinates>7.477950000000001,46.97455,526.271598776309 7.477950000000001,46.97455,606.321598776309 7.477199999999999,46.97455,606.321598776309 7.477199999999999,46.97455,526.271598776309</coordinates>
                    </LinearRing>
                  </outerBoundaryIs>
                </Polygon>
              </MultiGeometry>
            </Placemark>
          </Folder>
        </Folder>
      </Folder>
      <Folder>
        <name>Attempt to plan flight in conflict</name>
        <Folder>
          <name>Plan Flight 2</name>
          <Folder>
            <name>E6: uss1 astm.f3548.v21.dss.queryOperationalIntentReferences</name>
            <Placemark>
              <name>area_of_interest</name>
              <styleUrl>#QueryArea</styleUrl>
              <description><![CDATA[(no operational intent references found)]]></description>
              <TimeSpan>
                <begin>2026-05-21T14:14:55.393813+00:00</begin>
                <end>2026-05-21T14:59:56.393813+00:00</end>
              </TimeSpan>
              <MultiGeometry>
                <Polygon>
                  <altitudeMode>absolute</altitudeMode>
                  <outerBoundaryIs>
                    <LinearRing>
                      <coordinates>7.477199999999999,46.97455,555.2514433597552 7.477199999999999,46.975300000000004,555.2514433597552 7.477600000000001,46.975300000000004,555.2514433597552 7.477600000000001,46.97455,555.2514433597552</coordinates>
                    </LinearRing>
                  </outerBoundaryIs>
                </Polygon>
                <Polygon>
                  <altitudeMode>absolute</altitudeMode>
                  <outerBoundaryIs>
                    <LinearRing>
                      <coordinates>7.477199999999999,46.97455,584.3214433597552 7.477199999999999,46.975300000000004,584.3214433597552 7.477600000000001,46.975300000000004,584.3214433597552 7.477600000000001,46.97455,584.3214433597552</coordinates>
                    </LinearRing>
                  </outerBoundaryIs>
                </Polygon>
                <Polygon>
                  <altitudeMode>absolute</altitudeMode>
                  <outerBoundaryIs>
                    <LinearRing>
                      <coordinates>7.477199999999999,46.97455,555.2514433597552 7.477199999999999,46.97455,584.3214433597552 7.477199999999999,46.975300000000004,584.3214433597552 7.477199999999999,46.975300000000004,555.2514433597552</coordinates>
                    </LinearRing>
                  </outerBoundaryIs>
                </Polygon>
                <Polygon>
                  <altitudeMode>absolute</altitudeMode>
                  <outerBoundaryIs>
                    <LinearRing>
                      <coordinates>7.477199999999999,46.975300000000004,555.2514433597552 7.477199999999999,46.975300000000004,584.3214433597552 7.477600000000001,46.975300000000004,584.3214433597552 7.477600000000001,46.975300000000004,555.2514433597552</coordinates>
                    </LinearRing>
                  </outerBoundaryIs>
                </Polygon>
                <Polygon>
                  <altitudeMode>absolute</altitudeMode>
                  <outerBoundaryIs>
                    <LinearRing>
                      <coordinates>7.477600000000001,46.975300000000004,555.2514433597552 7.477600000000001,46.975300000000004,584.3214433597552 7.477600000000001,46.97455,584.3214433597552 7.477600000000001,46.97455,555.2514433597552</coordinates>
                    </LinearRing>
                  </outerBoundaryIs>
                </Polygon>
                <Polygon>
                  <altitudeMode>absolute</altitudeMode>
                  <outerBoundaryIs>
                    <LinearRing>
                      <coordinates>7.477600000000001,46.97455,555.2514433597552 7.477600000000001,46.97455,584.3214433597552 7.477199999999999,46.97455,584.3214433597552 7.477199999999999,46.97455,555.2514433597552</coordinates>
                    </LinearRing>
                  </outerBoundaryIs>
                </Polygon>
              </MultiGeometry>
            </Placemark>
          </Folder>
          <Folder>
            <name>E12: uss1 astm.f3548.v21.dss.queryOperationalIntentReferences</name>
            <Placemark>
              <name>area_of_interest</name>
              <styleUrl>#QueryArea</styleUrl>
              <description><![CDATA[<ul><li>uss1's Accepted 46ba4c85-0436-416e-ba79-f1f37cb421e1[1]</li></ul>]]></description>
              <TimeSpan>
                <begin>2026-05-21T14:14:55.393813+00:00</begin>
                <end>2026-05-21T14:59:56.393813+00:00</end>
              </TimeSpan>
              <MultiGeometry>
                <Polygon>
                  <altitudeMode>absolute</altitudeMode>
                  <outerBoundaryIs>
                    <LinearRing>
                      <coordinates>7.477199999999999,46.97455,555.2514433597552 7.477199999999999,46.975300000000004,555.2514433597552 7.477600000000001,46.975300000000004,555.2514433597552 7.477600000000001,46.97455,555.2514433597552</coordinates>
                    </LinearRing>
                  </outerBoundaryIs>
                </Polygon>
                <Polygon>
                  <altitudeMode>absolute</altitudeMode>
                  <outerBoundaryIs>
                    <LinearRing>
                      <coordinates>7.477199999999999,46.97455,584.3214433597552 7.477199999999999,46.975300000000004,584.3214433597552 7.477600000000001,46.975300000000004,584.3214433597552 7.477600000000001,46.97455,584.3214433597552</coordinates>
                    </LinearRing>
                  </outerBoundaryIs>
                </Polygon>
                <Polygon>
                  <altitudeMode>absolute</altitudeMode>
                  <outerBoundaryIs>
                    <LinearRing>
                      <coordinates>7.477199999999999,46.97455,555.2514433597552 7.477199999999999,46.97455,584.3214433597552 7.477199999999999,46.975300000000004,584.3214433597552 7.477199999999999,46.975300000000004,555.2514433597552</coordinates>
                    </LinearRing>
                  </outerBoundaryIs>
                </Polygon>
                <Polygon>
                  <altitudeMode>absolute</altitudeMode>
                  <outerBoundaryIs>
                    <LinearRing>
                      <coordinates>7.477199999999999,46.975300000000004,555.2514433597552 7.477199999999999,46.975300000000004,584.3214433597552 7.477600000000001,46.975300000000004,584.3214433597552 7.477600000000001,46.975300000000004,555.2514433597552</coordinates>
                    </LinearRing>
                  </outerBoundaryIs>
                </Polygon>
                <Polygon>
                  <altitudeMode>absolute</altitudeMode>
                  <outerBoundaryIs>
                    <LinearRing>
                      <coordinates>7.477600000000001,46.975300000000004,555.2514433597552 7.477600000000001,46.975300000000004,584.3214433597552 7.477600000000001,46.97455,584.3214433597552 7.477600000000001,46.97455,555.2514433597552</coordinates>
                    </LinearRing>
                  </outerBoundaryIs>
                </Polygon>
                <Polygon>
                  <altitudeMode>absolute</altitudeMode>
                  <outerBoundaryIs>
                    <LinearRing>
                      <coordinates>7.477600000000001,46.97455,555.2514433597552 7.477600000000001,46.97455,584.3214433597552 7.477199999999999,46.97455,584.3214433597552 7.477199999999999,46.97455,555.2514433597552</coordinates>
                    </LinearRing>
                  </outerBoundaryIs>
                </Polygon>
              </MultiGeometry>
            </Placemark>
          </Folder>
          <Folder>
            <name>E16: mock_uss astm.f3548.v21.uss.getOperationalIntentDetails</name>
            <Folder>
              <name>uss1's P100 Accepted 46ba4c85-0436-416e-ba79-f1f37cb421e1[1] @ eD2fyjM5XzextTj8ygmqWLNb.B-gwKc9Bc3In5gZURk_</name>
              <Placemark>
                <name>Nominal volume 0</name>
                <styleUrl>#F3548v21Accepted</styleUrl>
                <TimeSpan>
                  <begin>2026-05-21T14:14:56.417817+00:00</begin>
                  <end>2026-05-21T14:59:56.393813+00:00</end>
                </TimeSpan>
                <MultiGeometry>
                  <Polygon>
                    <altitudeMode>absolute</altitudeMode>
                    <outerBoundaryIs>
                      <LinearRing>
                        <coordinates>7.4772,46.975,555.25147227108 7.4774,46.97455,555.25147227108 7.477600000000001,46.97495,555.25147227108 7.4774,46.975300000000004,555.25147227108</coordinates>
                      </LinearRing>
                    </outerBoundaryIs>
                  </Polygon>
                  <Polygon>
                    <altitudeMode>absolute</altitudeMode>
                    <outerBoundaryIs>
                      <LinearRing>
                        <coordinates>7.4772,46.975,584.3214722710801 7.4774,46.97455,584.3214722710801 7.477600000000001,46.97495,584.3214722710801 7.4774,46.975300000000004,584.3214722710801</coordinates>
                      </LinearRing>
                    </outerBoundaryIs>
                  </Polygon>
                  <Polygon>
                    <altitudeMode>absolute</altitudeMode>
                    <outerBoundaryIs>
                      <LinearRing>
                        <coordinates>7.4772,46.975,555.25147227108 7.4772,46.975,584.3214722710801 7.4774,46.97455,584.3214722710801 7.4774,46.97455,555.25147227108</coordinates>
                      </LinearRing>
                    </outerBoundaryIs>
                  </Polygon>
                  <Polygon>
                    <altitudeMode>absolute</altitudeMode>
                    <outerBoundaryIs>
                      <LinearRing>
                        <coordinates>7.4774,46.97455,555.25147227108 7.4774,46.97455,584.3214722710801 7.477600000000001,46.97495,584.3214722710801 7.477600000000001,46.97495,555.25147227108</coordinates>
                      </LinearRing>
                    </outerBoundaryIs>
                  </Polygon>
                  <Polygon>
                    <altitudeMode>absolute</altitudeMode>
                    <outerBoundaryIs>
                      <LinearRing>
                        <coordinates>7.477600000000001,46.97495,555.25147227108 7.477600000000001,46.97495,584.3214722710801 7.4774,46.975300000000004,584.3214722710801 7.4774,46.975300000000004,555.25147227108</coordinates>
                      </LinearRing>
                    </outerBoundaryIs>
                  </Polygon>
                  <Polygon>
                    <altitudeMode>absolute</altitudeMode>
                    <outerBoundaryIs>
                      <LinearRing>
                        <coordinates>7.4774,46.975300000000004,555.25147227108 7.4774,46.975300000000004,584.3214722710801 7.4772,46.975,584.3214722710801 7.4772,46.975,555.25147227108</coordinates>
                      </LinearRing>
                    </outerBoundaryIs>
                  </Polygon>
                </MultiGeometry>
              </Placemark>
            </Folder>
          </Folder>
        </Folder>
        <Folder>
          <name>Attempt to plan Flight 1</name>
          <Folder>
            <name>E25: uss1 astm.f3548.v21.dss.queryOperationalIntentReferences</name>
            <Placemark>
              <name>area_of_interest</name>
              <styleUrl>#QueryArea</styleUrl>
              <description><![CDATA[<ul><li>uss1's Accepted 46ba4c85-0436-416e-ba79-f1f37cb421e1[1]</li></ul>]]></description>
              <TimeSpan>
                <begin>2026-05-21T14:14:55.510756+00:00</begin>
                <end>2026-05-21T14:59:56.510756+00:00</end>
              </TimeSpan>
              <MultiGeometry>
                <Polygon>
                  <altitudeMode>absolute</altitudeMode>
                  <outerBoundaryIs>
                    <LinearRing>
                      <coordinates>7.4772500000000015,46.97455,556.3313893166907 7.4772500000000015,46.974900000000005,556.3313893166907 7.477950000000001,46.974900000000005,556.3313893166907 7.477950000000001,46.97455,556.3313893166907</coordinates>
                    </LinearRing>
                  </outerBoundaryIs>
                </Polygon>
                <Polygon>
                  <altitudeMode>absolute</altitudeMode>
                  <outerBoundaryIs>
                    <LinearRing>
                      <coordinates>7.4772500000000015,46.97455,586.3213893166907 7.4772500000000015,46.974900000000005,586.3213893166907 7.477950000000001,46.974900000000005,586.3213893166907 7.477950000000001,46.97455,586.3213893166907</coordinates>
                    </LinearRing>
                  </outerBoundaryIs>
                </Polygon>
                <Polygon>
                  <altitudeMode>absolute</altitudeMode>
                  <outerBoundaryIs>
                    <LinearRing>
                      <coordinates>7.4772500000000015,46.97455,556.3313893166907 7.4772500000000015,46.97455,586.3213893166907 7.4772500000000015,46.974900000000005,586.3213893166907 7.4772500000000015,46.974900000000005,556.3313893166907</coordinates>
                    </LinearRing>
                  </outerBoundaryIs>
                </Polygon>
                <Polygon>
                  <altitudeMode>absolute</altitudeMode>
                  <outerBoundaryIs>
                    <LinearRing>
                      <coordinates>7.4772500000000015,46.974900000000005,556.3313893166907 7.4772500000000015,46.974900000000005,586.3213893166907 7.477950000000001,46.974900000000005,586.3213893166907 7.477950000000001,46.974900000000005,556.3313893166907</coordinates>
                    </LinearRing>
                  </outerBoundaryIs>
                </Polygon>
                <Polygon>
                  <altitudeMode>absolute</altitudeMode>
                  <outerBoundaryIs>
                    <LinearRing>
                      <coordinates>7.477950000000001,46.974900000000005,556.3313893166907 7.477950000000001,46.974900000000005,586.3213893166907 7.477950000000001,46.97455,586.3213893166907 7.477950000000001,46.97455,556.3313893166907</coordinates>
                    </LinearRing>
                  </outerBoundaryIs>
                </Polygon>
                <Polygon>
                  <altitudeMode>absolute</altitudeMode>
                  <outerBoundaryIs>
                    <LinearRing>
                      <coordinates>7.477950000000001,46.97455,556.3313893166907 7.477950000000001,46.97455,586.3213893166907 7.4772500000000015,46.97455,586.3213893166907 7.4772500000000015,46.97455,556.3313893166907</coordinates>
                    </LinearRing>
                  </outerBoundaryIs>
                </Polygon>
              </MultiGeometry>
            </Placemark>
          </Folder>
          <Folder>
            <name>E30: uss1 astm.f3548.v21.dss.queryOperationalIntentReferences</name>
            <Placemark>
              <name>area_of_interest</name>
              <styleUrl>#QueryArea</styleUrl>
              <description><![CDATA[<ul><li>uss1's Accepted 46ba4c85-0436-416e-ba79-f1f37cb421e1[1]</li></ul>]]></description>
              <TimeSpan>
                <begin>2026-05-21T14:14:55.510756+00:00</begin>
                <end>2026-05-21T14:59:56.510756+00:00</end>
              </TimeSpan>
              <MultiGeometry>
                <Polygon>
                  <altitudeMode>absolute</altitudeMode>
                  <outerBoundaryIs>
                    <LinearRing>
                      <coordinates>7.4772500000000015,46.97455,556.3313893166907 7.4772500000000015,46.974900000000005,556.3313893166907 7.477950000000001,46.974900000000005,556.3313893166907 7.477950000000001,46.97455,556.3313893166907</coordinates>
                    </LinearRing>
                  </outerBoundaryIs>
                </Polygon>
                <Polygon>
                  <altitudeMode>absolute</altitudeMode>
                  <outerBoundaryIs>
                    <LinearRing>
                      <coordinates>7.4772500000000015,46.97455,586.3213893166907 7.4772500000000015,46.974900000000005,586.3213893166907 7.477950000000001,46.974900000000005,586.3213893166907 7.477950000000001,46.97455,586.3213893166907</coordinates>
                    </LinearRing>
                  </outerBoundaryIs>
                </Polygon>
                <Polygon>
                  <altitudeMode>absolute</altitudeMode>
                  <outerBoundaryIs>
                    <LinearRing>
                      <coordinates>7.4772500000000015,46.97455,556.3313893166907 7.4772500000000015,46.97455,586.3213893166907 7.4772500000000015,46.974900000000005,586.3213893166907 7.4772500000000015,46.974900000000005,556.3313893166907</coordinates>
                    </LinearRing>
                  </outerBoundaryIs>
                </Polygon>
                <Polygon>
                  <altitudeMode>absolute</altitudeMode>
                  <outerBoundaryIs>
                    <LinearRing>
                      <coordinates>7.4772500000000015,46.974900000000005,556.3313893166907 7.4772500000000015,46.974900000000005,586.3213893166907 7.477950000000001,46.974900000000005,586.3213893166907 7.477950000000001,46.974900000000005,556.3313893166907</coordinates>
                    </LinearRing>
                  </outerBoundaryIs>
                </Polygon>
                <Polygon>
                  <altitudeMode>absolute</altitudeMode>
                  <outerBoundaryIs>
                    <LinearRing>
                      <coordinates>7.477950000000001,46.974900000000005,556.3313893166907 7.477950000000001,46.974900000000005,586.3213893166907 7.477950000000001,46.97455,586.3213893166907 7.477950000000001,46.97455,556.3313893166907</coordinates>
                    </LinearRing>
                  </outerBoundaryIs>
                </Polygon>
                <Polygon>
                  <altitudeMode>absolute</altitudeMode>
                  <outerBoundaryIs>
                    <LinearRing>
                      <coordinates>7.477950000000001,46.97455,556.3313893166907 7.477950000000001,46.97455,586.3213893166907 7.4772500000000015,46.97455,586.3213893166907 7.4772500000000015,46.97455,556.3313893166907</coordinates>
                    </LinearRing>
                  </outerBoundaryIs>
                </Polygon>
              </MultiGeometry>
            </Placemark>
          </Folder>
        </Folder>
        <Folder>
          <name>Delete Flight 2</name>
        </Folder>
      </Folder>
      <Folder>
        <name>Attempt to modify planned flight in conflict</name>
        <Folder>
          <name>Plan Flight 1</name>
          <Folder>
            <name>E35: uss1 astm.f3548.v21.dss.queryOperationalIntentReferences</name>
            <Placemark>
              <name>area_of_interest</name>
              <styleUrl>#QueryArea</styleUrl>
              <description><![CDATA[(no operational intent references found)]]></description>
              <TimeSpan>
                <begin>2026-05-21T14:14:55.608061+00:00</begin>
                <end>2026-05-21T14:59:56.608061+00:00</end>
              </TimeSpan>
              <MultiGeometry>
                <Polygon>
                  <altitudeMode>absolute</altitudeMode>
                  <outerBoundaryIs>
                    <LinearRing>
                      <coordinates>7.4772500000000015,46.97455,556.3313893166907 7.4772500000000015,46.974900000000005,556.3313893166907 7.477950000000001,46.974900000000005,556.3313893166907 7.477950000000001,46.97455,556.3313893166907</coordinates>
                    </LinearRing>
                  </outerBoundaryIs>
                </Polygon>
                <Polygon>
                  <altitudeMode>absolute</altitudeMode>
                  <outerBoundaryIs>
                    <LinearRing>
                      <coordinates>7.4772500000000015,46.97455,586.3213893166907 7.4772500000000015,46.974900000000005,586.3213893166907 7.477950000000001,46.974900000000005,586.3213893166907 7.477950000000001,46.97455,586.3213893166907</coordinates>
                    </LinearRing>
                  </outerBoundaryIs>
                </Polygon>
                <Polygon>
                  <altitudeMode>absolute</altitudeMode>
                  <outerBoundaryIs>
                    <LinearRing>
                      <coordinates>7.4772500000000015,46.97455,556.3313893166907 7.4772500000000015,46.97455,586.3213893166907 7.4772500000000015,46.974900000000005,586.3213893166907 7.4772500000000015,46.974900000000005,556.3313893166907</coordinates>
                    </LinearRing>
                  </outerBoundaryIs>
                </Polygon>
                <Polygon>
                  <altitudeMode>absolute</altitudeMode>
                  <outerBoundaryIs>
                    <LinearRing>
                      <coordinates>7.4772500000000015,46.974900000000005,556.3313893166907 7.4772500000000015,46.974900000000005,586.3213893166907 7.477950000000001,46.974900000000005,586.3213893166907 7.477950000000001,46.974900000000005,556.3313893166907</coordinates>
                    </LinearRing>
                  </outerBoundaryIs>
                </Polygon>
                <Polygon>
                  <altitudeMode>absolute</altitudeMode>
                  <outerBoundaryIs>
                    <LinearRing>
                      <coordinates>7.477950000000001,46.974900000000005,556.3313893166907 7.477950000000001,46.974900000000005,586.3213893166907 7.477950000000001,46.97455,586.3213893166907 7.477950000000001,46.97455,556.3313893166907</coordinates>
                    </LinearRing>
                  </outerBoundaryIs>
                </Polygon>
                <Polygon>
                  <altitudeMode>absolute</altitudeMode>
                  <outerBoundaryIs>
                    <LinearRing>
                      <coordinates>7.477950000000001,46.97455,556.3313893166907 7.477950000000001,46.97455,586.3213893166907 7.4772500000000015,46.97455,586.3213893166907 7.4772500000000015,46.97455,556.3313893166907</coordinates>
                    </LinearRing>
                  </outerBoundaryIs>
                </Polygon>
              </MultiGeometry>
            </Placemark>
          </Folder>
          <Folder>
            <name>E41: uss1 astm.f3548.v21.dss.queryOperationalIntentReferences</name>
            <Placemark>
              <name>area_of_interest</name>
              <styleUrl>#QueryArea</styleUrl>
              <description><![CDATA[<ul><li>uss1's Accepted 494224f6-0a9b-4b4f-96d5-b786e4b1d805[1]</li></ul>]]></description>
              <TimeSpan>
                <begin>2026-05-21T14:14:55.608061+00:00</begin>
                <end>2026-05-21T14:59:56.608061+00:00</end>
              </TimeSpan>
              <MultiGeometry>
                <Polygon>
                  <altitudeMode>absolute</altitudeMode>
                  <outerBoundaryIs>
                    <LinearRing>
                      <coordinates>7.4772500000000015,46.97455,556.3313893166907 7.4772500000000015,46.974900000000005,556.3313893166907 7.477950000000001,46.974900000000005,556.3313893166907 7.477950000000001,46.97455,556.3313893166907</coordinates>
                    </LinearRing>
                  </outerBoundaryIs>
                </Polygon>
                <Polygon>
                  <altitudeMode>absolute</altitudeMode>
                  <outerBoundaryIs>
                    <LinearRing>
                      <coordinates>7.4772500000000015,46.97455,586.3213893166907 7.4772500000000015,46.974900000000005,586.3213893166907 7.477950000000001,46.974900000000005,586.3213893166907 7.477950000000001,46.97455,586.3213893166907</coordinates>
                    </LinearRing>
                  </outerBoundaryIs>
                </Polygon>
                <Polygon>
                  <altitudeMode>absolute</altitudeMode>
                  <outerBoundaryIs>
                    <LinearRing>
                      <coordinates>7.4772500000000015,46.97455,556.3313893166907 7.4772500000000015,46.97455,586.3213893166907 7.4772500000000015,46.974900000000005,586.3213893166907 7.4772500000000015,46.974900000000005,556.3313893166907</coordinates>
                    </LinearRing>
                  </outerBoundaryIs>
                </Polygon>
                <Polygon>
                  <altitudeMode>absolute</altitudeMode>
                  <outerBoundaryIs>
                    <LinearRing>
                      <coordinates>7.4772500000000015,46.974900000000005,556.3313893166907 7.4772500000000015,46.974900000000005,586.3213893166907 7.477950000000001,46.974900000000005,586.3213893166907 7.477950000000001,46.974900000000005,556.3313893166907</coordinates>
                    </LinearRing>
                  </outerBoundaryIs>
                </Polygon>
                <Polygon>
                  <altitudeMode>absolute</altitudeMode>
                  <outerBoundaryIs>
                    <LinearRing>
                      <coordinates>7.477950000000001,46.974900000000005,556.3313893166907 7.477950000000001,46.974900000000005,586.3213893166907 7.477950000000001,46.97455,586.3213893166907 7.477950000000001,46.97455,556.3313893166907</coordinates>
                    </LinearRing>
                  </outerBoundaryIs>
                </Polygon>
                <Polygon>
                  <altitudeMode>absolute</altitudeMode>
                  <outerBoundaryIs>
                    <LinearRing>
                      <coordinates>7.477950000000001,46.97455,556.3313893166907 7.477950000000001,46.97455,586.3213893166907 7.4772500000000015,46.97455,586.3213893166907 7.4772500000000015,46.97455,556.3313893166907</coordinates>
                    </LinearRing>
                  </outerBoundaryIs>
                </Polygon>
              </MultiGeometry>
            </Placemark>
          </Folder>
          <Folder>
            <name>E45: uss2 astm.f3548.v21.uss.getOperationalIntentDetails</name>
            <Folder>
              <name>uss1's P0 Accepted 494224f6-0a9b-4b4f-96d5-b786e4b1d805[1] @ Utb1RbLZkZaxizI0W-km-lXpw0PJKugfI.RisEdWLDA_</name>
              <Placemark>
                <name>Nominal volume 0</name>
                <styleUrl>#F3548v21Accepted</styleUrl>
                <TimeSpan>
                  <begin>2026-05-21T14:14:56.632149+00:00</begin>
                  <end>2026-05-21T14:59:56.608061+00:00</end>
                </TimeSpan>
                <MultiGeometry>
                  <Polygon>
                    <altitudeMode>absolute</altitudeMode>
                    <outerBoundaryIs>
                      <LinearRing>
                        <coordinates>7.477250000000001,46.9746,556.3313927174643 7.477250000000001,46.974900000000005,556.3313927174643 7.4779,46.974900000000005,556.3313927174643 7.47795,46.97455,556.3313927174643</coordinates>
                      </LinearRing>
                    </outerBoundaryIs>
                  </Polygon>
                  <Polygon>
                    <altitudeMode>absolute</altitudeMode>
                    <outerBoundaryIs>
                      <LinearRing>
                        <coordinates>7.477250000000001,46.9746,586.3213927174643 7.477250000000001,46.974900000000005,586.3213927174643 7.4779,46.974900000000005,586.3213927174643 7.47795,46.97455,586.3213927174643</coordinates>
                      </LinearRing>
                    </outerBoundaryIs>
                  </Polygon>
                  <Polygon>
                    <altitudeMode>absolute</altitudeMode>
                    <outerBoundaryIs>
                      <LinearRing>
                        <coordinates>7.477250000000001,46.9746,556.3313927174643 7.477250000000001,46.9746,586.3213927174643 7.477250000000001,46.974900000000005,586.3213927174643 7.477250000000001,46.974900000000005,556.3313927174643</coordinates>
                      </LinearRing>
                    </outerBoundaryIs>
                  </Polygon>
                  <Polygon>
                    <altitudeMode>absolute</altitudeMode>
                    <outerBoundaryIs>
                      <LinearRing>
                        <coordinates>7.477250000000001,46.974900000000005,556.3313927174643 7.477250000000001,46.974900000000005,586.3213927174643 7.4779,46.974900000000005,586.3213927174643 7.4779,46.974900000000005,556.3313927174643</coordinates>
                      </LinearRing>
                    </outerBoundaryIs>
                  </Polygon>
                  <Polygon>
                    <altitudeMode>absolute</altitudeMode>
                    <outerBoundaryIs>
                      <LinearRing>
                        <coordinates>7.4779,46.974900000000005,556.3313927174643 7.4779,46.974900000000005,586.3213927174643 7.47795,46.97455,586.3213927174643 7.47795,46.97455,556.3313927174643</coordinates>
                      </LinearRing>
                    </outerBoundaryIs>
                  </Polygon>
                  <Polygon>
                    <altitudeMode>absolute</altitudeMode>
                    <outerBoundaryIs>
                      <LinearRing>
                        <coordinates>7.47795,46.97455,556.3313927174643 7.47795,46.97455,586.3213927174643 7.477250000000001,46.9746,586.3213927174643 7.477250000000001,46.9746,556.3313927174643</coordinates>
                      </LinearRing>
                    </outerBoundaryIs>
                  </Polygon>
                </MultiGeometry>
              </Placemark>
            </Folder>
          </Folder>
        </Folder>
        <Folder>
          <name>Plan Flight 2</name>
          <Folder>
            <name>E58: uss1 astm.f3548.v21.dss.queryOperationalIntentReferences</name>
            <Placemark>
              <name>area_of_interest</name>
              <styleUrl>#QueryArea</styleUrl>
              <description><![CDATA[<ul><li>uss1's Accepted 494224f6-0a9b-4b4f-96d5-b786e4b1d805[1]</li></ul>]]></description>
              <TimeSpan>
                <begin>2026-05-21T14:14:55.727600+00:00</begin>
                <end>2026-05-21T14:59:56.727600+00:00</end>
              </TimeSpan>
              <MultiGeometry>
                <Polygon>
                  <altitudeMode>absolute</altitudeMode>
                  <outerBoundaryIs>
                    <LinearRing>
                      <coordinates>7.477199999999999,46.97455,555.2514433597552 7.477199999999999,46.975300000000004,555.2514433597552 7.477600000000001,46.975300000000004,555.2514433597552 7.477600000000001,46.97455,555.2514433597552</coordinates>
                    </LinearRing>
                  </outerBoundaryIs>
                </Polygon>
                <Polygon>
                  <altitudeMode>absolute</altitudeMode>
                  <outerBoundaryIs>
                    <LinearRing>
                      <coordinates>7.477199999999999,46.97455,584.3214433597552 7.477199999999999,46.975300000000004,584.3214433597552 7.477600000000001,46.975300000000004,584.3214433597552 7.477600000000001,46.97455,584.3214433597552</coordinates>
                    </LinearRing>
                  </outerBoundaryIs>
                </Polygon>
                <Polygon>
                  <altitudeMode>absolute</altitudeMode>
                  <outerBoundaryIs>
                    <LinearRing>
                      <coordinates>7.477199999999999,46.97455,555.2514433597552 7.477199999999999,46.97455,584.3214433597552 7.477199999999999,46.975300000000004,584.3214433597552 7.477199999999999,46.975300000000004,555.2514433597552</coordinates>
                    </LinearRing>
                  </outerBoundaryIs>
                </Polygon>
                <Polygon>
                  <altitudeMode>absolute</altitudeMode>
                  <outerBoundaryIs>
                    <LinearRing>
                      <coordinates>7.477199999999999,46.975300000000004,555.2514433597552 7.477199999999999,46.975300000000004,584.3214433597552 7.477600000000001,46.975300000000004,584.3214433597552 7.477600000000001,46.975300000000004,555.2514433597552</coordinates>
                    </LinearRing>
                  </outerBoundaryIs>
                </Polygon>
                <Polygon>
                  <altitudeMode>absolute</altitudeMode>
                  <outerBoundaryIs>
                    <LinearRing>
                      <coordinates>7.477600000000001,46.975300000000004,555.2514433597552 7.477600000000001,46.975300000000004,584.3214433597552 7.477600000000001,46.97455,584.3214433597552 7.477600000000001,46.97455,555.2514433597552</coordinates>
                    </LinearRing>
                  </outerBoundaryIs>
                </Polygon>
                <Polygon>
                  <altitudeMode>absolute</altitudeMode>
                  <outerBoundaryIs>
                    <LinearRing>
                      <coordinates>7.477600000000001,46.97455,555.2514433597552 7.477600000000001,46.97455,584.3214433597552 7.477199999999999,46.97455,584.3214433597552 7.477199999999999,46.97455,555.2514433597552</coordinates>
                    </LinearRing>
                  </outerBoundaryIs>
                </Polygon>
              </MultiGeometry>
            </Placemark>
          </Folder>
          <Folder>
            <name>E64: uss1 astm.f3548.v21.dss.queryOperationalIntentReferences</name>
            <Placemark>
              <name>area_of_interest</name>
              <styleUrl>#QueryArea</styleUrl>
              <description><![CDATA[<ul><li>uss1's Accepted 494224f6-0a9b-4b4f-96d5-b786e4b1d805[1]</li><li>uss1's Accepted 4dd8f270-90aa-42e5-bfc8-da7a2f529cdf[1]</li></ul>]]></description>
              <TimeSpan>
                <begin>2026-05-21T14:14:55.727600+00:00</begin>
                <end>2026-05-21T14:59:56.727600+00:00</end>
              </TimeSpan>
              <MultiGeometry>
                <Polygon>
                  <altitudeMode>absolute</altitudeMode>
                  <outerBoundaryIs>
                    <LinearRing>
                      <coordinates>7.477199999999999,46.97455,555.2514433597552 7.477199999999999,46.975300000000004,555.2514433597552 7.477600000000001,46.975300000000004,555.2514433597552 7.477600000000001,46.97455,555.2514433597552</coordinates>
                    </LinearRing>
                  </outerBoundaryIs>
                </Polygon>
                <Polygon>
                  <altitudeMode>absolute</altitudeMode>
                  <outerBoundaryIs>
                    <LinearRing>
                      <coordinates>7.477199999999999,46.97455,584.3214433597552 7.477199999999999,46.975300000000004,584.3214433597552 7.477600000000001,46.975300000000004,584.3214433597552 7.477600000000001,46.97455,584.3214433597552</coordinates>
                    </LinearRing>
                  </outerBoundaryIs>
                </Polygon>
                <Polygon>
                  <altitudeMode>absolute</altitudeMode>
                  <outerBoundaryIs>
                    <LinearRing>
                      <coordinates>7.477199999999999,46.97455,555.2514433597552 7.477199999999999,46.97455,584.3214433597552 7.477199999999999,46.975300000000004,584.3214433597552 7.477199999999999,46.975300000000004,555.2514433597552</coordinates>
                    </LinearRing>
                  </outerBoundaryIs>
                </Polygon>
                <Polygon>
                  <altitudeMode>absolute</altitudeMode>
                  <outerBoundaryIs>
                    <LinearRing>
                      <coordinates>7.477199999999999,46.975300000000004,555.2514433597552 7.477199999999999,46.975300000000004,584.3214433597552 7.477600000000001,46.975300000000004,584.3214433597552 7.477600000000001,46.975300000000004,555.2514433597552</coordinates>
                    </LinearRing>
                  </outerBoundaryIs>
                </Polygon>
                <Polygon>
                  <altitudeMode>absolute</altitudeMode>
                  <outerBoundaryIs>
                    <LinearRing>
                      <coordinates>7.477600000000001,46.975300000000004,555.2514433597552 7.477600000000001,46.975300000000004,584.3214433597552 7.477600000000001,46.97455,584.3214433597552 7.477600000000001,46.97455,555.2514433597552</coordinates>
                    </LinearRing>
                  </outerBoundaryIs>
                </Polygon>
                <Polygon>
                  <altitudeMode>absolute</altitudeMode>
                  <outerBoundaryIs>
                    <LinearRing>
                      <coordinates>7.477600000000001,46.97455,555.2514433597552 7.477600000000001,46.97455,584.3214433597552 7.477199999999999,46.97455,584.3214433597552 7.477199999999999,46.97455,555.2514433597552</coordinates>
                    </LinearRing>
                  </outerBoundaryIs>
                </Polygon>
              </MultiGeometry>
            </Placemark>
          </Folder>
          <Folder>
            <name>E68: mock_uss astm.f3548.v21.uss.getOperationalIntentDetails</name>
            <Folder>
              <name>uss1's P100 Accepted 4dd8f270-90aa-42e5-bfc8-da7a2f529cdf[1] @ PyxcVSwM-sMSpHZp0PvLhi-sY3gU0ITbk6qWz1ON82k_</name>
              <Placemark>
                <name>Nominal volume 0</name>
                <styleUrl>#F3548v21Accepted</styleUrl>
                <TimeSpan>
                  <begin>2026-05-21T14:14:56.758037+00:00</begin>
                  <end>2026-05-21T14:59:56.727600+00:00</end>
                </TimeSpan>
                <MultiGeometry>
                  <Polygon>
                    <altitudeMode>absolute</altitudeMode>
                    <outerBoundaryIs>
                      <LinearRing>
                        <coordinates>7.4772,46.975,555.25147227108 7.4774,46.97455,555.25147227108 7.477600000000001,46.97495,555.25147227108 7.4774,46.975300000000004,555.25147227108</coordinates>
                      </LinearRing>
                    </outerBoundaryIs>
                  </Polygon>
                  <Polygon>
                    <altitudeMode>absolute</altitudeMode>
                    <outerBoundaryIs>
                      <LinearRing>
                        <coordinates>7.4772,46.975,584.3214722710801 7.4774,46.97455,584.3214722710801 7.477600000000001,46.97495,584.3214722710801 7.4774,46.975300000000004,584.3214722710801</coordinates>
                      </LinearRing>
                    </outerBoundaryIs>
                  </Polygon>
                  <Polygon>
                    <altitudeMode>absolute</altitudeMode>
                    <outerBoundaryIs>
                      <LinearRing>
                        <coordinates>7.4772,46.975,555.25147227108 7.4772,46.975,584.3214722710801 7.4774,46.97455,584.3214722710801 7.4774,46.97455,555.25147227108</coordinates>
                      </LinearRing>
                    </outerBoundaryIs>
                  </Polygon>
                  <Polygon>
                    <altitudeMode>absolute</altitudeMode>
                    <outerBoundaryIs>
                      <LinearRing>
                        <coordinates>7.4774,46.97455,555.25147227108 7.4774,46.97455,584.3214722710801 7.477600000000001,46.97495,584.3214722710801 7.477600000000001,46.97495,555.25147227108</coordinates>
                      </LinearRing>
                    </outerBoundaryIs>
                  </Polygon>
                  <Polygon>
                    <altitudeMode>absolute</altitudeMode>
                    <outerBoundaryIs>
                      <LinearRing>
                        <coordinates>7.477600000000001,46.97495,555.25147227108 7.477600000000001,46.97495,584.3214722710801 7.4774,46.975300000000004,584.3214722710801 7.4774,46.975300000000004,555.25147227108</coordinates>
                      </LinearRing>
                    </outerBoundaryIs>
                  </Polygon>
                  <Polygon>
                    <altitudeMode>absolute</altitudeMode>
                    <outerBoundaryIs>
                      <LinearRing>
                        <coordinates>7.4774,46.975300000000004,555.25147227108 7.4774,46.975300000000004,584.3214722710801 7.4772,46.975,584.3214722710801 7.4772,46.975,555.25147227108</coordinates>
                      </LinearRing>
                    </outerBoundaryIs>
                  </Polygon>
                </MultiGeometry>
              </Placemark>
            </Folder>
          </Folder>
        </Folder>
        <Folder>
          <name>Check for conflict notifications</name>
        </Folder>
        <Folder>
          <name>Attempt to modify planned Flight 1 in conflict</name>
          <Folder>
            <name>E77: uss1 astm.f3548.v21.dss.queryOperationalIntentReferences</name>
            <Placemark>
              <name>area_of_interest</name>
              <styleUrl>#QueryArea</styleUrl>
              <description><![CDATA[<ul><li>uss1's Accepted 494224f6-0a9b-4b4f-96d5-b786e4b1d805[1]</li><li>uss1's Accepted 4dd8f270-90aa-42e5-bfc8-da7a2f529cdf[1]</li></ul>]]></description>
              <TimeSpan>
                <begin>2026-05-21T14:14:55.886605+00:00</begin>
                <end>2026-05-21T14:59:56.886605+00:00</end>
              </TimeSpan>
              <MultiGeometry>
                <Polygon>
                  <altitudeMode>absolute</altitudeMode>
                  <outerBoundaryIs>
                    <LinearRing>
                      <coordinates>7.4772500000000015,46.97455,526.2913893166907 7.4772500000000015,46.974900000000005,526.2913893166907 7.477950000000001,46.974900000000005,526.2913893166907 7.477950000000001,46.97455,526.2913893166907</coordinates>
                    </LinearRing>
                  </outerBoundaryIs>
                </Polygon>
                <Polygon>
                  <altitudeMode>absolute</altitudeMode>
                  <outerBoundaryIs>
                    <LinearRing>
                      <coordinates>7.4772500000000015,46.97455,586.3213893166907 7.4772500000000015,46.974900000000005,586.3213893166907 7.477950000000001,46.974900000000005,586.3213893166907 7.477950000000001,46.97455,586.3213893166907</coordinates>
                    </LinearRing>
                  </outerBoundaryIs>
                </Polygon>
                <Polygon>
                  <altitudeMode>absolute</altitudeMode>
                  <outerBoundaryIs>
                    <LinearRing>
                      <coordinates>7.4772500000000015,46.97455,526.2913893166907 7.4772500000000015,46.97455,586.3213893166907 7.4772500000000015,46.974900000000005,586.3213893166907 7.4772500000000015,46.974900000000005,526.2913893166907</coordinates>
                    </LinearRing>
                  </outerBoundaryIs>
                </Polygon>
                <Polygon>
                  <altitudeMode>absolute</altitudeMode>
                  <outerBoundaryIs>
                    <LinearRing>
                      <coordinates>7.4772500000000015,46.974900000000005,526.2913893166907 7.4772500000000015,46.974900000000005,586.3213893166907 7.477950000000001,46.974900000000005,586.3213893166907 7.477950000000001,46.974900000000005,526.2913893166907</coordinates>
                    </LinearRing>
                  </outerBoundaryIs>
                </Polygon>
                <Polygon>
                  <altitudeMode>absolute</altitudeMode>
                  <outerBoundaryIs>
                    <LinearRing>
                      <coordinates>7.477950000000001,46.974900000000005,526.2913893166907 7.477950000000001,46.974900000000005,586.3213893166907 7.477950000000001,46.97455,586.3213893166907 7.477950000000001,46.97455,526.2913893166907</coordinates>
                    </LinearRing>
                  </outerBoundaryIs>
                </Polygon>
                <Polygon>
                  <altitudeMode>absolute</altitudeMode>
                  <outerBoundaryIs>
                    <LinearRing>
                      <coordinates>7.477950000000001,46.97455,526.2913893166907 7.477950000000001,46.97455,586.3213893166907 7.4772500000000015,46.97455,586.3213893166907 7.4772500000000015,46.97455,526.2913893166907</coordinates>
                    </LinearRing>
                  </outerBoundaryIs>
                </Polygon>
              </MultiGeometry>
            </Placemark>
          </Folder>
          <Folder>
            <name>E82: uss1 astm.f3548.v21.dss.queryOperationalIntentReferences</name>
            <Placemark>
              <name>area_of_interest</name>
              <styleUrl>#QueryArea</styleUrl>
              <description><![CDATA[<ul><li>uss1's Accepted 494224f6-0a9b-4b4f-96d5-b786e4b1d805[1]</li><li>uss1's Accepted 4dd8f270-90aa-42e5-bfc8-da7a2f529cdf[1]</li></ul>]]></description>
              <TimeSpan>
                <begin>2026-05-21T14:14:55.886605+00:00</begin>
                <end>2026-05-21T14:59:56.886605+00:00</end>
              </TimeSpan>
              <MultiGeometry>
                <Polygon>
                  <altitudeMode>absolute</altitudeMode>
                  <outerBoundaryIs>
                    <LinearRing>
                      <coordinates>7.4772500000000015,46.97455,526.2913893166907 7.4772500000000015,46.974900000000005,526.2913893166907 7.477950000000001,46.974900000000005,526.2913893166907 7.477950000000001,46.97455,526.2913893166907</coordinates>
                    </LinearRing>
                  </outerBoundaryIs>
                </Polygon>
                <Polygon>
                  <altitudeMode>absolute</altitudeMode>
                  <outerBoundaryIs>
                    <LinearRing>
                      <coordinates>7.4772500000000015,46.97455,586.3213893166907 7.4772500000000015,46.974900000000005,586.3213893166907 7.477950000000001,46.974900000000005,586.3213893166907 7.477950000000001,46.97455,586.3213893166907</coordinates>
                    </LinearRing>
                  </outerBoundaryIs>
                </Polygon>
                <Polygon>
                  <altitudeMode>absolute</altitudeMode>
                  <outerBoundaryIs>
                    <LinearRing>
                      <coordinates>7.4772500000000015,46.97455,526.2913893166907 7.4772500000000015,46.97455,586.3213893166907 7.4772500000000015,46.974900000000005,586.3213893166907 7.4772500000000015,46.974900000000005,526.2913893166907</coordinates>
                    </LinearRing>
                  </outerBoundaryIs>
                </Polygon>
                <Polygon>
                  <altitudeMode>absolute</altitudeMode>
                  <outerBoundaryIs>
                    <LinearRing>
                      <coordinates>7.4772500000000015,46.974900000000005,526.2913893166907 7.4772500000000015,46.974900000000005,586.3213893166907 7.477950000000001,46.974900000000005,586.3213893166907 7.477950000000001,46.974900000000005,526.2913893166907</coordinates>
                    </LinearRing>
                  </outerBoundaryIs>
                </Polygon>
                <Polygon>
                  <altitudeMode>absolute</altitudeMode>
                  <outerBoundaryIs>
                    <LinearRing>
                      <coordinates>7.477950000000001,46.974900000000005,526.2913893166907 7.477950000000001,46.974900000000005,586.3213893166907 7.477950000000001,46.97455,586.3213893166907 7.477950000000001,46.97455,526.2913893166907</coordinates>
                    </LinearRing>
                  </outerBoundaryIs>
                </Polygon>
                <Polygon>
                  <altitudeMode>absolute</altitudeMode>
                  <outerBoundaryIs>
                    <LinearRing>
                      <coordinates>7.477950000000001,46.97455,526.2913893166907 7.477950000000001,46.97455,586.3213893166907 7.4772500000000015,46.97455,586.3213893166907 7.4772500000000015,46.97455,526.2913893166907</coordinates>
                    </LinearRing>
                  </outerBoundaryIs>
                </Polygon>
              </MultiGeometry>
            </Placemark>
          </Folder>
          <Folder>
            <name>E86: uss2 astm.f3548.v21.uss.getOperationalIntentDetails</name>
            <Folder>
              <name>uss1's P0 Accepted 494224f6-0a9b-4b4f-96d5-b786e4b1d805[1] @ Utb1RbLZkZaxizI0W-km-lXpw0PJKugfI.RisEdWLDA_</name>
              <Placemark>
                <name>Nominal volume 0</name>
                <styleUrl>#F3548v21Accepted</styleUrl>
                <TimeSpan>
                  <begin>2026-05-21T14:14:56.632149+00:00</begin>
                  <end>2026-05-21T14:59:56.608061+00:00</end>
                </TimeSpan>
                <MultiGeometry>
                  <Polygon>
                    <altitudeMode>absolute</altitudeMode>
                    <outerBoundaryIs>
                      <LinearRing>
                        <coordinates>7.477250000000001,46.9746,556.3313927174643 7.477250000000001,46.974900000000005,556.3313927174643 7.4779,46.974900000000005,556.3313927174643 7.47795,46.97455,556.3313927174643</coordinates>
                      </LinearRing>
                    </outerBoundaryIs>
                  </Polygon>
                  <Polygon>
                    <altitudeMode>absolute</altitudeMode>
                    <outerBoundaryIs>
                      <LinearRing>
                        <coordinates>7.477250000000001,46.9746,586.3213927174643 7.477250000000001,46.974900000000005,586.3213927174643 7.4779,46.974900000000005,586.3213927174643 7.47795,46.97455,586.3213927174643</coordinates>
                      </LinearRing>
                    </outerBoundaryIs>
                  </Polygon>
                  <Polygon>
                    <altitudeMode>absolute</altitudeMode>
                    <outerBoundaryIs>
                      <LinearRing>
                        <coordinates>7.477250000000001,46.9746,556.3313927174643 7.477250000000001,46.9746,586.3213927174643 7.477250000000001,46.974900000000005,586.3213927174643 7.477250000000001,46.974900000000005,556.3313927174643</coordinates>
                      </LinearRing>
                    </outerBoundaryIs>
                  </Polygon>
                  <Polygon>
                    <altitudeMode>absolute</altitudeMode>
                    <outerBoundaryIs>
                      <LinearRing>
                        <coordinates>7.477250000000001,46.974900000000005,556.3313927174643 7.477250000000001,46.974900000000005,586.3213927174643 7.4779,46.974900000000005,586.3213927174643 7.4779,46.974900000000005,556.3313927174643</coordinates>
                      </LinearRing>
                    </outerBoundaryIs>
                  </Polygon>
                  <Polygon>
                    <altitudeMode>absolute</altitudeMode>
                    <outerBoundaryIs>
                      <LinearRing>
                        <coordinates>7.4779,46.974900000000005,556.3313927174643 7.4779,46.974900000000005,586.3213927174643 7.47795,46.97455,586.3213927174643 7.47795,46.97455,556.3313927174643</coordinates>
                      </LinearRing>
                    </outerBoundaryIs>
                  </Polygon>
                  <Polygon>
                    <altitudeMode>absolute</altitudeMode>
                    <outerBoundaryIs>
                      <LinearRing>
                        <coordinates>7.47795,46.97455,556.3313927174643 7.47795,46.97455,586.3213927174643 7.477250000000001,46.9746,586.3213927174643 7.477250000000001,46.9746,556.3313927174643</coordinates>
                      </LinearRing>
                    </outerBoundaryIs>
                  </Polygon>
                </MultiGeometry>
              </Placemark>
            </Folder>
          </Folder>
        </Folder>
      </Folder>
      <Folder>
        <name>Attempt to activate flight in conflict</name>
        <Folder>
          <name>Attempt to activate conflicting Flight 1</name>
          <Folder>
            <name>E95: uss1 astm.f3548.v21.dss.queryOperationalIntentReferences</name>
            <Placemark>
              <name>area_of_interest</name>
              <styleUrl>#QueryArea</styleUrl>
              <description><![CDATA[<ul><li>uss1's Accepted 494224f6-0a9b-4b4f-96d5-b786e4b1d805[1]</li><li>uss1's Accepted 4dd8f270-90aa-42e5-bfc8-da7a2f529cdf[1]</li></ul>]]></description>
              <TimeSpan>
                <begin>2026-05-21T14:14:56.001751+00:00</begin>
                <end>2026-05-21T14:59:57.001751+00:00</end>
              </TimeSpan>
              <MultiGeometry>
                <Polygon>
                  <altitudeMode>absolute</altitudeMode>
                  <outerBoundaryIs>
                    <LinearRing>
                      <coordinates>7.4772500000000015,46.97455,556.3313893166907 7.4772500000000015,46.974900000000005,556.3313893166907 7.477950000000001,46.974900000000005,556.3313893166907 7.477950000000001,46.97455,556.3313893166907</coordinates>
                    </LinearRing>
                  </outerBoundaryIs>
                </Polygon>
                <Polygon>
                  <altitudeMode>absolute</altitudeMode>
                  <outerBoundaryIs>
                    <LinearRing>
                      <coordinates>7.4772500000000015,46.97455,586.3213893166907 7.4772500000000015,46.974900000000005,586.3213893166907 7.477950000000001,46.974900000000005,586.3213893166907 7.477950000000001,46.97455,586.3213893166907</coordinates>
                    </LinearRing>
                  </outerBoundaryIs>
                </Polygon>
                <Polygon>
                  <altitudeMode>absolute</altitudeMode>
                  <outerBoundaryIs>
                    <LinearRing>
                      <coordinates>7.4772500000000015,46.97455,556.3313893166907 7.4772500000000015,46.97455,586.3213893166907 7.4772500000000015,46.974900000000005,586.3213893166907 7.4772500000000015,46.974900000000005,556.3313893166907</coordinates>
                    </LinearRing>
                  </outerBoundaryIs>
                </Polygon>
                <Polygon>
                  <altitudeMode>absolute</altitudeMode>
                  <outerBoundaryIs>
                    <LinearRing>
                      <coordinates>7.4772500000000015,46.974900000000005,556.3313893166907 7.4772500000000015,46.974900000000005,586.3213893166907 7.477950000000001,46.974900000000005,586.3213893166907 7.477950000000001,46.974900000000005,556.3313893166907</coordinates>
                    </LinearRing>
                  </outerBoundaryIs>
                </Polygon>
                <Polygon>
                  <altitudeMode>absolute</altitudeMode>
                  <outerBoundaryIs>
                    <LinearRing>
                      <coordinates>7.477950000000001,46.974900000000005,556.3313893166907 7.477950000000001,46.974900000000005,586.3213893166907 7.477950000000001,46.97455,586.3213893166907 7.477950000000001,46.97455,556.3313893166907</coordinates>
                    </LinearRing>
                  </outerBoundaryIs>
                </Polygon>
                <Polygon>
                  <altitudeMode>absolute</altitudeMode>
                  <outerBoundaryIs>
                    <LinearRing>
                      <coordinates>7.477950000000001,46.97455,556.3313893166907 7.477950000000001,46.97455,586.3213893166907 7.4772500000000015,46.97455,586.3213893166907 7.4772500000000015,46.97455,556.3313893166907</coordinates>
                    </LinearRing>
                  </outerBoundaryIs>
                </Polygon>
              </MultiGeometry>
            </Placemark>
          </Folder>
          <Folder>
            <name>E100: uss1 astm.f3548.v21.dss.queryOperationalIntentReferences</name>
            <Placemark>
              <name>area_of_interest</name>
              <styleUrl>#QueryArea</styleUrl>
              <description><![CDATA[<ul><li>uss1's Accepted 494224f6-0a9b-4b4f-96d5-b786e4b1d805[1]</li><li>uss1's Accepted 4dd8f270-90aa-42e5-bfc8-da7a2f529cdf[1]</li></ul>]]></description>
              <TimeSpan>
                <begin>2026-05-21T14:14:56.001751+00:00</begin>
                <end>2026-05-21T14:59:57.001751+00:00</end>
              </TimeSpan>
              <MultiGeometry>
                <Polygon>
                  <altitudeMode>absolute</altitudeMode>
                  <outerBoundaryIs>
                    <LinearRing>
                      <coordinates>7.4772500000000015,46.97455,556.3313893166907 7.4772500000000015,46.974900000000005,556.3313893166907 7.477950000000001,46.974900000000005,556.3313893166907 7.477950000000001,46.97455,556.3313893166907</coordinates>
                    </LinearRing>
                  </outerBoundaryIs>
                </Polygon>
                <Polygon>
                  <altitudeMode>absolute</altitudeMode>
                  <outerBoundaryIs>
                    <LinearRing>
                      <coordinates>7.4772500000000015,46.97455,586.3213893166907 7.4772500000000015,46.974900000000005,586.3213893166907 7.477950000000001,46.974900000000005,586.3213893166907 7.477950000000001,46.97455,586.3213893166907</coordinates>
                    </LinearRing>
                  </outerBoundaryIs>
                </Polygon>
                <Polygon>
                  <altitudeMode>absolute</altitudeMode>
                  <outerBoundaryIs>
                    <LinearRing>
                      <coordinates>7.4772500000000015,46.97455,556.3313893166907 7.4772500000000015,46.97455,586.3213893166907 7.4772500000000015,46.974900000000005,586.3213893166907 7.4772500000000015,46.974900000000005,556.3313893166907</coordinates>
                    </LinearRing>
                  </outerBoundaryIs>
                </Polygon>
                <Polygon>
                  <altitudeMode>absolute</altitudeMode>
                  <outerBoundaryIs>
                    <LinearRing>
                      <coordinates>7.4772500000000015,46.974900000000005,556.3313893166907 7.4772500000000015,46.974900000000005,586.3213893166907 7.477950000000001,46.974900000000005,586.3213893166907 7.477950000000001,46.974900000000005,556.3313893166907</coordinates>
                    </LinearRing>
                  </outerBoundaryIs>
                </Polygon>
                <Polygon>
                  <altitudeMode>absolute</altitudeMode>
                  <outerBoundaryIs>
                    <LinearRing>
                      <coordinates>7.477950000000001,46.974900000000005,556.3313893166907 7.477950000000001,46.974900000000005,586.3213893166907 7.477950000000001,46.97455,586.3213893166907 7.477950000000001,46.97455,556.3313893166907</coordinates>
                    </LinearRing>
                  </outerBoundaryIs>
                </Polygon>
                <Polygon>
                  <altitudeMode>absolute</altitudeMode>
                  <outerBoundaryIs>
                    <LinearRing>
                      <coordinates>7.477950000000001,46.97455,556.3313893166907 7.477950000000001,46.97455,586.3213893166907 7.4772500000000015,46.97455,586.3213893166907 7.4772500000000015,46.97455,556.3313893166907</coordinates>
                    </LinearRing>
                  </outerBoundaryIs>
                </Polygon>
              </MultiGeometry>
            </Placemark>
          </Folder>
          <Folder>
            <name>E104: uss2 astm.f3548.v21.uss.getOperationalIntentDetails</name>
            <Folder>
              <name>uss1's P0 Accepted 494224f6-0a9b-4b4f-96d5-b786e4b1d805[1] @ Utb1RbLZkZaxizI0W-km-lXpw0PJKugfI.RisEdWLDA_</name>
              <Placemark>
                <name>Nominal volume 0</name>
                <styleUrl>#F3548v21Accepted</styleUrl>
                <TimeSpan>
                  <begin>2026-05-21T14:14:56.632149+00:00</begin>
                  <end>2026-05-21T14:59:56.608061+00:00</end>
                </TimeSpan>
                <MultiGeometry>
                  <Polygon>
                    <altitudeMode>absolute</altitudeMode>
                    <outerBoundaryIs>
                      <LinearRing>
                        <coordinates>7.477250000000001,46.9746,556.3313927174643 7.477250000000001,46.974900000000005,556.3313927174643 7.4779,46.974900000000005,556.3313927174643 7.47795,46.97455,556.3313927174643</coordinates>
                      </LinearRing>
                    </outerBoundaryIs>
                  </Polygon>
                  <Polygon>
                    <altitudeMode>absolute</altitudeMode>
                    <outerBoundaryIs>
                      <LinearRing>
                        <coordinates>7.477250000000001,46.9746,586.3213927174643 7.477250000000001,46.974900000000005,586.3213927174643 7.4779,46.974900000000005,586.3213927174643 7.47795,46.97455,586.3213927174643</coordinates>
                      </LinearRing>
                    </outerBoundaryIs>
                  </Polygon>
                  <Polygon>
                    <altitudeMode>absolute</altitudeMode>
                    <outerBoundaryIs>
                      <LinearRing>
                        <coordinates>7.477250000000001,46.9746,556.3313927174643 7.477250000000001,46.9746,586.3213927174643 7.477250000000001,46.974900000000005,586.3213927174643 7.477250000000001,46.974900000000005,556.3313927174643</coordinates>
                      </LinearRing>
                    </outerBoundaryIs>
                  </Polygon>
                  <Polygon>
                    <altitudeMode>absolute</altitudeMode>
                    <outerBoundaryIs>
                      <LinearRing>
                        <coordinates>7.477250000000001,46.974900000000005,556.3313927174643 7.477250000000001,46.974900000000005,586.3213927174643 7.4779,46.974900000000005,586.3213927174643 7.4779,46.974900000000005,556.3313927174643</coordinates>
                      </LinearRing>
                    </outerBoundaryIs>
                  </Polygon>
                  <Polygon>
                    <altitudeMode>absolute</altitudeMode>
                    <outerBoundaryIs>
                      <LinearRing>
                        <coordinates>7.4779,46.974900000000005,556.3313927174643 7.4779,46.974900000000005,586.3213927174643 7.47795,46.97455,586.3213927174643 7.47795,46.97455,556.3313927174643</coordinates>
                      </LinearRing>
                    </outerBoundaryIs>
                  </Polygon>
                  <Polygon>
                    <altitudeMode>absolute</altitudeMode>
                    <outerBoundaryIs>
                      <LinearRing>
                        <coordinates>7.47795,46.97455,556.3313927174643 7.47795,46.97455,586.3213927174643 7.477250000000001,46.9746,586.3213927174643 7.477250000000001,46.9746,556.3313927174643</coordinates>
                      </LinearRing>
                    </outerBoundaryIs>
                  </Polygon>
                </MultiGeometry>
              </Placemark>
            </Folder>
          </Folder>
        </Folder>
      </Folder>
      <Folder>
        <name>Modify activated flight with pre-existing conflict</name>
        <Folder>
          <name>Delete Flight 2</name>
        </Folder>
        <Folder>
          <name>Activate Flight 1</name>
          <Folder>
            <name>E115: uss1 astm.f3548.v21.dss.queryOperationalIntentReferences</name>
            <Placemark>
              <name>area_of_interest</name>
              <styleUrl>#QueryArea</styleUrl>
              <description><![CDATA[<ul><li>uss1's Accepted 494224f6-0a9b-4b4f-96d5-b786e4b1d805[1]</li></ul>]]></description>
              <TimeSpan>
                <begin>2026-05-21T14:14:56.165425+00:00</begin>
                <end>2026-05-21T14:59:57.165425+00:00</end>
              </TimeSpan>
              <MultiGeometry>
                <Polygon>
                  <altitudeMode>absolute</altitudeMode>
                  <outerBoundaryIs>
                    <LinearRing>
                      <coordinates>7.4772500000000015,46.97455,556.3413893166907 7.4772500000000015,46.974900000000005,556.3413893166907 7.477950000000001,46.974900000000005,556.3413893166907 7.477950000000001,46.97455,556.3413893166907</coordinates>
                    </LinearRing>
                  </outerBoundaryIs>
                </Polygon>
                <Polygon>
                  <altitudeMode>absolute</altitudeMode>
                  <outerBoundaryIs>
                    <LinearRing>
                      <coordinates>7.4772500000000015,46.97455,586.3213893166907 7.4772500000000015,46.974900000000005,586.3213893166907 7.477950000000001,46.974900000000005,586.3213893166907 7.477950000000001,46.97455,586.3213893166907</coordinates>
                    </LinearRing>
                  </outerBoundaryIs>
                </Polygon>
                <Polygon>
                  <altitudeMode>absolute</altitudeMode>
                  <outerBoundaryIs>
                    <LinearRing>
                      <coordinates>7.4772500000000015,46.97455,556.3413893166907 7.4772500000000015,46.97455,586.3213893166907 7.4772500000000015,46.974900000000005,586.3213893166907 7.4772500000000015,46.974900000000005,556.3413893166907</coordinates>
                    </LinearRing>
                  </outerBoundaryIs>
                </Polygon>
                <Polygon>
                  <altitudeMode>absolute</altitudeMode>
                  <outerBoundaryIs>
                    <LinearRing>
                      <coordinates>7.4772500000000015,46.974900000000005,556.3413893166907 7.4772500000000015,46.974900000000005,586.3213893166907 7.477950000000001,46.974900000000005,586.3213893166907 7.477950000000001,46.974900000000005,556.3413893166907</coordinates>
                    </LinearRing>
                  </outerBoundaryIs>
                </Polygon>
                <Polygon>
                  <altitudeMode>absolute</altitudeMode>
                  <outerBoundaryIs>
                    <LinearRing>
                      <coordinates>7.477950000000001,46.974900000000005,556.3413893166907 7.477950000000001,46.974900000000005,586.3213893166907 7.477950000000001,46.97455,586.3213893166907 7.477950000000001,46.97455,556.3413893166907</coordinates>
                    </LinearRing>
                  </outerBoundaryIs>
                </Polygon>
                <Polygon>
                  <altitudeMode>absolute</altitudeMode>
                  <outerBoundaryIs>
                    <LinearRing>
                      <coordinates>7.477950000000001,46.97455,556.3413893166907 7.477950000000001,46.97455,586.3213893166907 7.4772500000000015,46.97455,586.3213893166907 7.4772500000000015,46.97455,556.3413893166907</coordinates>
                    </LinearRing>
                  </outerBoundaryIs>
                </Polygon>
              </MultiGeometry>
            </Placemark>
          </Folder>
          <Folder>
            <name>E121: uss1 astm.f3548.v21.dss.queryOperationalIntentReferences</name>
            <Placemark>
              <name>area_of_interest</name>
              <styleUrl>#QueryArea</styleUrl>
              <description><![CDATA[<ul><li>uss1's Activated 494224f6-0a9b-4b4f-96d5-b786e4b1d805[2]</li></ul>]]></description>
              <TimeSpan>
                <begin>2026-05-21T14:14:56.165425+00:00</begin>
                <end>2026-05-21T14:59:57.165425+00:00</end>
              </TimeSpan>
              <MultiGeometry>
                <Polygon>
                  <altitudeMode>absolute</altitudeMode>
                  <outerBoundaryIs>
                    <LinearRing>
                      <coordinates>7.4772500000000015,46.97455,556.3413893166907 7.4772500000000015,46.974900000000005,556.3413893166907 7.477950000000001,46.974900000000005,556.3413893166907 7.477950000000001,46.97455,556.3413893166907</coordinates>
                    </LinearRing>
                  </outerBoundaryIs>
                </Polygon>
                <Polygon>
                  <altitudeMode>absolute</altitudeMode>
                  <outerBoundaryIs>
                    <LinearRing>
                      <coordinates>7.4772500000000015,46.97455,586.3213893166907 7.4772500000000015,46.974900000000005,586.3213893166907 7.477950000000001,46.974900000000005,586.3213893166907 7.477950000000001,46.97455,586.3213893166907</coordinates>
                    </LinearRing>
                  </outerBoundaryIs>
                </Polygon>
                <Polygon>
                  <altitudeMode>absolute</altitudeMode>
                  <outerBoundaryIs>
                    <LinearRing>
                      <coordinates>7.4772500000000015,46.97455,556.3413893166907 7.4772500000000015,46.97455,586.3213893166907 7.4772500000000015,46.974900000000005,586.3213893166907 7.4772500000000015,46.974900000000005,556.3413893166907</coordinates>
                    </LinearRing>
                  </outerBoundaryIs>
                </Polygon>
                <Polygon>
                  <altitudeMode>absolute</altitudeMode>
                  <outerBoundaryIs>
                    <LinearRing>
                      <coordinates>7.4772500000000015,46.974900000000005,556.3413893166907 7.4772500000000015,46.974900000000005,586.3213893166907 7.477950000000001,46.974900000000005,586.3213893166907 7.477950000000001,46.974900000000005,556.3413893166907</coordinates>
                    </LinearRing>
                  </outerBoundaryIs>
                </Polygon>
                <Polygon>
                  <altitudeMode>absolute</altitudeMode>
                  <outerBoundaryIs>
                    <LinearRing>
                      <coordinates>7.477950000000001,46.974900000000005,556.3413893166907 7.477950000000001,46.974900000000005,586.3213893166907 7.477950000000001,46.97455,586.3213893166907 7.477950000000001,46.97455,556.3413893166907</coordinates>
                    </LinearRing>
                  </outerBoundaryIs>
                </Polygon>
                <Polygon>
                  <altitudeMode>absolute</altitudeMode>
                  <outerBoundaryIs>
                    <LinearRing>
                      <coordinates>7.477950000000001,46.97455,556.3413893166907 7.477950000000001,46.97455,586.3213893166907 7.4772500000000015,46.97455,586.3213893166907 7.4772500000000015,46.97455,556.3413893166907</coordinates>
                    </LinearRing>
                  </outerBoundaryIs>
                </Polygon>
              </MultiGeometry>
            </Placemark>
          </Folder>
          <Folder>
            <name>E126: uss2 astm.f3548.v21.uss.getOperationalIntentDetails</name>
            <Folder>
              <name>uss1's P0 Activated 494224f6-0a9b-4b4f-96d5-b786e4b1d805[2] @ 2yi1yEqNXwqJQc-CxCb7tWN9Eh8Krayk50c0gWhxBx4_</name>
              <Placemark>
                <name>Nominal volume 0</name>
                <styleUrl>#F3548v21Activated</styleUrl>
                <TimeSpan>
                  <begin>2026-05-21T14:14:57.194874+00:00</begin>
                  <end>2026-05-21T14:59:57.165425+00:00</end>
                </TimeSpan>
                <MultiGeometry>
                  <Polygon>
                    <altitudeMode>absolute</altitudeMode>
                    <outerBoundaryIs>
                      <LinearRing>
                        <coordinates>7.477250000000001,46.9746,556.3413927174643 7.477250000000001,46.974900000000005,556.3413927174643 7.4779,46.974900000000005,556.3413927174643 7.47795,46.97455,556.3413927174643</coordinates>
                      </LinearRing>
                    </outerBoundaryIs>
                  </Polygon>
                  <Polygon>
                    <altitudeMode>absolute</altitudeMode>
                    <outerBoundaryIs>
                      <LinearRing>
                        <coordinates>7.477250000000001,46.9746,586.3213927174643 7.477250000000001,46.974900000000005,586.3213927174643 7.4779,46.974900000000005,586.3213927174643 7.47795,46.97455,586.3213927174643</coordinates>
                      </LinearRing>
                    </outerBoundaryIs>
                  </Polygon>
                  <Polygon>
                    <altitudeMode>absolute</altitudeMode>
                    <outerBoundaryIs>
                      <LinearRing>
                        <coordinates>7.477250000000001,46.9746,556.3413927174643 7.477250000000001,46.9746,586.3213927174643 7.477250000000001,46.974900000000005,586.3213927174643 7.477250000000001,46.974900000000005,556.3413927174643</coordinates>
                      </LinearRing>
                    </outerBoundaryIs>
                  </Polygon>
                  <Polygon>
                    <altitudeMode>absolute</altitudeMode>
                    <outerBoundaryIs>
                      <LinearRing>
                        <coordinates>7.477250000000001,46.974900000000005,556.3413927174643 7.477250000000001,46.974900000000005,586.3213927174643 7.4779,46.974900000000005,586.3213927174643 7.4779,46.974900000000005,556.3413927174643</coordinates>
                      </LinearRing>
                    </outerBoundaryIs>
                  </Polygon>
                  <Polygon>
                    <altitudeMode>absolute</altitudeMode>
                    <outerBoundaryIs>
                      <LinearRing>
                        <coordinates>7.4779,46.974900000000005,556.3413927174643 7.4779,46.974900000000005,586.3213927174643 7.47795,46.97455,586.3213927174643 7.47795,46.97455,556.3413927174643</coordinates>
                      </LinearRing>
                    </outerBoundaryIs>
                  </Polygon>
                  <Polygon>
                    <altitudeMode>absolute</altitudeMode>
                    <outerBoundaryIs>
                      <LinearRing>
                        <coordinates>7.47795,46.97455,556.3413927174643 7.47795,46.97455,586.3213927174643 7.477250000000001,46.9746,586.3213927174643 7.477250000000001,46.9746,556.3413927174643</coordinates>
                      </LinearRing>
                    </outerBoundaryIs>
                  </Polygon>
                </MultiGeometry>
              </Placemark>
            </Folder>
          </Folder>
        </Folder>
        <Folder>
          <name>Plan Flight 2</name>
          <Folder>
            <name>E135: uss1 astm.f3548.v21.dss.queryOperationalIntentReferences</name>
            <Placemark>
              <name>area_of_interest</name>
              <styleUrl>#QueryArea</styleUrl>
              <description><![CDATA[<ul><li>uss1's Activated 494224f6-0a9b-4b4f-96d5-b786e4b1d805[2]</li></ul>]]></description>
              <TimeSpan>
                <begin>2026-05-21T14:14:56.313633+00:00</begin>
                <end>2026-05-21T14:59:57.313633+00:00</end>
              </TimeSpan>
              <MultiGeometry>
                <Polygon>
                  <altitudeMode>absolute</altitudeMode>
                  <outerBoundaryIs>
                    <LinearRing>
                      <coordinates>7.477199999999999,46.97455,555.2514433597552 7.477199999999999,46.975300000000004,555.2514433597552 7.477600000000001,46.975300000000004,555.2514433597552 7.477600000000001,46.97455,555.2514433597552</coordinates>
                    </LinearRing>
                  </outerBoundaryIs>
                </Polygon>
                <Polygon>
                  <altitudeMode>absolute</altitudeMode>
                  <outerBoundaryIs>
                    <LinearRing>
                      <coordinates>7.477199999999999,46.97455,584.3214433597552 7.477199999999999,46.975300000000004,584.3214433597552 7.477600000000001,46.975300000000004,584.3214433597552 7.477600000000001,46.97455,584.3214433597552</coordinates>
                    </LinearRing>
                  </outerBoundaryIs>
                </Polygon>
                <Polygon>
                  <altitudeMode>absolute</altitudeMode>
                  <outerBoundaryIs>
                    <LinearRing>
                      <coordinates>7.477199999999999,46.97455,555.2514433597552 7.477199999999999,46.97455,584.3214433597552 7.477199999999999,46.975300000000004,584.3214433597552 7.477199999999999,46.975300000000004,555.2514433597552</coordinates>
                    </LinearRing>
                  </outerBoundaryIs>
                </Polygon>
                <Polygon>
                  <altitudeMode>absolute</altitudeMode>
                  <outerBoundaryIs>
                    <LinearRing>
                      <coordinates>7.477199999999999,46.975300000000004,555.2514433597552 7.477199999999999,46.975300000000004,584.3214433597552 7.477600000000001,46.975300000000004,584.3214433597552 7.477600000000001,46.975300000000004,555.2514433597552</coordinates>
                    </LinearRing>
                  </outerBoundaryIs>
                </Polygon>
                <Polygon>
                  <altitudeMode>absolute</altitudeMode>
                  <outerBoundaryIs>
                    <LinearRing>
                      <coordinates>7.477600000000001,46.975300000000004,555.2514433597552 7.477600000000001,46.975300000000004,584.3214433597552 7.477600000000001,46.97455,584.3214433597552 7.477600000000001,46.97455,555.2514433597552</coordinates>
                    </LinearRing>
                  </outerBoundaryIs>
                </Polygon>
                <Polygon>
                  <altitudeMode>absolute</altitudeMode>
                  <outerBoundaryIs>
                    <LinearRing>
                      <coordinates>7.477600000000001,46.97455,555.2514433597552 7.477600000000001,46.97455,584.3214433597552 7.477199999999999,46.97455,584.3214433597552 7.477199999999999,46.97455,555.2514433597552</coordinates>
                    </LinearRing>
                  </outerBoundaryIs>
                </Polygon>
              </MultiGeometry>
            </Placemark>
          </Folder>
          <Folder>
            <name>E141: uss1 astm.f3548.v21.dss.queryOperationalIntentReferences</name>
            <Placemark>
              <name>area_of_interest</name>
              <styleUrl>#QueryArea</styleUrl>
              <description><![CDATA[<ul><li>uss1's Accepted 023c12bb-a5b1-4b60-b291-754ab235e158[1]</li><li>uss1's Activated 494224f6-0a9b-4b4f-96d5-b786e4b1d805[2]</li></ul>]]></description>
              <TimeSpan>
                <begin>2026-05-21T14:14:56.313633+00:00</begin>
                <end>2026-05-21T14:59:57.313633+00:00</end>
              </TimeSpan>
              <MultiGeometry>
                <Polygon>
                  <altitudeMode>absolute</altitudeMode>
                  <outerBoundaryIs>
                    <LinearRing>
                      <coordinates>7.477199999999999,46.97455,555.2514433597552 7.477199999999999,46.975300000000004,555.2514433597552 7.477600000000001,46.975300000000004,555.2514433597552 7.477600000000001,46.97455,555.2514433597552</coordinates>
                    </LinearRing>
                  </outerBoundaryIs>
                </Polygon>
                <Polygon>
                  <altitudeMode>absolute</altitudeMode>
                  <outerBoundaryIs>
                    <LinearRing>
                      <coordinates>7.477199999999999,46.97455,584.3214433597552 7.477199999999999,46.975300000000004,584.3214433597552 7.477600000000001,46.975300000000004,584.3214433597552 7.477600000000001,46.97455,584.3214433597552</coordinates>
                    </LinearRing>
                  </outerBoundaryIs>
                </Polygon>
                <Polygon>
                  <altitudeMode>absolute</altitudeMode>
                  <outerBoundaryIs>
                    <LinearRing>
                      <coordinates>7.477199999999999,46.97455,555.2514433597552 7.477199999999999,46.97455,584.3214433597552 7.477199999999999,46.975300000000004,584.3214433597552 7.477199999999999,46.975300000000004,555.2514433597552</coordinates>
                    </LinearRing>
                  </outerBoundaryIs>
                </Polygon>
                <Polygon>
                  <altitudeMode>absolute</altitudeMode>
                  <outerBoundaryIs>
                    <LinearRing>
                      <coordinates>7.477199999999999,46.975300000000004,555.2514433597552 7.477199999999999,46.975300000000004,584.3214433597552 7.477600000000001,46.975300000000004,584.3214433597552 7.477600000000001,46.975300000000004,555.2514433597552</coordinates>
                    </LinearRing>
                  </outerBoundaryIs>
                </Polygon>
                <Polygon>
                  <altitudeMode>absolute</altitudeMode>
                  <outerBoundaryIs>
                    <LinearRing>
                      <coordinates>7.477600000000001,46.975300000000004,555.2514433597552 7.477600000000001,46.975300000000004,584.3214433597552 7.477600000000001,46.97455,584.3214433597552 7.477600000000001,46.97455,555.2514433597552</coordinates>
                    </LinearRing>
                  </outerBoundaryIs>
                </Polygon>
                <Polygon>
                  <altitudeMode>absolute</altitudeMode>
                  <outerBoundaryIs>
                    <LinearRing>
                      <coordinates>7.477600000000001,46.97455,555.2514433597552 7.477600000000001,46.97455,584.3214433597552 7.477199999999999,46.97455,584.3214433597552 7.477199999999999,46.97455,555.2514433597552</coordinates>
                    </LinearRing>
                  </outerBoundaryIs>
                </Polygon>
              </MultiGeometry>
            </Placemark>
          </Folder>
          <Folder>
            <name>E145: mock_uss astm.f3548.v21.uss.getOperationalIntentDetails</name>
            <Folder>
              <name>uss1's P100 Accepted 023c12bb-a5b1-4b60-b291-754ab235e158[1] @ ODnkzPAbc77DXz37qFrrOy8-MY3X8vP7ciULoV02Rc0_</name>
              <Placemark>
                <name>Nominal volume 0</name>
                <styleUrl>#F3548v21Accepted</styleUrl>
                <TimeSpan>
                  <begin>2026-05-21T14:14:57.344560+00:00</begin>
                  <end>2026-05-21T14:59:57.313633+00:00</end>
                </TimeSpan>
                <MultiGeometry>
                  <Polygon>
                    <altitudeMode>absolute</altitudeMode>
                    <outerBoundaryIs>
                      <LinearRing>
                        <coordinates>7.4772,46.975,555.25147227108 7.4774,46.97455,555.25147227108 7.477600000000001,46.97495,555.25147227108 7.4774,46.975300000000004,555.25147227108</coordinates>
                      </LinearRing>
                    </outerBoundaryIs>
                  </Polygon>
                  <Polygon>
                    <altitudeMode>absolute</altitudeMode>
                    <outerBoundaryIs>
                      <LinearRing>
                        <coordinates>7.4772,46.975,584.3214722710801 7.4774,46.97455,584.3214722710801 7.477600000000001,46.97495,584.3214722710801 7.4774,46.975300000000004,584.3214722710801</coordinates>
                      </LinearRing>
                    </outerBoundaryIs>
                  </Polygon>
                  <Polygon>
                    <altitudeMode>absolute</altitudeMode>
                    <outerBoundaryIs>
                      <LinearRing>
                        <coordinates>7.4772,46.975,555.25147227108 7.4772,46.975,584.3214722710801 7.4774,46.97455,584.3214722710801 7.4774,46.97455,555.25147227108</coordinates>
                      </LinearRing>
                    </outerBoundaryIs>
                  </Polygon>
                  <Polygon>
                    <altitudeMode>absolute</altitudeMode>
                    <outerBoundaryIs>
                      <LinearRing>
                        <coordinates>7.4774,46.97455,555.25147227108 7.4774,46.97455,584.3214722710801 7.477600000000001,46.97495,584.3214722710801 7.477600000000001,46.97495,555.25147227108</coordinates>
                      </LinearRing>
                    </outerBoundaryIs>
                  </Polygon>
                  <Polygon>
                    <altitudeMode>absolute</altitudeMode>
                    <outerBoundaryIs>
                      <LinearRing>
                        <coordinates>7.477600000000001,46.97495,555.25147227108 7.477600000000001,46.97495,584.3214722710801 7.4774,46.975300000000004,584.3214722710801 7.4774,46.975300000000004,555.25147227108</coordinates>
                      </LinearRing>
                    </outerBoundaryIs>
                  </Polygon>
                  <Polygon>
                    <altitudeMode>absolute</altitudeMode>
                    <outerBoundaryIs>
                      <LinearRing>
                        <coordinates>7.4774,46.975300000000004,555.25147227108 7.4774,46.975300000000004,584.3214722710801 7.4772,46.975,584.3214722710801 7.4772,46.975,555.25147227108</coordinates>
                      </LinearRing>
                    </outerBoundaryIs>
                  </Polygon>
                </MultiGeometry>
              </Placemark>
            </Folder>
          </Folder>
        </Folder>
        <Folder>
          <name>Activate Flight 2</name>
          <Folder>
            <name>E158: uss1 astm.f3548.v21.dss.queryOperationalIntentReferences</name>
            <Placemark>
              <name>area_of_interest</name>
              <styleUrl>#QueryArea</styleUrl>
              <description><![CDATA[<ul><li>uss1's Accepted 023c12bb-a5b1-4b60-b291-754ab235e158[1]</li><li>uss1's Activated 494224f6-0a9b-4b4f-96d5-b786e4b1d805[2]</li></ul>]]></description>
              <TimeSpan>
                <begin>2026-05-21T14:14:56.467694+00:00</begin>
                <end>2026-05-21T14:59:57.467694+00:00</end>
              </TimeSpan>
              <MultiGeometry>
                <Polygon>
                  <altitudeMode>absolute</altitudeMode>
                  <outerBoundaryIs>
                    <LinearRing>
                      <coordinates>7.477199999999999,46.97455,556.4014433597553 7.477199999999999,46.975300000000004,556.4014433597553 7.477600000000001,46.975300000000004,556.4014433597553 7.477600000000001,46.97455,556.4014433597553</coordinates>
                    </LinearRing>
                  </outerBoundaryIs>
                </Polygon>
                <Polygon>
                  <altitudeMode>absolute</altitudeMode>
                  <outerBoundaryIs>
                    <LinearRing>
                      <coordinates>7.477199999999999,46.97455,584.3214433597552 7.477199999999999,46.975300000000004,584.3214433597552 7.477600000000001,46.975300000000004,584.3214433597552 7.477600000000001,46.97455,584.3214433597552</coordinates>
                    </LinearRing>
                  </outerBoundaryIs>
                </Polygon>
                <Polygon>
                  <altitudeMode>absolute</altitudeMode>
                  <outerBoundaryIs>
                    <LinearRing>
                      <coordinates>7.477199999999999,46.97455,556.4014433597553 7.477199999999999,46.97455,584.3214433597552 7.477199999999999,46.975300000000004,584.3214433597552 7.477199999999999,46.975300000000004,556.4014433597553</coordinates>
                    </LinearRing>
                  </outerBoundaryIs>
                </Polygon>
                <Polygon>
                  <altitudeMode>absolute</altitudeMode>
                  <outerBoundaryIs>
                    <LinearRing>
                      <coordinates>7.477199999999999,46.975300000000004,556.4014433597553 7.477199999999999,46.975300000000004,584.3214433597552 7.477600000000001,46.975300000000004,584.3214433597552 7.477600000000001,46.975300000000004,556.4014433597553</coordinates>
                    </LinearRing>
                  </outerBoundaryIs>
                </Polygon>
                <Polygon>
                  <altitudeMode>absolute</altitudeMode>
                  <outerBoundaryIs>
                    <LinearRing>
                      <coordinates>7.477600000000001,46.975300000000004,556.4014433597553 7.477600000000001,46.975300000000004,584.3214433597552 7.477600000000001,46.97455,584.3214433597552 7.477600000000001,46.97455,556.4014433597553</coordinates>
                    </LinearRing>
                  </outerBoundaryIs>
                </Polygon>
                <Polygon>
                  <altitudeMode>absolute</altitudeMode>
                  <outerBoundaryIs>
                    <LinearRing>
                      <coordinates>7.477600000000001,46.97455,556.4014433597553 7.477600000000001,46.97455,584.3214433597552 7.477199999999999,46.97455,584.3214433597552 7.477199999999999,46.97455,556.4014433597553</coordinates>
                    </LinearRing>
                  </outerBoundaryIs>
                </Polygon>
              </MultiGeometry>
            </Placemark>
          </Folder>
          <Folder>
            <name>E164: uss1 astm.f3548.v21.dss.queryOperationalIntentReferences</name>
            <Placemark>
              <name>area_of_interest</name>
              <styleUrl>#QueryArea</styleUrl>
              <description><![CDATA[<ul><li>uss1's Activated 023c12bb-a5b1-4b60-b291-754ab235e158[2]</li><li>uss1's Activated 494224f6-0a9b-4b4f-96d5-b786e4b1d805[2]</li></ul>]]></description>
              <TimeSpan>
                <begin>2026-05-21T14:14:56.467694+00:00</begin>
                <end>2026-05-21T14:59:57.467694+00:00</end>
              </TimeSpan>
              <MultiGeometry>
                <Polygon>
                  <altitudeMode>absolute</altitudeMode>
                  <outerBoundaryIs>
                    <LinearRing>
                      <coordinates>7.477199999999999,46.97455,556.4014433597553 7.477199999999999,46.975300000000004,556.4014433597553 7.477600000000001,46.975300000000004,556.4014433597553 7.477600000000001,46.97455,556.4014433597553</coordinates>
                    </LinearRing>
                  </outerBoundaryIs>
                </Polygon>
                <Polygon>
                  <altitudeMode>absolute</altitudeMode>
                  <outerBoundaryIs>
                    <LinearRing>
                      <coordinates>7.477199999999999,46.97455,584.3214433597552 7.477199999999999,46.975300000000004,584.3214433597552 7.477600000000001,46.975300000000004,584.3214433597552 7.477600000000001,46.97455,584.3214433597552</coordinates>
                    </LinearRing>
                  </outerBoundaryIs>
                </Polygon>
                <Polygon>
                  <altitudeMode>absolute</altitudeMode>
                  <outerBoundaryIs>
                    <LinearRing>
                      <coordinates>7.477199999999999,46.97455,556.4014433597553 7.477199999999999,46.97455,584.3214433597552 7.477199999999999,46.975300000000004,584.3214433597552 7.477199999999999,46.975300000000004,556.4014433597553</coordinates>
                    </LinearRing>
                  </outerBoundaryIs>
                </Polygon>
                <Polygon>
                  <altitudeMode>absolute</altitudeMode>
                  <outerBoundaryIs>
                    <LinearRing>
                      <coordinates>7.477199999999999,46.975300000000004,556.4014433597553 7.477199999999999,46.975300000000004,584.3214433597552 7.477600000000001,46.975300000000004,584.3214433597552 7.477600000000001,46.975300000000004,556.4014433597553</coordinates>
                    </LinearRing>
                  </outerBoundaryIs>
                </Polygon>
                <Polygon>
                  <altitudeMode>absolute</altitudeMode>
                  <outerBoundaryIs>
                    <LinearRing>
                      <coordinates>7.477600000000001,46.975300000000004,556.4014433597553 7.477600000000001,46.975300000000004,584.3214433597552 7.477600000000001,46.97455,584.3214433597552 7.477600000000001,46.97455,556.4014433597553</coordinates>
                    </LinearRing>
                  </outerBoundaryIs>
                </Polygon>
                <Polygon>
                  <altitudeMode>absolute</altitudeMode>
                  <outerBoundaryIs>
                    <LinearRing>
                      <coordinates>7.477600000000001,46.97455,556.4014433597553 7.477600000000001,46.97455,584.3214433597552 7.477199999999999,46.97455,584.3214433597552 7.477199999999999,46.97455,556.4014433597553</coordinates>
                    </LinearRing>
                  </outerBoundaryIs>
                </Polygon>
              </MultiGeometry>
            </Placemark>
          </Folder>
          <Folder>
            <name>E169: mock_uss astm.f3548.v21.uss.getOperationalIntentDetails</name>
            <Folder>
              <name>uss1's P100 Activated 023c12bb-a5b1-4b60-b291-754ab235e158[2] @ vB8ExU3F8RNZv1zUAP032nW-GDYKO1B11aDQEZrXNTU_</name>
              <Placemark>
                <name>Nominal volume 0</name>
                <styleUrl>#F3548v21Activated</styleUrl>
                <TimeSpan>
                  <begin>2026-05-21T14:14:57.500704+00:00</begin>
                  <end>2026-05-21T14:59:57.467694+00:00</end>
                </TimeSpan>
                <MultiGeometry>
                  <Polygon>
                    <altitudeMode>absolute</altitudeMode>
                    <outerBoundaryIs>
                      <LinearRing>
                        <coordinates>7.4772,46.975,556.4014722710801 7.4774,46.97455,556.4014722710801 7.477600000000001,46.97495,556.4014722710801 7.4774,46.975300000000004,556.4014722710801</coordinates>
                      </LinearRing>
                    </outerBoundaryIs>
                  </Polygon>
                  <Polygon>
                    <altitudeMode>absolute</altitudeMode>
                    <outerBoundaryIs>
                      <LinearRing>
                        <coordinates>7.4772,46.975,584.3214722710801 7.4774,46.97455,584.3214722710801 7.477600000000001,46.97495,584.3214722710801 7.4774,46.975300000000004,584.3214722710801</coordinates>
                      </LinearRing>
                    </outerBoundaryIs>
                  </Polygon>
                  <Polygon>
                    <altitudeMode>absolute</altitudeMode>
                    <outerBoundaryIs>
                      <LinearRing>
                        <coordinates>7.4772,46.975,556.4014722710801 7.4772,46.975,584.3214722710801 7.4774,46.97455,584.3214722710801 7.4774,46.97455,556.4014722710801</coordinates>
                      </LinearRing>
                    </outerBoundaryIs>
                  </Polygon>
                  <Polygon>
                    <altitudeMode>absolute</altitudeMode>
                    <outerBoundaryIs>
                      <LinearRing>
                        <coordinates>7.4774,46.97455,556.4014722710801 7.4774,46.97455,584.3214722710801 7.477600000000001,46.97495,584.3214722710801 7.477600000000001,46.97495,556.4014722710801</coordinates>
                      </LinearRing>
                    </outerBoundaryIs>
                  </Polygon>
                  <Polygon>
                    <altitudeMode>absolute</altitudeMode>
                    <outerBoundaryIs>
                      <LinearRing>
                        <coordinates>7.477600000000001,46.97495,556.4014722710801 7.477600000000001,46.97495,584.3214722710801 7.4774,46.975300000000004,584.3214722710801 7.4774,46.975300000000004,556.4014722710801</coordinates>
                      </LinearRing>
                    </outerBoundaryIs>
                  </Polygon>
                  <Polygon>
                    <altitudeMode>absolute</altitudeMode>
                    <outerBoundaryIs>
                      <LinearRing>
                        <coordinates>7.4774,46.975300000000004,556.4014722710801 7.4774,46.975300000000004,584.3214722710801 7.4772,46.975,584.3214722710801 7.4772,46.975,556.4014722710801</coordinates>
                      </LinearRing>
                    </outerBoundaryIs>
                  </Polygon>
                </MultiGeometry>
              </Placemark>
            </Folder>
          </Folder>
        </Folder>
        <Folder>
          <name>Check for conflict notifications</name>
        </Folder>
        <Folder>
          <name>Modify activated Flight 1 in conflict with activated Flight 2</name>
          <Folder>
            <name>E178: uss1 astm.f3548.v21.dss.queryOperationalIntentReferences</name>
            <Placemark>
              <name>area_of_interest</name>
              <styleUrl>#QueryArea</styleUrl>
              <description><![CDATA[<ul><li>uss1's Activated 023c12bb-a5b1-4b60-b291-754ab235e158[2]</li><li>uss1's Activated 494224f6-0a9b-4b4f-96d5-b786e4b1d805[2]</li></ul>]]></description>
              <TimeSpan>
                <begin>2026-05-21T14:14:56.646879+00:00</begin>
                <end>2026-05-21T14:59:57.646879+00:00</end>
              </TimeSpan>
              <MultiGeometry>
                <Polygon>
                  <altitudeMode>absolute</altitudeMode>
                  <outerBoundaryIs>
                    <LinearRing>
                      <coordinates>7.4772500000000015,46.97455,526.2713893166907 7.4772500000000015,46.974900000000005,526.2713893166907 7.477950000000001,46.974900000000005,526.2713893166907 7.477950000000001,46.97455,526.2713893166907</coordinates>
                    </LinearRing>
                  </outerBoundaryIs>
                </Polygon>
                <Polygon>
                  <altitudeMode>absolute</altitudeMode>
                  <outerBoundaryIs>
                    <LinearRing>
                      <coordinates>7.4772500000000015,46.97455,586.3213893166907 7.4772500000000015,46.974900000000005,586.3213893166907 7.477950000000001,46.974900000000005,586.3213893166907 7.477950000000001,46.97455,586.3213893166907</coordinates>
                    </LinearRing>
                  </outerBoundaryIs>
                </Polygon>
                <Polygon>
                  <altitudeMode>absolute</altitudeMode>
                  <outerBoundaryIs>
                    <LinearRing>
                      <coordinates>7.4772500000000015,46.97455,526.2713893166907 7.4772500000000015,46.97455,586.3213893166907 7.4772500000000015,46.974900000000005,586.3213893166907 7.4772500000000015,46.974900000000005,526.2713893166907</coordinates>
                    </LinearRing>
                  </outerBoundaryIs>
                </Polygon>
                <Polygon>
                  <altitudeMode>absolute</altitudeMode>
                  <outerBoundaryIs>
                    <LinearRing>
                      <coordinates>7.4772500000000015,46.974900000000005,526.2713893166907 7.4772500000000015,46.974900000000005,586.3213893166907 7.477950000000001,46.974900000000005,586.3213893166907 7.477950000000001,46.974900000000005,526.2713893166907</coordinates>
                    </LinearRing>
                  </outerBoundaryIs>
                </Polygon>
                <Polygon>
                  <altitudeMode>absolute</altitudeMode>
                  <outerBoundaryIs>
                    <LinearRing>
                      <coordinates>7.477950000000001,46.974900000000005,526.2713893166907 7.477950000000001,46.974900000000005,586.3213893166907 7.477950000000001,46.97455,586.3213893166907 7.477950000000001,46.97455,526.2713893166907</coordinates>
                    </LinearRing>
                  </outerBoundaryIs>
                </Polygon>
                <Polygon>
                  <altitudeMode>absolute</altitudeMode>
                  <outerBoundaryIs>
                    <LinearRing>
                      <coordinates>7.477950000000001,46.97455,526.2713893166907 7.477950000000001,46.97455,586.3213893166907 7.4772500000000015,46.97455,586.3213893166907 7.4772500000000015,46.97455,526.2713893166907</coordinates>
                    </LinearRing>
                  </outerBoundaryIs>
                </Polygon>
              </MultiGeometry>
            </Placemark>
          </Folder>
          <Folder>
            <name>E185: uss1 astm.f3548.v21.dss.queryOperationalIntentReferences</name>
            <Placemark>
              <name>area_of_interest</name>
              <styleUrl>#QueryArea</styleUrl>
              <description><![CDATA[<ul><li>uss1's Activated 023c12bb-a5b1-4b60-b291-754ab235e158[2]</li><li>uss1's Activated 494224f6-0a9b-4b4f-96d5-b786e4b1d805[3]</li></ul>]]></description>
              <TimeSpan>
                <begin>2026-05-21T14:14:56.646879+00:00</begin>
                <end>2026-05-21T14:59:57.646879+00:00</end>
              </TimeSpan>
              <MultiGeometry>
                <Polygon>
                  <altitudeMode>absolute</altitudeMode>
                  <outerBoundaryIs>
                    <LinearRing>
                      <coordinates>7.4772500000000015,46.97455,526.2713893166907 7.4772500000000015,46.974900000000005,526.2713893166907 7.477950000000001,46.974900000000005,526.2713893166907 7.477950000000001,46.97455,526.2713893166907</coordinates>
                    </LinearRing>
                  </outerBoundaryIs>
                </Polygon>
                <Polygon>
                  <altitudeMode>absolute</altitudeMode>
                  <outerBoundaryIs>
                    <LinearRing>
                      <coordinates>7.4772500000000015,46.97455,586.3213893166907 7.4772500000000015,46.974900000000005,586.3213893166907 7.477950000000001,46.974900000000005,586.3213893166907 7.477950000000001,46.97455,586.3213893166907</coordinates>
                    </LinearRing>
                  </outerBoundaryIs>
                </Polygon>
                <Polygon>
                  <altitudeMode>absolute</altitudeMode>
                  <outerBoundaryIs>
                    <LinearRing>
                      <coordinates>7.4772500000000015,46.97455,526.2713893166907 7.4772500000000015,46.97455,586.3213893166907 7.4772500000000015,46.974900000000005,586.3213893166907 7.4772500000000015,46.974900000000005,526.2713893166907</coordinates>
                    </LinearRing>
                  </outerBoundaryIs>
                </Polygon>
                <Polygon>
                  <altitudeMode>absolute</altitudeMode>
                  <outerBoundaryIs>
                    <LinearRing>
                      <coordinates>7.4772500000000015,46.974900000000005,526.2713893166907 7.4772500000000015,46.974900000000005,586.3213893166907 7.477950000000001,46.974900000000005,586.3213893166907 7.477950000000001,46.974900000000005,526.2713893166907</coordinates>
                    </LinearRing>
                  </outerBoundaryIs>
                </Polygon>
                <Polygon>
                  <altitudeMode>absolute</altitudeMode>
                  <outerBoundaryIs>
                    <LinearRing>
                      <coordinates>7.477950000000001,46.974900000000005,526.2713893166907 7.477950000000001,46.974900000000005,586.3213893166907 7.477950000000001,46.97455,586.3213893166907 7.477950000000001,46.97455,526.2713893166907</coordinates>
                    </LinearRing>
                  </outerBoundaryIs>
                </Polygon>
                <Polygon>
                  <altitudeMode>absolute</altitudeMode>
                  <outerBoundaryIs>
                    <LinearRing>
                      <coordinates>7.477950000000001,46.97455,526.2713893166907 7.477950000000001,46.97455,586.3213893166907 7.4772500000000015,46.97455,586.3213893166907 7.4772500000000015,46.97455,526.2713893166907</coordinates>
                    </LinearRing>
                  </outerBoundaryIs>
                </Polygon>
              </MultiGeometry>
            </Placemark>
          </Folder>
          <Folder>
            <name>E190: uss2 astm.f3548.v21.uss.getOperationalIntentDetails</name>
            <Folder>
              <name>uss1's P0 Activated 494224f6-0a9b-4b4f-96d5-b786e4b1d805[3] @ qzii33.BBffPDMBClA7Dr2uL3ES0WvH1MwcH7pI95Bs_</name>
              <Placemark>
                <name>Nominal volume 0</name>
                <styleUrl>#F3548v21Activated</styleUrl>
                <TimeSpan>
                  <begin>2026-05-21T14:14:57.684266+00:00</begin>
                  <end>2026-05-21T14:59:57.646879+00:00</end>
                </TimeSpan>
                <MultiGeometry>
                  <Polygon>
                    <altitudeMode>absolute</altitudeMode>
                    <outerBoundaryIs>
                      <LinearRing>
                        <coordinates>7.4775,46.9746,526.2715035702334 7.4775,46.974900000000005,526.2715035702334 7.4779,46.974900000000005,526.2715035702334 7.47795,46.97455,526.2715035702334</coordinates>
                      </LinearRing>
                    </outerBoundaryIs>
                  </Polygon>
                  <Polygon>
                    <altitudeMode>absolute</altitudeMode>
                    <outerBoundaryIs>
                      <LinearRing>
                        <coordinates>7.4775,46.9746,586.3215035702334 7.4775,46.974900000000005,586.3215035702334 7.4779,46.974900000000005,586.3215035702334 7.47795,46.97455,586.3215035702334</coordinates>
                      </LinearRing>
                    </outerBoundaryIs>
                  </Polygon>
                  <Polygon>
                    <altitudeMode>absolute</altitudeMode>
                    <outerBoundaryIs>
                      <LinearRing>
                        <coordinates>7.4775,46.9746,526.2715035702334 7.4775,46.9746,586.3215035702334 7.4775,46.974900000000005,586.3215035702334 7.4775,46.974900000000005,526.2715035702334</coordinates>
                      </LinearRing>
                    </outerBoundaryIs>
                  </Polygon>
                  <Polygon>
                    <altitudeMode>absolute</altitudeMode>
                    <outerBoundaryIs>
                      <LinearRing>
                        <coordinates>7.4775,46.974900000000005,526.2715035702334 7.4775,46.974900000000005,586.3215035702334 7.4779,46.974900000000005,586.3215035702334 7.4779,46.974900000000005,526.2715035702334</coordinates>
                      </LinearRing>
                    </outerBoundaryIs>
                  </Polygon>
                  <Polygon>
                    <altitudeMode>absolute</altitudeMode>
                    <outerBoundaryIs>
                      <LinearRing>
                        <coordinates>7.4779,46.974900000000005,526.2715035702334 7.4779,46.974900000000005,586.3215035702334 7.47795,46.97455,586.3215035702334 7.47795,46.97455,526.2715035702334</coordinates>
                      </LinearRing>
                    </outerBoundaryIs>
                  </Polygon>
                  <Polygon>
                    <altitudeMode>absolute</altitudeMode>
                    <outerBoundaryIs>
                      <LinearRing>
                        <coordinates>7.47795,46.97455,526.2715035702334 7.47795,46.97455,586.3215035702334 7.4775,46.9746,586.3215035702334 7.4775,46.9746,526.2715035702334</coordinates>
                      </LinearRing>
                    </outerBoundaryIs>
                  </Polygon>
                </MultiGeometry>
              </Placemark>
            </Folder>
          </Folder>
        </Folder>
      </Folder>
      <Folder>
        <name>Attempt to modify activated flight into conflict</name>
        <Folder>
          <name>Modify activated Flight 2 to not conflict with activated Flight 1</name>
          <Folder>
            <name>E199: uss1 astm.f3548.v21.dss.queryOperationalIntentReferences</name>
            <Placemark>
              <name>area_of_interest</name>
              <styleUrl>#QueryArea</styleUrl>
              <description><![CDATA[<ul><li>uss1's Activated 023c12bb-a5b1-4b60-b291-754ab235e158[2]</li><li>uss1's Activated 494224f6-0a9b-4b4f-96d5-b786e4b1d805[3]</li></ul>]]></description>
              <TimeSpan>
                <begin>2026-05-21T14:14:56.823273+00:00</begin>
                <end>2026-05-21T14:59:57.823273+00:00</end>
              </TimeSpan>
              <MultiGeometry>
                <Polygon>
                  <altitudeMode>absolute</altitudeMode>
                  <outerBoundaryIs>
                    <LinearRing>
                      <coordinates>7.477199999999999,46.97495000000001,553.231763424592 7.477199999999999,46.975300000000004,553.231763424592 7.477800000000001,46.975300000000004,553.231763424592 7.477800000000001,46.97495000000001,553.231763424592</coordinates>
                    </LinearRing>
                  </outerBoundaryIs>
                </Polygon>
                <Polygon>
                  <altitudeMode>absolute</altitudeMode>
                  <outerBoundaryIs>
                    <LinearRing>
                      <coordinates>7.477199999999999,46.97495000000001,606.3217634245921 7.477199999999999,46.975300000000004,606.3217634245921 7.477800000000001,46.975300000000004,606.3217634245921 7.477800000000001,46.97495000000001,606.3217634245921</coordinates>
                    </LinearRing>
                  </outerBoundaryIs>
                </Polygon>
                <Polygon>
                  <altitudeMode>absolute</altitudeMode>
                  <outerBoundaryIs>
                    <LinearRing>
                      <coordinates>7.477199999999999,46.97495000000001,553.231763424592 7.477199999999999,46.97495000000001,606.3217634245921 7.477199999999999,46.975300000000004,606.3217634245921 7.477199999999999,46.975300000000004,553.231763424592</coordinates>
                    </LinearRing>
                  </outerBoundaryIs>
                </Polygon>
                <Polygon>
                  <altitudeMode>absolute</altitudeMode>
                  <outerBoundaryIs>
                    <LinearRing>
                      <coordinates>7.477199999999999,46.975300000000004,553.231763424592 7.477199999999999,46.975300000000004,606.3217634245921 7.477800000000001,46.975300000000004,606.3217634245921 7.477800000000001,46.975300000000004,553.231763424592</coordinates>
                    </LinearRing>
                  </outerBoundaryIs>
                </Polygon>
                <Polygon>
                  <altitudeMode>absolute</altitudeMode>
                  <outerBoundaryIs>
                    <LinearRing>
                      <coordinates>7.477800000000001,46.975300000000004,553.231763424592 7.477800000000001,46.975300000000004,606.3217634245921 7.477800000000001,46.97495000000001,606.3217634245921 7.477800000000001,46.97495000000001,553.231763424592</coordinates>
                    </LinearRing>
                  </outerBoundaryIs>
                </Polygon>
                <Polygon>
                  <altitudeMode>absolute</altitudeMode>
                  <outerBoundaryIs>
                    <LinearRing>
                      <coordinates>7.477800000000001,46.97495000000001,553.231763424592 7.477800000000001,46.97495000000001,606.3217634245921 7.477199999999999,46.97495000000001,606.3217634245921 7.477199999999999,46.97495000000001,553.231763424592</coordinates>
                    </LinearRing>
                  </outerBoundaryIs>
                </Polygon>
              </MultiGeometry>
            </Placemark>
          </Folder>
          <Folder>
            <name>E205: uss1 astm.f3548.v21.dss.queryOperationalIntentReferences</name>
            <Placemark>
              <name>area_of_interest</name>
              <styleUrl>#QueryArea</styleUrl>
              <description><![CDATA[<ul><li>uss1's Activated 023c12bb-a5b1-4b60-b291-754ab235e158[3]</li><li>uss1's Activated 494224f6-0a9b-4b4f-96d5-b786e4b1d805[3]</li></ul>]]></description>
              <TimeSpan>
                <begin>2026-05-21T14:14:56.823273+00:00</begin>
                <end>2026-05-21T14:59:57.823273+00:00</end>
              </TimeSpan>
              <MultiGeometry>
                <Polygon>
                  <altitudeMode>absolute</altitudeMode>
                  <outerBoundaryIs>
                    <LinearRing>
                      <coordinates>7.477199999999999,46.97495000000001,553.231763424592 7.477199999999999,46.975300000000004,553.231763424592 7.477800000000001,46.975300000000004,553.231763424592 7.477800000000001,46.97495000000001,553.231763424592</coordinates>
                    </LinearRing>
                  </outerBoundaryIs>
                </Polygon>
                <Polygon>
                  <altitudeMode>absolute</altitudeMode>
                  <outerBoundaryIs>
                    <LinearRing>
                      <coordinates>7.477199999999999,46.97495000000001,606.3217634245921 7.477199999999999,46.975300000000004,606.3217634245921 7.477800000000001,46.975300000000004,606.3217634245921 7.477800000000001,46.97495000000001,606.3217634245921</coordinates>
                    </LinearRing>
                  </outerBoundaryIs>
                </Polygon>
                <Polygon>
                  <altitudeMode>absolute</altitudeMode>
                  <outerBoundaryIs>
                    <LinearRing>
                      <coordinates>7.477199999999999,46.97495000000001,553.231763424592 7.477199999999999,46.97495000000001,606.3217634245921 7.477199999999999,46.975300000000004,606.3217634245921 7.477199999999999,46.975300000000004,553.231763424592</coordinates>
                    </LinearRing>
                  </outerBoundaryIs>
                </Polygon>
                <Polygon>
                  <altitudeMode>absolute</altitudeMode>
                  <outerBoundaryIs>
                    <LinearRing>
                      <coordinates>7.477199999999999,46.975300000000004,553.231763424592 7.477199999999999,46.975300000000004,606.3217634245921 7.477800000000001,46.975300000000004,606.3217634245921 7.477800000000001,46.975300000000004,553.231763424592</coordinates>
                    </LinearRing>
                  </outerBoundaryIs>
                </Polygon>
                <Polygon>
                  <altitudeMode>absolute</altitudeMode>
                  <outerBoundaryIs>
                    <LinearRing>
                      <coordinates>7.477800000000001,46.975300000000004,553.231763424592 7.477800000000001,46.975300000000004,606.3217634245921 7.477800000000001,46.97495000000001,606.3217634245921 7.477800000000001,46.97495000000001,553.231763424592</coordinates>
                    </LinearRing>
                  </outerBoundaryIs>
                </Polygon>
                <Polygon>
                  <altitudeMode>absolute</altitudeMode>
                  <outerBoundaryIs>
                    <LinearRing>
                      <coordinates>7.477800000000001,46.97495000000001,553.231763424592 7.477800000000001,46.97495000000001,606.3217634245921 7.477199999999999,46.97495000000001,606.3217634245921 7.477199999999999,46.97495000000001,553.231763424592</coordinates>
                    </LinearRing>
                  </outerBoundaryIs>
                </Polygon>
              </MultiGeometry>
            </Placemark>
          </Folder>
          <Folder>
            <name>E210: mock_uss astm.f3548.v21.uss.getOperationalIntentDetails</name>
            <Folder>
              <name>uss1's P100 Activated 023c12bb-a5b1-4b60-b291-754ab235e158[3] @ SVX5ufo2a2Y5tSE63p29IkHCO5s7KG2HZ.Jm-PIAlxE_</name>
              <Placemark>
                <name>Nominal volume 0</name>
                <styleUrl>#F3548v21Activated</styleUrl>
                <TimeSpan>
                  <begin>2026-05-21T14:14:57.858178+00:00</begin>
                  <end>2026-05-21T14:59:57.823273+00:00</end>
                </TimeSpan>
                <MultiGeometry>
                  <Polygon>
                    <altitudeMode>absolute</altitudeMode>
                    <outerBoundaryIs>
                      <LinearRing>
                        <coordinates>7.4772,46.975,553.2316856460558 7.4778,46.97495,553.2316856460558 7.4774,46.975300000000004,553.2316856460558</coordinates>
                      </LinearRing>
                    </outerBoundaryIs>
                  </Polygon>
                  <Polygon>
                    <altitudeMode>absolute</altitudeMode>
                    <outerBoundaryIs>
                      <LinearRing>
                        <coordinates>7.4772,46.975,606.3216856460558 7.4778,46.97495,606.3216856460558 7.4774,46.975300000000004,606.3216856460558</coordinates>
                      </LinearRing>
                    </outerBoundaryIs>
                  </Polygon>
                  <Polygon>
                    <altitudeMode>absolute</altitudeMode>
                    <outerBoundaryIs>
                      <LinearRing>
                        <coordinates>7.4772,46.975,553.2316856460558 7.4772,46.975,606.3216856460558 7.4778,46.97495,606.3216856460558 7.4778,46.97495,553.2316856460558</coordinates>
                      </LinearRing>
                    </outerBoundaryIs>
                  </Polygon>
                  <Polygon>
                    <altitudeMode>absolute</altitudeMode>
                    <outerBoundaryIs>
                      <LinearRing>
                        <coordinates>7.4778,46.97495,553.2316856460558 7.4778,46.97495,606.3216856460558 7.4774,46.975300000000004,606.3216856460558 7.4774,46.975300000000004,553.2316856460558</coordinates>
                      </LinearRing>
                    </outerBoundaryIs>
                  </Polygon>
                  <Polygon>
                    <altitudeMode>absolute</altitudeMode>
                    <outerBoundaryIs>
                      <LinearRing>
                        <coordinates>7.4774,46.975300000000004,553.2316856460558 7.4774,46.975300000000004,606.3216856460558 7.4772,46.975,606.3216856460558 7.4772,46.975,553.2316856460558</coordinates>
                      </LinearRing>
                    </outerBoundaryIs>
                  </Polygon>
                </MultiGeometry>
              </Placemark>
            </Folder>
          </Folder>
        </Folder>
        <Folder>
          <name>Attempt to modify activated Flight 1 into conflict</name>
          <Folder>
            <name>E219: uss1 astm.f3548.v21.dss.queryOperationalIntentReferences</name>
            <Placemark>
              <name>area_of_interest</name>
              <styleUrl>#QueryArea</styleUrl>
              <description><![CDATA[<ul><li>uss1's Activated 023c12bb-a5b1-4b60-b291-754ab235e158[3]</li><li>uss1's Activated 494224f6-0a9b-4b4f-96d5-b786e4b1d805[3]</li></ul>]]></description>
              <TimeSpan>
                <begin>2026-05-21T14:14:57.021926+00:00</begin>
                <end>2026-05-21T14:59:58.021926+00:00</end>
              </TimeSpan>
              <MultiGeometry>
                <Polygon>
                  <altitudeMode>absolute</altitudeMode>
                  <outerBoundaryIs>
                    <LinearRing>
                      <coordinates>7.477500000000001,46.97455,526.271731931697 7.477500000000001,46.975300000000004,526.271731931697 7.477950000000001,46.975300000000004,526.271731931697 7.477950000000001,46.97455,526.271731931697</coordinates>
                    </LinearRing>
                  </outerBoundaryIs>
                </Polygon>
                <Polygon>
                  <altitudeMode>absolute</altitudeMode>
                  <outerBoundaryIs>
                    <LinearRing>
                      <coordinates>7.477500000000001,46.97455,591.321731931697 7.477500000000001,46.975300000000004,591.321731931697 7.477950000000001,46.975300000000004,591.321731931697 7.477950000000001,46.97455,591.321731931697</coordinates>
                    </LinearRing>
                  </outerBoundaryIs>
                </Polygon>
                <Polygon>
                  <altitudeMode>absolute</altitudeMode>
                  <outerBoundaryIs>
                    <LinearRing>
                      <coordinates>7.477500000000001,46.97455,526.271731931697 7.477500000000001,46.97455,591.321731931697 7.477500000000001,46.975300000000004,591.321731931697 7.477500000000001,46.975300000000004,526.271731931697</coordinates>
                    </LinearRing>
                  </outerBoundaryIs>
                </Polygon>
                <Polygon>
                  <altitudeMode>absolute</altitudeMode>
                  <outerBoundaryIs>
                    <LinearRing>
                      <coordinates>7.477500000000001,46.975300000000004,526.271731931697 7.477500000000001,46.975300000000004,591.321731931697 7.477950000000001,46.975300000000004,591.321731931697 7.477950000000001,46.975300000000004,526.271731931697</coordinates>
                    </LinearRing>
                  </outerBoundaryIs>
                </Polygon>
                <Polygon>
                  <altitudeMode>absolute</altitudeMode>
                  <outerBoundaryIs>
                    <LinearRing>
                      <coordinates>7.477950000000001,46.975300000000004,526.271731931697 7.477950000000001,46.975300000000004,591.321731931697 7.477950000000001,46.97455,591.321731931697 7.477950000000001,46.97455,526.271731931697</coordinates>
                    </LinearRing>
                  </outerBoundaryIs>
                </Polygon>
                <Polygon>
                  <altitudeMode>absolute</altitudeMode>
                  <outerBoundaryIs>
                    <LinearRing>
                      <coordinates>7.477950000000001,46.97455,526.271731931697 7.477950000000001,46.97455,591.321731931697 7.477500000000001,46.97455,591.321731931697 7.477500000000001,46.97455,526.271731931697</coordinates>
                    </LinearRing>
                  </outerBoundaryIs>
                </Polygon>
              </MultiGeometry>
            </Placemark>
          </Folder>
          <Folder>
            <name>E224: uss1 astm.f3548.v21.dss.queryOperationalIntentReferences</name>
            <Placemark>
              <name>area_of_interest</name>
              <styleUrl>#QueryArea</styleUrl>
              <description><![CDATA[<ul><li>uss1's Activated 023c12bb-a5b1-4b60-b291-754ab235e158[3]</li><li>uss1's Activated 494224f6-0a9b-4b4f-96d5-b786e4b1d805[3]</li></ul>]]></description>
              <TimeSpan>
                <begin>2026-05-21T14:14:57.021926+00:00</begin>
                <end>2026-05-21T14:59:58.021926+00:00</end>
              </TimeSpan>
              <MultiGeometry>
                <Polygon>
                  <altitudeMode>absolute</altitudeMode>
                  <outerBoundaryIs>
                    <LinearRing>
                      <coordinates>7.477500000000001,46.97455,526.271731931697 7.477500000000001,46.975300000000004,526.271731931697 7.477950000000001,46.975300000000004,526.271731931697 7.477950000000001,46.97455,526.271731931697</coordinates>
                    </LinearRing>
                  </outerBoundaryIs>
                </Polygon>
                <Polygon>
                  <altitudeMode>absolute</altitudeMode>
                  <outerBoundaryIs>
                    <LinearRing>
                      <coordinates>7.477500000000001,46.97455,591.321731931697 7.477500000000001,46.975300000000004,591.321731931697 7.477950000000001,46.975300000000004,591.321731931697 7.477950000000001,46.97455,591.321731931697</coordinates>
                    </LinearRing>
                  </outerBoundaryIs>
                </Polygon>
                <Polygon>
                  <altitudeMode>absolute</altitudeMode>
                  <outerBoundaryIs>
                    <LinearRing>
                      <coordinates>7.477500000000001,46.97455,526.271731931697 7.477500000000001,46.97455,591.321731931697 7.477500000000001,46.975300000000004,591.321731931697 7.477500000000001,46.975300000000004,526.271731931697</coordinates>
                    </LinearRing>
                  </outerBoundaryIs>
                </Polygon>
                <Polygon>
                  <altitudeMode>absolute</altitudeMode>
                  <outerBoundaryIs>
                    <LinearRing>
                      <coordinates>7.477500000000001,46.975300000000004,526.271731931697 7.477500000000001,46.975300000000004,591.321731931697 7.477950000000001,46.975300000000004,591.321731931697 7.477950000000001,46.975300000000004,526.271731931697</coordinates>
                    </LinearRing>
                  </outerBoundaryIs>
                </Polygon>
                <Polygon>
                  <altitudeMode>absolute</altitudeMode>
                  <outerBoundaryIs>
                    <LinearRing>
                      <coordinates>7.477950000000001,46.975300000000004,526.271731931697 7.477950000000001,46.975300000000004,591.321731931697 7.477950000000001,46.97455,591.321731931697 7.477950000000001,46.97455,526.271731931697</coordinates>
                    </LinearRing>
                  </outerBoundaryIs>
                </Polygon>
                <Polygon>
                  <altitudeMode>absolute</altitudeMode>
                  <outerBoundaryIs>
                    <LinearRing>
                      <coordinates>7.477950000000001,46.97455,526.271731931697 7.477950000000001,46.97455,591.321731931697 7.477500000000001,46.97455,591.321731931697 7.477500000000001,46.97455,526.271731931697</coordinates>
                    </LinearRing>
                  </outerBoundaryIs>
                </Polygon>
              </MultiGeometry>
            </Placemark>
          </Folder>
        </Folder>
      </Folder>
      <Folder>
        <name/>
        <Folder>
          <name>Cleanup</name>
        </Folder>
      </Folder>
    </Folder>
  </Document>
</kml>
