<kml xmlns="http://www.opengis.net/kml/2.2" xmlns:atom="http://www.w3.org/2005/Atom" xmlns:gx="http://www.google.com/kml/ext/2.2">
  <Document>
    <Style id="QueryArea">
      <LineStyle>
        <color>ffc0c000</color>
        <width>3</width>
      </LineStyle>
      <PolyStyle>
        <color>80ffffaa</color>
      </PolyStyle>
    </Style>
    <Style id="F3548v21Accepted">
      <LineStyle>
        <color>ff00c000</color>
        <width>3</width>
      </LineStyle>
      <PolyStyle>
        <color>80c0c0c0</color>
      </PolyStyle>
    </Style>
    <Style id="F3548v21Activated">
      <LineStyle>
        <color>ff00c000</color>
        <width>3</width>
      </LineStyle>
      <PolyStyle>
        <color>8000ff00</color>
      </PolyStyle>
    </Style>
    <Style id="F3548v21Nonconforming">
      <LineStyle>
        <color>ff00ffff</color>
        <width>5</width>
      </LineStyle>
      <PolyStyle>
        <color>8000ffff</color>
      </PolyStyle>
    </Style>
    <Style id="F3548v21Contingent">
      <LineStyle>
        <color>ff0000ff</color>
        <width>5</width>
      </LineStyle>
      <PolyStyle>
        <color>80ff0000ff</color>
      </PolyStyle>
    </Style>
    <Style id="F3548v21AcceptedFuture">
      <LineStyle>
        <color>80c0c0c0</color>
        <width>1</width>
      </LineStyle>
      <PolyStyle>
        <color>00000000</color>
      </PolyStyle>
    </Style>
    <Style id="F3548v21ActivatedFuture">
      <LineStyle>
        <color>8040c040</color>
        <width>1</width>
      </LineStyle>
      <PolyStyle>
        <color>00000000</color>
      </PolyStyle>
    </Style>
    <Style id="F3548v21NonconformingFuture">
      <LineStyle>
        <color>8000ffff</color>
        <width>1</width>
      </LineStyle>
      <PolyStyle>
        <color>00000000</color>
      </PolyStyle>
    </Style>
    <Style id="F3548v21ContingentFuture">
      <LineStyle>
        <color>80ff0000ff</color>
        <width>1</width>
      </LineStyle>
      <PolyStyle>
        <color>00000000</color>
      </PolyStyle>
    </Style>
    <Style id="Planned_Nominal">
      <LineStyle>
        <color>ff00c000</color>
        <width>3</width>
      </LineStyle>
      <PolyStyle>
        <color>80808080</color>
      </PolyStyle>
    </Style>
    <Style id="InUse_Nominal">
      <LineStyle>
        <color>ff00c000</color>
        <width>3</width>
      </LineStyle>
      <PolyStyle>
        <color>8000ff00</color>
      </PolyStyle>
    </Style>
    <Style id="InUse_OffNominal">
      <LineStyle>
        <color>ff00ffff</color>
        <width>5</width>
      </LineStyle>
      <PolyStyle>
        <color>8000ff00</color>
      </PolyStyle>
    </Style>
    <Style id="InUse_Contingent">
      <LineStyle>
        <color>ff0000ff</color>
        <width>5</width>
      </LineStyle>
      <PolyStyle>
        <color>8000ff00</color>
      </PolyStyle>
    </Style>
    <Style id="unmodifiedtelemetry">
      <IconStyle>
        <scale>1.4</scale>
        <Icon>
          <href>http://maps.google.com/mapfiles/kml/shapes/placemark_circle.png</href>
        </Icon>
      </IconStyle>
    </Style>
    <Style id="modifiedtelemetry">
      <IconStyle>
        <scale>1.4</scale>
        <Icon>
          <href>http://maps.google.com/mapfiles/kml/shapes/placemark_square.png</href>
        </Icon>
      </IconStyle>
    </Style>
    <Style id="aircraft">
      <IconStyle>
        <scale>1.4</scale>
        <Icon>
          <href>http://maps.google.com/mapfiles/kml/shapes/airports.png</href>
        </Icon>
      </IconStyle>
    </Style>
    <Folder>
      <name>Nominal planning: conflict with higher priority</name>
      <Folder>
        <name>Prerequisites check</name>
        <Folder>
          <name>Verify area is clear</name>
          <Folder>
            <name>E3: uss1_dss astm.f3548.v21.dss.queryOperationalIntentReferences</name>
            <Placemark>
              <name>area_of_interest</name>
              <styleUrl>#QueryArea</styleUrl>
              <description><![CDATA[(no operational intent references found)]]></description>
              <TimeSpan>
                <begin>2026-10-08T16:10:10.655087+00:00</begin>
                <end>2026-10-08T17:40:11.655087+00:00</end>
              </TimeSpan>
              <MultiGeometry>
                <Polygon>
                  <altitudeMode>absolute</altitudeMode>
                  <outerBoundaryIs>
                    <LinearRing>
                      <coordinates>-96.65116755902885,32.71777251457099,89.97696324181894 -96.65116755902885,32.71860287780432,89.97696324181894 -96.65011177421847,32.71860287780432,89.97696324181894 -96.65011177421847,32.71777251457099,89.97696324181894</coordinates>
                    </LinearRing>
                  </outerBoundaryIs>
                </Polygon>
                <Polygon>
                  <altitudeMode>absolute</altitudeMode>
                  <outerBoundaryIs>
                    <LinearRing>
                      <coordinates>-96.65116755902885,32.71777251457099,170.02696324181895 -96.65116755902885,32.71860287780432,170.02696324181895 -96.65011177421847,32.71860287780432,170.02696324181895 -96.65011177421847,32.71777251457099,170.02696324181895</coordinates>
                    </LinearRing>
                  </outerBoundaryIs>
                </Polygon>
                <Polygon>
                  <altitudeMode>absolute</altitudeMode>
                  <outerBoundaryIs>
                    <LinearRing>
                      <coordinates>-96.65116755902885,32.71777251457099,89.97696324181894 -96.65116755902885,32.71777251457099,170.02696324181895 -96.65116755902885,32.71860287780432,170.02696324181895 -96.65116755902885,32.71860287780432,89.97696324181894</coordinates>
                    </LinearRing>
                  </outerBoundaryIs>
                </Polygon>
                <Polygon>
                  <altitudeMode>absolute</altitudeMode>
                  <outerBoundaryIs>
                    <LinearRing>
                      <coordinates>-96.65116755902885,32.71860287780432,89.97696324181894 -96.65116755902885,32.71860287780432,170.02696324181895 -96.65011177421847,32.71860287780432,170.02696324181895 -96.65011177421847,32.71860287780432,89.97696324181894</coordinates>
                    </LinearRing>
                  </outerBoundaryIs>
                </Polygon>
                <Polygon>
                  <altitudeMode>absolute</altitudeMode>
                  <outerBoundaryIs>
                    <LinearRing>
                      <coordinates>-96.65011177421847,32.71860287780432,89.97696324181894 -96.65011177421847,32.71860287780432,170.02696324181895 -96.65011177421847,32.71777251457099,170.02696324181895 -96.65011177421847,32.71777251457099,89.97696324181894</coordinates>
                    </LinearRing>
                  </outerBoundaryIs>
                </Polygon>
                <Polygon>
                  <altitudeMode>absolute</altitudeMode>
                  <outerBoundaryIs>
                    <LinearRing>
                      <coordinates>-96.65011177421847,32.71777251457099,89.97696324181894 -96.65011177421847,32.71777251457099,170.02696324181895 -96.65116755902885,32.71777251457099,170.02696324181895 -96.65116755902885,32.71777251457099,89.97696324181894</coordinates>
                    </LinearRing>
                  </outerBoundaryIs>
                </Polygon>
              </MultiGeometry>
            </Placemark>
          </Folder>
        </Folder>
      </Folder>
      <Folder>
        <name>Attempt to plan flight in conflict</name>
        <Folder>
          <name>Plan Flight 2</name>
          <Folder>
            <name>E6: uss1_dss astm.f3548.v21.dss.queryOperationalIntentReferences</name>
            <Placemark>
              <name>area_of_interest</name>
              <styleUrl>#QueryArea</styleUrl>
              <description><![CDATA[(no operational intent references found)]]></description>
              <TimeSpan>
                <begin>2026-10-08T16:10:10.709043+00:00</begin>
                <end>2026-10-08T16:55:11.709043+00:00</end>
              </TimeSpan>
              <MultiGeometry>
                <Polygon>
                  <altitudeMode>absolute</altitudeMode>
                  <outerBoundaryIs>
                    <LinearRing>
                      <coordinates>-96.65116755902885,32.71782156372596,118.95766610520391 -96.65116755902885,32.718424400484075,118.95766610520391 -96.65063722327571,32.718424400484075,118.95766610520391 -96.65063722327571,32.71782156372596,118.95766610520391</coordinates>
                    </LinearRing>
                  </outerBoundaryIs>
                </Polygon>
                <Polygon>
                  <altitudeMode>absolute</altitudeMode>
                  <outerBoundaryIs>
                    <LinearRing>
                      <coordinates>-96.65116755902885,32.71782156372596,148.0276661052039 -96.65116755902885,32.718424400484075,148.0276661052039 -96.65063722327571,32.718424400484075,148.0276661052039 -96.65063722327571,32.71782156372596,148.0276661052039</coordinates>
                    </LinearRing>
                  </outerBoundaryIs>
                </Polygon>
                <Polygon>
                  <altitudeMode>absolute</altitudeMode>
                  <outerBoundaryIs>
                    <LinearRing>
                      <coordinates>-96.65116755902885,32.71782156372596,118.95766610520391 -96.65116755902885,32.71782156372596,148.0276661052039 -96.65116755902885,32.718424400484075,148.0276661052039 -96.65116755902885,32.718424400484075,118.95766610520391</coordinates>
                    </LinearRing>
                  </outerBoundaryIs>
                </Polygon>
                <Polygon>
                  <altitudeMode>absolute</altitudeMode>
                  <outerBoundaryIs>
                    <LinearRing>
                      <coordinates>-96.65116755902885,32.718424400484075,118.95766610520391 -96.65116755902885,32.718424400484075,148.0276661052039 -96.65063722327571,32.718424400484075,148.0276661052039 -96.65063722327571,32.718424400484075,118.95766610520391</coordinates>
                    </LinearRing>
                  </outerBoundaryIs>
                </Polygon>
                <Polygon>
                  <altitudeMode>absolute</altitudeMode>
                  <outerBoundaryIs>
                    <LinearRing>
                      <coordinates>-96.65063722327571,32.718424400484075,118.95766610520391 -96.65063722327571,32.718424400484075,148.0276661052039 -96.65063722327571,32.71782156372596,148.0276661052039 -96.65063722327571,32.71782156372596,118.95766610520391</coordinates>
                    </LinearRing>
                  </outerBoundaryIs>
                </Polygon>
                <Polygon>
                  <altitudeMode>absolute</altitudeMode>
                  <outerBoundaryIs>
                    <LinearRing>
                      <coordinates>-96.65063722327571,32.71782156372596,118.95766610520391 -96.65063722327571,32.71782156372596,148.0276661052039 -96.65116755902885,32.71782156372596,148.0276661052039 -96.65116755902885,32.71782156372596,118.95766610520391</coordinates>
                    </LinearRing>
                  </outerBoundaryIs>
                </Polygon>
              </MultiGeometry>
            </Placemark>
          </Folder>
          <Folder>
            <name>E8: uss2_core interuss.automated_testing.flight_planning.v1.UpsertFlightPlan</name>
            <Folder>
              <name>Activity Completed, flight Planned</name>
              <Placemark>
                <name>Volume 0</name>
                <styleUrl>#Planned_Nominal</styleUrl>
                <TimeSpan>
                  <begin>2026-10-08T16:10:10.709043+00:00</begin>
                  <end>2026-10-08T16:55:11.709043+00:00</end>
                </TimeSpan>
                <MultiGeometry>
                  <Polygon>
                    <altitudeMode>absolute</altitudeMode>
                    <outerBoundaryIs>
                      <LinearRing>
                        <coordinates>-96.65114649564616,32.71806428112804,118.95769826763826 -96.65063722327571,32.71782156372596,118.95769826763826 -96.6507289958687,32.71826206151871,118.95769826763826 -96.65116755902885,32.718424400484075,118.95769826763826</coordinates>
                      </LinearRing>
                    </outerBoundaryIs>
                  </Polygon>
                  <Polygon>
                    <altitudeMode>absolute</altitudeMode>
                    <outerBoundaryIs>
                      <LinearRing>
                        <coordinates>-96.65114649564616,32.71806428112804,148.02769826763827 -96.65063722327571,32.71782156372596,148.02769826763827 -96.6507289958687,32.71826206151871,148.02769826763827 -96.65116755902885,32.718424400484075,148.02769826763827</coordinates>
                      </LinearRing>
                    </outerBoundaryIs>
                  </Polygon>
                  <Polygon>
                    <altitudeMode>absolute</altitudeMode>
                    <outerBoundaryIs>
                      <LinearRing>
                        <coordinates>-96.65114649564616,32.71806428112804,118.95769826763826 -96.65114649564616,32.71806428112804,148.02769826763827 -96.65063722327571,32.71782156372596,148.02769826763827 -96.65063722327571,32.71782156372596,118.95769826763826</coordinates>
                      </LinearRing>
                    </outerBoundaryIs>
                  </Polygon>
                  <Polygon>
                    <altitudeMode>absolute</altitudeMode>
                    <outerBoundaryIs>
                      <LinearRing>
                        <coordinates>-96.65063722327571,32.71782156372596,118.95769826763826 -96.65063722327571,32.71782156372596,148.02769826763827 -96.6507289958687,32.71826206151871,148.02769826763827 -96.6507289958687,32.71826206151871,118.95769826763826</coordinates>
                      </LinearRing>
                    </outerBoundaryIs>
                  </Polygon>
                  <Polygon>
                    <altitudeMode>absolute</altitudeMode>
                    <outerBoundaryIs>
                      <LinearRing>
                        <coordinates>-96.6507289958687,32.71826206151871,118.95769826763826 -96.6507289958687,32.71826206151871,148.02769826763827 -96.65116755902885,32.718424400484075,148.02769826763827 -96.65116755902885,32.718424400484075,118.95769826763826</coordinates>
                      </LinearRing>
                    </outerBoundaryIs>
                  </Polygon>
                  <Polygon>
                    <altitudeMode>absolute</altitudeMode>
                    <outerBoundaryIs>
                      <LinearRing>
                        <coordinates>-96.65116755902885,32.718424400484075,118.95769826763826 -96.65116755902885,32.718424400484075,148.02769826763827 -96.65114649564616,32.71806428112804,148.02769826763827 -96.65114649564616,32.71806428112804,118.95769826763826</coordinates>
                      </LinearRing>
                    </outerBoundaryIs>
                  </Polygon>
                </MultiGeometry>
              </Placemark>
            </Folder>
          </Folder>
          <Folder>
            <name>E12: uss1_dss astm.f3548.v21.dss.queryOperationalIntentReferences</name>
            <Placemark>
              <name>area_of_interest</name>
              <styleUrl>#QueryArea</styleUrl>
              <description><![CDATA[<ul><li>uss2's Accepted db312a17-0088-42b3-b877-d6abb650ed83[1]</li></ul>]]></description>
              <TimeSpan>
                <begin>2026-10-08T16:10:10.709043+00:00</begin>
                <end>2026-10-08T16:55:11.709043+00:00</end>
              </TimeSpan>
              <MultiGeometry>
                <Polygon>
                  <altitudeMode>absolute</altitudeMode>
                  <outerBoundaryIs>
                    <LinearRing>
                      <coordinates>-96.65116755902885,32.71782156372596,118.95766610520391 -96.65116755902885,32.718424400484075,118.95766610520391 -96.65063722327571,32.718424400484075,118.95766610520391 -96.65063722327571,32.71782156372596,118.95766610520391</coordinates>
                    </LinearRing>
                  </outerBoundaryIs>
                </Polygon>
                <Polygon>
                  <altitudeMode>absolute</altitudeMode>
                  <outerBoundaryIs>
                    <LinearRing>
                      <coordinates>-96.65116755902885,32.71782156372596,148.0276661052039 -96.65116755902885,32.718424400484075,148.0276661052039 -96.65063722327571,32.718424400484075,148.0276661052039 -96.65063722327571,32.71782156372596,148.0276661052039</coordinates>
                    </LinearRing>
                  </outerBoundaryIs>
                </Polygon>
                <Polygon>
                  <altitudeMode>absolute</altitudeMode>
                  <outerBoundaryIs>
                    <LinearRing>
                      <coordinates>-96.65116755902885,32.71782156372596,118.95766610520391 -96.65116755902885,32.71782156372596,148.0276661052039 -96.65116755902885,32.718424400484075,148.0276661052039 -96.65116755902885,32.718424400484075,118.95766610520391</coordinates>
                    </LinearRing>
                  </outerBoundaryIs>
                </Polygon>
                <Polygon>
                  <altitudeMode>absolute</altitudeMode>
                  <outerBoundaryIs>
                    <LinearRing>
                      <coordinates>-96.65116755902885,32.718424400484075,118.95766610520391 -96.65116755902885,32.718424400484075,148.0276661052039 -96.65063722327571,32.718424400484075,148.0276661052039 -96.65063722327571,32.718424400484075,118.95766610520391</coordinates>
                    </LinearRing>
                  </outerBoundaryIs>
                </Polygon>
                <Polygon>
                  <altitudeMode>absolute</altitudeMode>
                  <outerBoundaryIs>
                    <LinearRing>
                      <coordinates>-96.65063722327571,32.718424400484075,118.95766610520391 -96.65063722327571,32.718424400484075,148.0276661052039 -96.65063722327571,32.71782156372596,148.0276661052039 -96.65063722327571,32.71782156372596,118.95766610520391</coordinates>
                    </LinearRing>
                  </outerBoundaryIs>
                </Polygon>
                <Polygon>
                  <altitudeMode>absolute</altitudeMode>
                  <outerBoundaryIs>
                    <LinearRing>
                      <coordinates>-96.65063722327571,32.71782156372596,118.95766610520391 -96.65063722327571,32.71782156372596,148.0276661052039 -96.65116755902885,32.71782156372596,148.0276661052039 -96.65116755902885,32.71782156372596,118.95766610520391</coordinates>
                    </LinearRing>
                  </outerBoundaryIs>
                </Polygon>
              </MultiGeometry>
            </Placemark>
          </Folder>
          <Folder>
            <name>E16: uss2_core astm.f3548.v21.uss.getOperationalIntentDetails</name>
            <Folder>
              <name>uss2's P100 Accepted db312a17-0088-42b3-b877-d6abb650ed83[1] @ jh2Ys-OOB4FJBYXvJQBhNgfDooCeyCgEQ9kyHhg2OAA_</name>
              <Placemark>
                <name>Nominal volume 0</name>
                <styleUrl>#F3548v21Accepted</styleUrl>
                <TimeSpan>
                  <begin>2026-10-08T16:10:11.726254+00:00</begin>
                  <end>2026-10-08T16:55:11.709043+00:00</end>
                </TimeSpan>
                <MultiGeometry>
                  <Polygon>
                    <altitudeMode>absolute</altitudeMode>
                    <outerBoundaryIs>
                      <LinearRing>
                        <coordinates>-96.65114649564616,32.71806428112804,118.95769826763826 -96.65063722327571,32.71782156372596,118.95769826763826 -96.6507289958687,32.71826206151871,118.95769826763826 -96.65116755902885,32.718424400484075,118.95769826763826</coordinates>
                      </LinearRing>
                    </outerBoundaryIs>
                  </Polygon>
                  <Polygon>
                    <altitudeMode>absolute</altitudeMode>
                    <outerBoundaryIs>
                      <LinearRing>
                        <coordinates>-96.65114649564616,32.71806428112804,148.02769826763827 -96.65063722327571,32.71782156372596,148.02769826763827 -96.6507289958687,32.71826206151871,148.02769826763827 -96.65116755902885,32.718424400484075,148.02769826763827</coordinates>
                      </LinearRing>
                    </outerBoundaryIs>
                  </Polygon>
                  <Polygon>
                    <altitudeMode>absolute</altitudeMode>
                    <outerBoundaryIs>
                      <LinearRing>
                        <coordinates>-96.65114649564616,32.71806428112804,118.95769826763826 -96.65114649564616,32.71806428112804,148.02769826763827 -96.65063722327571,32.71782156372596,148.02769826763827 -96.65063722327571,32.71782156372596,118.95769826763826</coordinates>
                      </LinearRing>
                    </outerBoundaryIs>
                  </Polygon>
                  <Polygon>
                    <altitudeMode>absolute</altitudeMode>
                    <outerBoundaryIs>
                      <LinearRing>
                        <coordinates>-96.65063722327571,32.71782156372596,118.95769826763826 -96.65063722327571,32.71782156372596,148.02769826763827 -96.6507289958687,32.71826206151871,148.02769826763827 -96.6507289958687,32.71826206151871,118.95769826763826</coordinates>
                      </LinearRing>
                    </outerBoundaryIs>
                  </Polygon>
                  <Polygon>
                    <altitudeMode>absolute</altitudeMode>
                    <outerBoundaryIs>
                      <LinearRing>
                        <coordinates>-96.6507289958687,32.71826206151871,118.95769826763826 -96.6507289958687,32.71826206151871,148.02769826763827 -96.65116755902885,32.718424400484075,148.02769826763827 -96.65116755902885,32.718424400484075,118.95769826763826</coordinates>
                      </LinearRing>
                    </outerBoundaryIs>
                  </Polygon>
                  <Polygon>
                    <altitudeMode>absolute</altitudeMode>
                    <outerBoundaryIs>
                      <LinearRing>
                        <coordinates>-96.65116755902885,32.718424400484075,118.95769826763826 -96.65116755902885,32.718424400484075,148.02769826763827 -96.65114649564616,32.71806428112804,148.02769826763827 -96.65114649564616,32.71806428112804,118.95769826763826</coordinates>
                      </LinearRing>
                    </outerBoundaryIs>
                  </Polygon>
                </MultiGeometry>
              </Placemark>
            </Folder>
          </Folder>
        </Folder>
        <Folder>
          <name>Attempt to plan Flight 1</name>
          <Folder>
            <name>E25: uss1_dss astm.f3548.v21.dss.queryOperationalIntentReferences</name>
            <Placemark>
              <name>area_of_interest</name>
              <styleUrl>#QueryArea</styleUrl>
              <description><![CDATA[<ul><li>uss2's Accepted db312a17-0088-42b3-b877-d6abb650ed83[1]</li></ul>]]></description>
              <TimeSpan>
                <begin>2026-10-08T16:10:10.838953+00:00</begin>
                <end>2026-10-08T16:55:11.838953+00:00</end>
              </TimeSpan>
              <MultiGeometry>
                <Polygon>
                  <altitudeMode>absolute</altitudeMode>
                  <outerBoundaryIs>
                    <LinearRing>
                      <coordinates>-96.65102801622521,32.71777251457099,120.03684994850515 -96.65102801622521,32.71840034859007,120.03684994850515 -96.65011177421847,32.71840034859007,120.03684994850515 -96.65011177421847,32.71777251457099,120.03684994850515</coordinates>
                    </LinearRing>
                  </outerBoundaryIs>
                </Polygon>
                <Polygon>
                  <altitudeMode>absolute</altitudeMode>
                  <outerBoundaryIs>
                    <LinearRing>
                      <coordinates>-96.65102801622521,32.71777251457099,150.02684994850514 -96.65102801622521,32.71840034859007,150.02684994850514 -96.65011177421847,32.71840034859007,150.02684994850514 -96.65011177421847,32.71777251457099,150.02684994850514</coordinates>
                    </LinearRing>
                  </outerBoundaryIs>
                </Polygon>
                <Polygon>
                  <altitudeMode>absolute</altitudeMode>
                  <outerBoundaryIs>
                    <LinearRing>
                      <coordinates>-96.65102801622521,32.71777251457099,120.03684994850515 -96.65102801622521,32.71777251457099,150.02684994850514 -96.65102801622521,32.71840034859007,150.02684994850514 -96.65102801622521,32.71840034859007,120.03684994850515</coordinates>
                    </LinearRing>
                  </outerBoundaryIs>
                </Polygon>
                <Polygon>
                  <altitudeMode>absolute</altitudeMode>
                  <outerBoundaryIs>
                    <LinearRing>
                      <coordinates>-96.65102801622521,32.71840034859007,120.03684994850515 -96.65102801622521,32.71840034859007,150.02684994850514 -96.65011177421847,32.71840034859007,150.02684994850514 -96.65011177421847,32.71840034859007,120.03684994850515</coordinates>
                    </LinearRing>
                  </outerBoundaryIs>
                </Polygon>
                <Polygon>
                  <altitudeMode>absolute</altitudeMode>
                  <outerBoundaryIs>
                    <LinearRing>
                      <coordinates>-96.65011177421847,32.71840034859007,120.03684994850515 -96.65011177421847,32.71840034859007,150.02684994850514 -96.65011177421847,32.71777251457099,150.02684994850514 -96.65011177421847,32.71777251457099,120.03684994850515</coordinates>
                    </LinearRing>
                  </outerBoundaryIs>
                </Polygon>
                <Polygon>
                  <altitudeMode>absolute</altitudeMode>
                  <outerBoundaryIs>
                    <LinearRing>
                      <coordinates>-96.65011177421847,32.71777251457099,120.03684994850515 -96.65011177421847,32.71777251457099,150.02684994850514 -96.65102801622521,32.71777251457099,150.02684994850514 -96.65102801622521,32.71777251457099,120.03684994850515</coordinates>
                    </LinearRing>
                  </outerBoundaryIs>
                </Polygon>
              </MultiGeometry>
            </Placemark>
          </Folder>
          <Folder>
            <name>E27: uss1_core interuss.automated_testing.flight_planning.v1.UpsertFlightPlan</name>
            <Folder>
              <name>Activity Rejected, flight NotPlanned</name>
              <Placemark>
                <name>Volume 0</name>
                <styleUrl>#Planned_Nominal</styleUrl>
                <TimeSpan>
                  <begin>2026-10-08T16:10:10.838953+00:00</begin>
                  <end>2026-10-08T16:55:11.838953+00:00</end>
                </TimeSpan>
                <MultiGeometry>
                  <Polygon>
                    <altitudeMode>absolute</altitudeMode>
                    <outerBoundaryIs>
                      <LinearRing>
                        <coordinates>-96.65081588241792,32.71777251457099,120.03690397615685 -96.65102801622521,32.71801364924129,120.03690397615685 -96.65040703091847,32.71840034859007,120.03690397615685 -96.65011177421847,32.718148769436674,120.03690397615685</coordinates>
                      </LinearRing>
                    </outerBoundaryIs>
                  </Polygon>
                  <Polygon>
                    <altitudeMode>absolute</altitudeMode>
                    <outerBoundaryIs>
                      <LinearRing>
                        <coordinates>-96.65081588241792,32.71777251457099,150.02690397615683 -96.65102801622521,32.71801364924129,150.02690397615683 -96.65040703091847,32.71840034859007,150.02690397615683 -96.65011177421847,32.718148769436674,150.02690397615683</coordinates>
                      </LinearRing>
                    </outerBoundaryIs>
                  </Polygon>
                  <Polygon>
                    <altitudeMode>absolute</altitudeMode>
                    <outerBoundaryIs>
                      <LinearRing>
                        <coordinates>-96.65081588241792,32.71777251457099,120.03690397615685 -96.65081588241792,32.71777251457099,150.02690397615683 -96.65102801622521,32.71801364924129,150.02690397615683 -96.65102801622521,32.71801364924129,120.03690397615685</coordinates>
                      </LinearRing>
                    </outerBoundaryIs>
                  </Polygon>
                  <Polygon>
                    <altitudeMode>absolute</altitudeMode>
                    <outerBoundaryIs>
                      <LinearRing>
                        <coordinates>-96.65102801622521,32.71801364924129,120.03690397615685 -96.65102801622521,32.71801364924129,150.02690397615683 -96.65040703091847,32.71840034859007,150.02690397615683 -96.65040703091847,32.71840034859007,120.03690397615685</coordinates>
                      </LinearRing>
                    </outerBoundaryIs>
                  </Polygon>
                  <Polygon>
                    <altitudeMode>absolute</altitudeMode>
                    <outerBoundaryIs>
                      <LinearRing>
                        <coordinates>-96.65040703091847,32.71840034859007,120.03690397615685 -96.65040703091847,32.71840034859007,150.02690397615683 -96.65011177421847,32.718148769436674,150.02690397615683 -96.65011177421847,32.718148769436674,120.03690397615685</coordinates>
                      </LinearRing>
                    </outerBoundaryIs>
                  </Polygon>
                  <Polygon>
                    <altitudeMode>absolute</altitudeMode>
                    <outerBoundaryIs>
                      <LinearRing>
                        <coordinates>-96.65011177421847,32.718148769436674,120.03690397615685 -96.65011177421847,32.718148769436674,150.02690397615683 -96.65081588241792,32.71777251457099,150.02690397615683 -96.65081588241792,32.71777251457099,120.03690397615685</coordinates>
                      </LinearRing>
                    </outerBoundaryIs>
                  </Polygon>
                </MultiGeometry>
              </Placemark>
            </Folder>
          </Folder>
          <Folder>
            <name>E30: uss1_dss astm.f3548.v21.dss.queryOperationalIntentReferences</name>
            <Placemark>
              <name>area_of_interest</name>
              <styleUrl>#QueryArea</styleUrl>
              <description><![CDATA[<ul><li>uss2's Accepted db312a17-0088-42b3-b877-d6abb650ed83[1]</li></ul>]]></description>
              <TimeSpan>
                <begin>2026-10-08T16:10:10.838953+00:00</begin>
                <end>2026-10-08T16:55:11.838953+00:00</end>
              </TimeSpan>
              <MultiGeometry>
                <Polygon>
                  <altitudeMode>absolute</altitudeMode>
                  <outerBoundaryIs>
                    <LinearRing>
                      <coordinates>-96.65102801622521,32.71777251457099,120.03684994850515 -96.65102801622521,32.71840034859007,120.03684994850515 -96.65011177421847,32.71840034859007,120.03684994850515 -96.65011177421847,32.71777251457099,120.03684994850515</coordinates>
                    </LinearRing>
                  </outerBoundaryIs>
                </Polygon>
                <Polygon>
                  <altitudeMode>absolute</altitudeMode>
                  <outerBoundaryIs>
                    <LinearRing>
                      <coordinates>-96.65102801622521,32.71777251457099,150.02684994850514 -96.65102801622521,32.71840034859007,150.02684994850514 -96.65011177421847,32.71840034859007,150.02684994850514 -96.65011177421847,32.71777251457099,150.02684994850514</coordinates>
                    </LinearRing>
                  </outerBoundaryIs>
                </Polygon>
                <Polygon>
                  <altitudeMode>absolute</altitudeMode>
                  <outerBoundaryIs>
                    <LinearRing>
                      <coordinates>-96.65102801622521,32.71777251457099,120.03684994850515 -96.65102801622521,32.71777251457099,150.02684994850514 -96.65102801622521,32.71840034859007,150.02684994850514 -96.65102801622521,32.71840034859007,120.03684994850515</coordinates>
                    </LinearRing>
                  </outerBoundaryIs>
                </Polygon>
                <Polygon>
                  <altitudeMode>absolute</altitudeMode>
                  <outerBoundaryIs>
                    <LinearRing>
                      <coordinates>-96.65102801622521,32.71840034859007,120.03684994850515 -96.65102801622521,32.71840034859007,150.02684994850514 -96.65011177421847,32.71840034859007,150.02684994850514 -96.65011177421847,32.71840034859007,120.03684994850515</coordinates>
                    </LinearRing>
                  </outerBoundaryIs>
                </Polygon>
                <Polygon>
                  <altitudeMode>absolute</altitudeMode>
                  <outerBoundaryIs>
                    <LinearRing>
                      <coordinates>-96.65011177421847,32.71840034859007,120.03684994850515 -96.65011177421847,32.71840034859007,150.02684994850514 -96.65011177421847,32.71777251457099,150.02684994850514 -96.65011177421847,32.71777251457099,120.03684994850515</coordinates>
                    </LinearRing>
                  </outerBoundaryIs>
                </Polygon>
                <Polygon>
                  <altitudeMode>absolute</altitudeMode>
                  <outerBoundaryIs>
                    <LinearRing>
                      <coordinates>-96.65011177421847,32.71777251457099,120.03684994850515 -96.65011177421847,32.71777251457099,150.02684994850514 -96.65102801622521,32.71777251457099,150.02684994850514 -96.65102801622521,32.71777251457099,120.03684994850515</coordinates>
                    </LinearRing>
                  </outerBoundaryIs>
                </Polygon>
              </MultiGeometry>
            </Placemark>
          </Folder>
        </Folder>
        <Folder>
          <name>Delete Flight 2</name>
        </Folder>
      </Folder>
      <Folder>
        <name>Attempt to modify planned flight in conflict</name>
        <Folder>
          <name>Plan Flight 1</name>
          <Folder>
            <name>E35: uss1_dss astm.f3548.v21.dss.queryOperationalIntentReferences</name>
            <Placemark>
              <name>area_of_interest</name>
              <styleUrl>#QueryArea</styleUrl>
              <description><![CDATA[(no operational intent references found)]]></description>
              <TimeSpan>
                <begin>2026-10-08T16:10:10.913473+00:00</begin>
                <end>2026-10-08T16:55:11.913473+00:00</end>
              </TimeSpan>
              <MultiGeometry>
                <Polygon>
                  <altitudeMode>absolute</altitudeMode>
                  <outerBoundaryIs>
                    <LinearRing>
                      <coordinates>-96.65102801622521,32.71777251457099,120.03684994850515 -96.65102801622521,32.71840034859007,120.03684994850515 -96.65011177421847,32.71840034859007,120.03684994850515 -96.65011177421847,32.71777251457099,120.03684994850515</coordinates>
                    </LinearRing>
                  </outerBoundaryIs>
                </Polygon>
                <Polygon>
                  <altitudeMode>absolute</altitudeMode>
                  <outerBoundaryIs>
                    <LinearRing>
                      <coordinates>-96.65102801622521,32.71777251457099,150.02684994850514 -96.65102801622521,32.71840034859007,150.02684994850514 -96.65011177421847,32.71840034859007,150.02684994850514 -96.65011177421847,32.71777251457099,150.02684994850514</coordinates>
                    </LinearRing>
                  </outerBoundaryIs>
                </Polygon>
                <Polygon>
                  <altitudeMode>absolute</altitudeMode>
                  <outerBoundaryIs>
                    <LinearRing>
                      <coordinates>-96.65102801622521,32.71777251457099,120.03684994850515 -96.65102801622521,32.71777251457099,150.02684994850514 -96.65102801622521,32.71840034859007,150.02684994850514 -96.65102801622521,32.71840034859007,120.03684994850515</coordinates>
                    </LinearRing>
                  </outerBoundaryIs>
                </Polygon>
                <Polygon>
                  <altitudeMode>absolute</altitudeMode>
                  <outerBoundaryIs>
                    <LinearRing>
                      <coordinates>-96.65102801622521,32.71840034859007,120.03684994850515 -96.65102801622521,32.71840034859007,150.02684994850514 -96.65011177421847,32.71840034859007,150.02684994850514 -96.65011177421847,32.71840034859007,120.03684994850515</coordinates>
                    </LinearRing>
                  </outerBoundaryIs>
                </Polygon>
                <Polygon>
                  <altitudeMode>absolute</altitudeMode>
                  <outerBoundaryIs>
                    <LinearRing>
                      <coordinates>-96.65011177421847,32.71840034859007,120.03684994850515 -96.65011177421847,32.71840034859007,150.02684994850514 -96.65011177421847,32.71777251457099,150.02684994850514 -96.65011177421847,32.71777251457099,120.03684994850515</coordinates>
                    </LinearRing>
                  </outerBoundaryIs>
                </Polygon>
                <Polygon>
                  <altitudeMode>absolute</altitudeMode>
                  <outerBoundaryIs>
                    <LinearRing>
                      <coordinates>-96.65011177421847,32.71777251457099,120.03684994850515 -96.65011177421847,32.71777251457099,150.02684994850514 -96.65102801622521,32.71777251457099,150.02684994850514 -96.65102801622521,32.71777251457099,120.03684994850515</coordinates>
                    </LinearRing>
                  </outerBoundaryIs>
                </Polygon>
              </MultiGeometry>
            </Placemark>
          </Folder>
          <Folder>
            <name>E37: uss1_core interuss.automated_testing.flight_planning.v1.UpsertFlightPlan</name>
            <Folder>
              <name>Activity Completed, flight Planned</name>
              <Placemark>
                <name>Volume 0</name>
                <styleUrl>#Planned_Nominal</styleUrl>
                <TimeSpan>
                  <begin>2026-10-08T16:10:10.913473+00:00</begin>
                  <end>2026-10-08T16:55:11.913473+00:00</end>
                </TimeSpan>
                <MultiGeometry>
                  <Polygon>
                    <altitudeMode>absolute</altitudeMode>
                    <outerBoundaryIs>
                      <LinearRing>
                        <coordinates>-96.65081588241792,32.71777251457099,120.03690397615685 -96.65102801622521,32.71801364924129,120.03690397615685 -96.65040703091847,32.71840034859007,120.03690397615685 -96.65011177421847,32.718148769436674,120.03690397615685</coordinates>
                      </LinearRing>
                    </outerBoundaryIs>
                  </Polygon>
                  <Polygon>
                    <altitudeMode>absolute</altitudeMode>
                    <outerBoundaryIs>
                      <LinearRing>
                        <coordinates>-96.65081588241792,32.71777251457099,150.02690397615683 -96.65102801622521,32.71801364924129,150.02690397615683 -96.65040703091847,32.71840034859007,150.02690397615683 -96.65011177421847,32.718148769436674,150.02690397615683</coordinates>
                      </LinearRing>
                    </outerBoundaryIs>
                  </Polygon>
                  <Polygon>
                    <altitudeMode>absolute</altitudeMode>
                    <outerBoundaryIs>
                      <LinearRing>
                        <coordinates>-96.65081588241792,32.71777251457099,120.03690397615685 -96.65081588241792,32.71777251457099,150.02690397615683 -96.65102801622521,32.71801364924129,150.02690397615683 -96.65102801622521,32.71801364924129,120.03690397615685</coordinates>
                      </LinearRing>
                    </outerBoundaryIs>
                  </Polygon>
                  <Polygon>
                    <altitudeMode>absolute</altitudeMode>
                    <outerBoundaryIs>
                      <LinearRing>
                        <coordinates>-96.65102801622521,32.71801364924129,120.03690397615685 -96.65102801622521,32.71801364924129,150.02690397615683 -96.65040703091847,32.71840034859007,150.02690397615683 -96.65040703091847,32.71840034859007,120.03690397615685</coordinates>
                      </LinearRing>
                    </outerBoundaryIs>
                  </Polygon>
                  <Polygon>
                    <altitudeMode>absolute</altitudeMode>
                    <outerBoundaryIs>
                      <LinearRing>
                        <coordinates>-96.65040703091847,32.71840034859007,120.03690397615685 -96.65040703091847,32.71840034859007,150.02690397615683 -96.65011177421847,32.718148769436674,150.02690397615683 -96.65011177421847,32.718148769436674,120.03690397615685</coordinates>
                      </LinearRing>
                    </outerBoundaryIs>
                  </Polygon>
                  <Polygon>
                    <altitudeMode>absolute</altitudeMode>
                    <outerBoundaryIs>
                      <LinearRing>
                        <coordinates>-96.65011177421847,32.718148769436674,120.03690397615685 -96.65011177421847,32.718148769436674,150.02690397615683 -96.65081588241792,32.71777251457099,150.02690397615683 -96.65081588241792,32.71777251457099,120.03690397615685</coordinates>
                      </LinearRing>
                    </outerBoundaryIs>
                  </Polygon>
                </MultiGeometry>
              </Placemark>
            </Folder>
          </Folder>
          <Folder>
            <name>E41: uss1_dss astm.f3548.v21.dss.queryOperationalIntentReferences</name>
            <Placemark>
              <name>area_of_interest</name>
              <styleUrl>#QueryArea</styleUrl>
              <description><![CDATA[<ul><li>uss1's Accepted fa385bc7-9a90-4c79-aca9-013bdcd6ab8d[1]</li></ul>]]></description>
              <TimeSpan>
                <begin>2026-10-08T16:10:10.913473+00:00</begin>
                <end>2026-10-08T16:55:11.913473+00:00</end>
              </TimeSpan>
              <MultiGeometry>
                <Polygon>
                  <altitudeMode>absolute</altitudeMode>
                  <outerBoundaryIs>
                    <LinearRing>
                      <coordinates>-96.65102801622521,32.71777251457099,120.03684994850515 -96.65102801622521,32.71840034859007,120.03684994850515 -96.65011177421847,32.71840034859007,120.03684994850515 -96.65011177421847,32.71777251457099,120.03684994850515</coordinates>
                    </LinearRing>
                  </outerBoundaryIs>
                </Polygon>
                <Polygon>
                  <altitudeMode>absolute</altitudeMode>
                  <outerBoundaryIs>
                    <LinearRing>
                      <coordinates>-96.65102801622521,32.71777251457099,150.02684994850514 -96.65102801622521,32.71840034859007,150.02684994850514 -96.65011177421847,32.71840034859007,150.02684994850514 -96.65011177421847,32.71777251457099,150.02684994850514</coordinates>
                    </LinearRing>
                  </outerBoundaryIs>
                </Polygon>
                <Polygon>
                  <altitudeMode>absolute</altitudeMode>
                  <outerBoundaryIs>
                    <LinearRing>
                      <coordinates>-96.65102801622521,32.71777251457099,120.03684994850515 -96.65102801622521,32.71777251457099,150.02684994850514 -96.65102801622521,32.71840034859007,150.02684994850514 -96.65102801622521,32.71840034859007,120.03684994850515</coordinates>
                    </LinearRing>
                  </outerBoundaryIs>
                </Polygon>
                <Polygon>
                  <altitudeMode>absolute</altitudeMode>
                  <outerBoundaryIs>
                    <LinearRing>
                      <coordinates>-96.65102801622521,32.71840034859007,120.03684994850515 -96.65102801622521,32.71840034859007,150.02684994850514 -96.65011177421847,32.71840034859007,150.02684994850514 -96.65011177421847,32.71840034859007,120.03684994850515</coordinates>
                    </LinearRing>
                  </outerBoundaryIs>
                </Polygon>
                <Polygon>
                  <altitudeMode>absolute</altitudeMode>
                  <outerBoundaryIs>
                    <LinearRing>
                      <coordinates>-96.65011177421847,32.71840034859007,120.03684994850515 -96.65011177421847,32.71840034859007,150.02684994850514 -96.65011177421847,32.71777251457099,150.02684994850514 -96.65011177421847,32.71777251457099,120.03684994850515</coordinates>
                    </LinearRing>
                  </outerBoundaryIs>
                </Polygon>
                <Polygon>
                  <altitudeMode>absolute</altitudeMode>
                  <outerBoundaryIs>
                    <LinearRing>
                      <coordinates>-96.65011177421847,32.71777251457099,120.03684994850515 -96.65011177421847,32.71777251457099,150.02684994850514 -96.65102801622521,32.71777251457099,150.02684994850514 -96.65102801622521,32.71777251457099,120.03684994850515</coordinates>
                    </LinearRing>
                  </outerBoundaryIs>
                </Polygon>
              </MultiGeometry>
            </Placemark>
          </Folder>
          <Folder>
            <name>E45: uss1_core astm.f3548.v21.uss.getOperationalIntentDetails</name>
            <Folder>
              <name>uss1's P0 Accepted fa385bc7-9a90-4c79-aca9-013bdcd6ab8d[1] @ 52lJRza1RnZqpiRi-eG.FGHE4eX6wMYdwuUyuwdoLg4_</name>
              <Placemark>
                <name>Nominal volume 0</name>
                <styleUrl>#F3548v21Accepted</styleUrl>
                <TimeSpan>
                  <begin>2026-10-08T16:10:11.935475+00:00</begin>
                  <end>2026-10-08T16:55:11.913473+00:00</end>
                </TimeSpan>
                <MultiGeometry>
                  <Polygon>
                    <altitudeMode>absolute</altitudeMode>
                    <outerBoundaryIs>
                      <LinearRing>
                        <coordinates>-96.65081588241792,32.71777251457099,120.03690397615685 -96.65102801622521,32.71801364924129,120.03690397615685 -96.65040703091847,32.71840034859007,120.03690397615685 -96.65011177421847,32.718148769436674,120.03690397615685</coordinates>
                      </LinearRing>
                    </outerBoundaryIs>
                  </Polygon>
                  <Polygon>
                    <altitudeMode>absolute</altitudeMode>
                    <outerBoundaryIs>
                      <LinearRing>
                        <coordinates>-96.65081588241792,32.71777251457099,150.02690397615683 -96.65102801622521,32.71801364924129,150.02690397615683 -96.65040703091847,32.71840034859007,150.02690397615683 -96.65011177421847,32.718148769436674,150.02690397615683</coordinates>
                      </LinearRing>
                    </outerBoundaryIs>
                  </Polygon>
                  <Polygon>
                    <altitudeMode>absolute</altitudeMode>
                    <outerBoundaryIs>
                      <LinearRing>
                        <coordinates>-96.65081588241792,32.71777251457099,120.03690397615685 -96.65081588241792,32.71777251457099,150.02690397615683 -96.65102801622521,32.71801364924129,150.02690397615683 -96.65102801622521,32.71801364924129,120.03690397615685</coordinates>
                      </LinearRing>
                    </outerBoundaryIs>
                  </Polygon>
                  <Polygon>
                    <altitudeMode>absolute</altitudeMode>
                    <outerBoundaryIs>
                      <LinearRing>
                        <coordinates>-96.65102801622521,32.71801364924129,120.03690397615685 -96.65102801622521,32.71801364924129,150.02690397615683 -96.65040703091847,32.71840034859007,150.02690397615683 -96.65040703091847,32.71840034859007,120.03690397615685</coordinates>
                      </LinearRing>
                    </outerBoundaryIs>
                  </Polygon>
                  <Polygon>
                    <altitudeMode>absolute</altitudeMode>
                    <outerBoundaryIs>
                      <LinearRing>
                        <coordinates>-96.65040703091847,32.71840034859007,120.03690397615685 -96.65040703091847,32.71840034859007,150.02690397615683 -96.65011177421847,32.718148769436674,150.02690397615683 -96.65011177421847,32.718148769436674,120.03690397615685</coordinates>
                      </LinearRing>
                    </outerBoundaryIs>
                  </Polygon>
                  <Polygon>
                    <altitudeMode>absolute</altitudeMode>
                    <outerBoundaryIs>
                      <LinearRing>
                        <coordinates>-96.65011177421847,32.718148769436674,120.03690397615685 -96.65011177421847,32.718148769436674,150.02690397615683 -96.65081588241792,32.71777251457099,150.02690397615683 -96.65081588241792,32.71777251457099,120.03690397615685</coordinates>
                      </LinearRing>
                    </outerBoundaryIs>
                  </Polygon>
                </MultiGeometry>
              </Placemark>
            </Folder>
          </Folder>
        </Folder>
        <Folder>
          <name>Plan Flight 2</name>
          <Folder>
            <name>E58: uss1_dss astm.f3548.v21.dss.queryOperationalIntentReferences</name>
            <Placemark>
              <name>area_of_interest</name>
              <styleUrl>#QueryArea</styleUrl>
              <description><![CDATA[<ul><li>uss1's Accepted fa385bc7-9a90-4c79-aca9-013bdcd6ab8d[1]</li></ul>]]></description>
              <TimeSpan>
                <begin>2026-10-08T16:10:11.033501+00:00</begin>
                <end>2026-10-08T16:55:12.033501+00:00</end>
              </TimeSpan>
              <MultiGeometry>
                <Polygon>
                  <altitudeMode>absolute</altitudeMode>
                  <outerBoundaryIs>
                    <LinearRing>
                      <coordinates>-96.65116755902885,32.71782156372596,118.95766610520391 -96.65116755902885,32.718424400484075,118.95766610520391 -96.65063722327571,32.718424400484075,118.95766610520391 -96.65063722327571,32.71782156372596,118.95766610520391</coordinates>
                    </LinearRing>
                  </outerBoundaryIs>
                </Polygon>
                <Polygon>
                  <altitudeMode>absolute</altitudeMode>
                  <outerBoundaryIs>
                    <LinearRing>
                      <coordinates>-96.65116755902885,32.71782156372596,148.0276661052039 -96.65116755902885,32.718424400484075,148.0276661052039 -96.65063722327571,32.718424400484075,148.0276661052039 -96.65063722327571,32.71782156372596,148.0276661052039</coordinates>
                    </LinearRing>
                  </outerBoundaryIs>
                </Polygon>
                <Polygon>
                  <altitudeMode>absolute</altitudeMode>
                  <outerBoundaryIs>
                    <LinearRing>
                      <coordinates>-96.65116755902885,32.71782156372596,118.95766610520391 -96.65116755902885,32.71782156372596,148.0276661052039 -96.65116755902885,32.718424400484075,148.0276661052039 -96.65116755902885,32.718424400484075,118.95766610520391</coordinates>
                    </LinearRing>
                  </outerBoundaryIs>
                </Polygon>
                <Polygon>
                  <altitudeMode>absolute</altitudeMode>
                  <outerBoundaryIs>
                    <LinearRing>
                      <coordinates>-96.65116755902885,32.718424400484075,118.95766610520391 -96.65116755902885,32.718424400484075,148.0276661052039 -96.65063722327571,32.718424400484075,148.0276661052039 -96.65063722327571,32.718424400484075,118.95766610520391</coordinates>
                    </LinearRing>
                  </outerBoundaryIs>
                </Polygon>
                <Polygon>
                  <altitudeMode>absolute</altitudeMode>
                  <outerBoundaryIs>
                    <LinearRing>
                      <coordinates>-96.65063722327571,32.718424400484075,118.95766610520391 -96.65063722327571,32.718424400484075,148.0276661052039 -96.65063722327571,32.71782156372596,148.0276661052039 -96.65063722327571,32.71782156372596,118.95766610520391</coordinates>
                    </LinearRing>
                  </outerBoundaryIs>
                </Polygon>
                <Polygon>
                  <altitudeMode>absolute</altitudeMode>
                  <outerBoundaryIs>
                    <LinearRing>
                      <coordinates>-96.65063722327571,32.71782156372596,118.95766610520391 -96.65063722327571,32.71782156372596,148.0276661052039 -96.65116755902885,32.71782156372596,148.0276661052039 -96.65116755902885,32.71782156372596,118.95766610520391</coordinates>
                    </LinearRing>
                  </outerBoundaryIs>
                </Polygon>
              </MultiGeometry>
            </Placemark>
          </Folder>
          <Folder>
            <name>E60: uss2_core interuss.automated_testing.flight_planning.v1.UpsertFlightPlan</name>
            <Folder>
              <name>Activity Completed, flight Planned</name>
              <Placemark>
                <name>Volume 0</name>
                <styleUrl>#Planned_Nominal</styleUrl>
                <TimeSpan>
                  <begin>2026-10-08T16:10:11.033501+00:00</begin>
                  <end>2026-10-08T16:55:12.033501+00:00</end>
                </TimeSpan>
                <MultiGeometry>
                  <Polygon>
                    <altitudeMode>absolute</altitudeMode>
                    <outerBoundaryIs>
                      <LinearRing>
                        <coordinates>-96.65114649564616,32.71806428112804,118.95769826763826 -96.65063722327571,32.71782156372596,118.95769826763826 -96.6507289958687,32.71826206151871,118.95769826763826 -96.65116755902885,32.718424400484075,118.95769826763826</coordinates>
                      </LinearRing>
                    </outerBoundaryIs>
                  </Polygon>
                  <Polygon>
                    <altitudeMode>absolute</altitudeMode>
                    <outerBoundaryIs>
                      <LinearRing>
                        <coordinates>-96.65114649564616,32.71806428112804,148.02769826763827 -96.65063722327571,32.71782156372596,148.02769826763827 -96.6507289958687,32.71826206151871,148.02769826763827 -96.65116755902885,32.718424400484075,148.02769826763827</coordinates>
                      </LinearRing>
                    </outerBoundaryIs>
                  </Polygon>
                  <Polygon>
                    <altitudeMode>absolute</altitudeMode>
                    <outerBoundaryIs>
                      <LinearRing>
                        <coordinates>-96.65114649564616,32.71806428112804,118.95769826763826 -96.65114649564616,32.71806428112804,148.02769826763827 -96.65063722327571,32.71782156372596,148.02769826763827 -96.65063722327571,32.71782156372596,118.95769826763826</coordinates>
                      </LinearRing>
                    </outerBoundaryIs>
                  </Polygon>
                  <Polygon>
                    <altitudeMode>absolute</altitudeMode>
                    <outerBoundaryIs>
                      <LinearRing>
                        <coordinates>-96.65063722327571,32.71782156372596,118.95769826763826 -96.65063722327571,32.71782156372596,148.02769826763827 -96.6507289958687,32.71826206151871,148.02769826763827 -96.6507289958687,32.71826206151871,118.95769826763826</coordinates>
                      </LinearRing>
                    </outerBoundaryIs>
                  </Polygon>
                  <Polygon>
                    <altitudeMode>absolute</altitudeMode>
                    <outerBoundaryIs>
                      <LinearRing>
                        <coordinates>-96.6507289958687,32.71826206151871,118.95769826763826 -96.6507289958687,32.71826206151871,148.02769826763827 -96.65116755902885,32.718424400484075,148.02769826763827 -96.65116755902885,32.718424400484075,118.95769826763826</coordinates>
                      </LinearRing>
                    </outerBoundaryIs>
                  </Polygon>
                  <Polygon>
                    <altitudeMode>absolute</altitudeMode>
                    <outerBoundaryIs>
                      <LinearRing>
                        <coordinates>-96.65116755902885,32.718424400484075,118.95769826763826 -96.65116755902885,32.718424400484075,148.02769826763827 -96.65114649564616,32.71806428112804,148.02769826763827 -96.65114649564616,32.71806428112804,118.95769826763826</coordinates>
                      </LinearRing>
                    </outerBoundaryIs>
                  </Polygon>
                </MultiGeometry>
              </Placemark>
            </Folder>
          </Folder>
          <Folder>
            <name>E64: uss1_dss astm.f3548.v21.dss.queryOperationalIntentReferences</name>
            <Placemark>
              <name>area_of_interest</name>
              <styleUrl>#QueryArea</styleUrl>
              <description><![CDATA[<ul><li>uss2's Accepted f0b021ba-83a5-481e-a7ab-43c3b5b9abbc[1]</li><li>uss1's Accepted fa385bc7-9a90-4c79-aca9-013bdcd6ab8d[1]</li></ul>]]></description>
              <TimeSpan>
                <begin>2026-10-08T16:10:11.033501+00:00</begin>
                <end>2026-10-08T16:55:12.033501+00:00</end>
              </TimeSpan>
              <MultiGeometry>
                <Polygon>
                  <altitudeMode>absolute</altitudeMode>
                  <outerBoundaryIs>
                    <LinearRing>
                      <coordinates>-96.65116755902885,32.71782156372596,118.95766610520391 -96.65116755902885,32.718424400484075,118.95766610520391 -96.65063722327571,32.718424400484075,118.95766610520391 -96.65063722327571,32.71782156372596,118.95766610520391</coordinates>
                    </LinearRing>
                  </outerBoundaryIs>
                </Polygon>
                <Polygon>
                  <altitudeMode>absolute</altitudeMode>
                  <outerBoundaryIs>
                    <LinearRing>
                      <coordinates>-96.65116755902885,32.71782156372596,148.0276661052039 -96.65116755902885,32.718424400484075,148.0276661052039 -96.65063722327571,32.718424400484075,148.0276661052039 -96.65063722327571,32.71782156372596,148.0276661052039</coordinates>
                    </LinearRing>
                  </outerBoundaryIs>
                </Polygon>
                <Polygon>
                  <altitudeMode>absolute</altitudeMode>
                  <outerBoundaryIs>
                    <LinearRing>
                      <coordinates>-96.65116755902885,32.71782156372596,118.95766610520391 -96.65116755902885,32.71782156372596,148.0276661052039 -96.65116755902885,32.718424400484075,148.0276661052039 -96.65116755902885,32.718424400484075,118.95766610520391</coordinates>
                    </LinearRing>
                  </outerBoundaryIs>
                </Polygon>
                <Polygon>
                  <altitudeMode>absolute</altitudeMode>
                  <outerBoundaryIs>
                    <LinearRing>
                      <coordinates>-96.65116755902885,32.718424400484075,118.95766610520391 -96.65116755902885,32.718424400484075,148.0276661052039 -96.65063722327571,32.718424400484075,148.0276661052039 -96.65063722327571,32.718424400484075,118.95766610520391</coordinates>
                    </LinearRing>
                  </outerBoundaryIs>
                </Polygon>
                <Polygon>
                  <altitudeMode>absolute</altitudeMode>
                  <outerBoundaryIs>
                    <LinearRing>
                      <coordinates>-96.65063722327571,32.718424400484075,118.95766610520391 -96.65063722327571,32.718424400484075,148.0276661052039 -96.65063722327571,32.71782156372596,148.0276661052039 -96.65063722327571,32.71782156372596,118.95766610520391</coordinates>
                    </LinearRing>
                  </outerBoundaryIs>
                </Polygon>
                <Polygon>
                  <altitudeMode>absolute</altitudeMode>
                  <outerBoundaryIs>
                    <LinearRing>
                      <coordinates>-96.65063722327571,32.71782156372596,118.95766610520391 -96.65063722327571,32.71782156372596,148.0276661052039 -96.65116755902885,32.71782156372596,148.0276661052039 -96.65116755902885,32.71782156372596,118.95766610520391</coordinates>
                    </LinearRing>
                  </outerBoundaryIs>
                </Polygon>
              </MultiGeometry>
            </Placemark>
          </Folder>
          <Folder>
            <name>E68: uss2_core astm.f3548.v21.uss.getOperationalIntentDetails</name>
            <Folder>
              <name>uss2's P100 Accepted f0b021ba-83a5-481e-a7ab-43c3b5b9abbc[1] @ b-1FwFhL-BrZLkG9hAyHHiwN4igAQ-bbXAcJHcxzPzM_</name>
              <Placemark>
                <name>Nominal volume 0</name>
                <styleUrl>#F3548v21Accepted</styleUrl>
                <TimeSpan>
                  <begin>2026-10-08T16:10:12.049235+00:00</begin>
                  <end>2026-10-08T16:55:12.033501+00:00</end>
                </TimeSpan>
                <MultiGeometry>
                  <Polygon>
                    <altitudeMode>absolute</altitudeMode>
                    <outerBoundaryIs>
                      <LinearRing>
                        <coordinates>-96.65114649564616,32.71806428112804,118.95769826763826 -96.65063722327571,32.71782156372596,118.95769826763826 -96.6507289958687,32.71826206151871,118.95769826763826 -96.65116755902885,32.718424400484075,118.95769826763826</coordinates>
                      </LinearRing>
                    </outerBoundaryIs>
                  </Polygon>
                  <Polygon>
                    <altitudeMode>absolute</altitudeMode>
                    <outerBoundaryIs>
                      <LinearRing>
                        <coordinates>-96.65114649564616,32.71806428112804,148.02769826763827 -96.65063722327571,32.71782156372596,148.02769826763827 -96.6507289958687,32.71826206151871,148.02769826763827 -96.65116755902885,32.718424400484075,148.02769826763827</coordinates>
                      </LinearRing>
                    </outerBoundaryIs>
                  </Polygon>
                  <Polygon>
                    <altitudeMode>absolute</altitudeMode>
                    <outerBoundaryIs>
                      <LinearRing>
                        <coordinates>-96.65114649564616,32.71806428112804,118.95769826763826 -96.65114649564616,32.71806428112804,148.02769826763827 -96.65063722327571,32.71782156372596,148.02769826763827 -96.65063722327571,32.71782156372596,118.95769826763826</coordinates>
                      </LinearRing>
                    </outerBoundaryIs>
                  </Polygon>
                  <Polygon>
                    <altitudeMode>absolute</altitudeMode>
                    <outerBoundaryIs>
                      <LinearRing>
                        <coordinates>-96.65063722327571,32.71782156372596,118.95769826763826 -96.65063722327571,32.71782156372596,148.02769826763827 -96.6507289958687,32.71826206151871,148.02769826763827 -96.6507289958687,32.71826206151871,118.95769826763826</coordinates>
                      </LinearRing>
                    </outerBoundaryIs>
                  </Polygon>
                  <Polygon>
                    <altitudeMode>absolute</altitudeMode>
                    <outerBoundaryIs>
                      <LinearRing>
                        <coordinates>-96.6507289958687,32.71826206151871,118.95769826763826 -96.6507289958687,32.71826206151871,148.02769826763827 -96.65116755902885,32.718424400484075,148.02769826763827 -96.65116755902885,32.718424400484075,118.95769826763826</coordinates>
                      </LinearRing>
                    </outerBoundaryIs>
                  </Polygon>
                  <Polygon>
                    <altitudeMode>absolute</altitudeMode>
                    <outerBoundaryIs>
                      <LinearRing>
                        <coordinates>-96.65116755902885,32.718424400484075,118.95769826763826 -96.65116755902885,32.718424400484075,148.02769826763827 -96.65114649564616,32.71806428112804,148.02769826763827 -96.65114649564616,32.71806428112804,118.95769826763826</coordinates>
                      </LinearRing>
                    </outerBoundaryIs>
                  </Polygon>
                </MultiGeometry>
              </Placemark>
            </Folder>
          </Folder>
        </Folder>
        <Folder>
          <name>Check for conflict notifications</name>
        </Folder>
        <Folder>
          <name>Attempt to modify planned Flight 1 in conflict</name>
          <Folder>
            <name>E85: uss1_dss astm.f3548.v21.dss.queryOperationalIntentReferences</name>
            <Placemark>
              <name>area_of_interest</name>
              <styleUrl>#QueryArea</styleUrl>
              <description><![CDATA[<ul><li>uss2's Accepted f0b021ba-83a5-481e-a7ab-43c3b5b9abbc[1]</li><li>uss1's Accepted fa385bc7-9a90-4c79-aca9-013bdcd6ab8d[1]</li></ul>]]></description>
              <TimeSpan>
                <begin>2026-10-08T16:10:11.176447+00:00</begin>
                <end>2026-10-08T16:55:12.176447+00:00</end>
              </TimeSpan>
              <MultiGeometry>
                <Polygon>
                  <altitudeMode>absolute</altitudeMode>
                  <outerBoundaryIs>
                    <LinearRing>
                      <coordinates>-96.65102801622521,32.71777251457099,89.99684994850514 -96.65102801622521,32.71840034859007,89.99684994850514 -96.65011177421847,32.71840034859007,89.99684994850514 -96.65011177421847,32.71777251457099,89.99684994850514</coordinates>
                    </LinearRing>
                  </outerBoundaryIs>
                </Polygon>
                <Polygon>
                  <altitudeMode>absolute</altitudeMode>
                  <outerBoundaryIs>
                    <LinearRing>
                      <coordinates>-96.65102801622521,32.71777251457099,150.02684994850514 -96.65102801622521,32.71840034859007,150.02684994850514 -96.65011177421847,32.71840034859007,150.02684994850514 -96.65011177421847,32.71777251457099,150.02684994850514</coordinates>
                    </LinearRing>
                  </outerBoundaryIs>
                </Polygon>
                <Polygon>
                  <altitudeMode>absolute</altitudeMode>
                  <outerBoundaryIs>
                    <LinearRing>
                      <coordinates>-96.65102801622521,32.71777251457099,89.99684994850514 -96.65102801622521,32.71777251457099,150.02684994850514 -96.65102801622521,32.71840034859007,150.02684994850514 -96.65102801622521,32.71840034859007,89.99684994850514</coordinates>
                    </LinearRing>
                  </outerBoundaryIs>
                </Polygon>
                <Polygon>
                  <altitudeMode>absolute</altitudeMode>
                  <outerBoundaryIs>
                    <LinearRing>
                      <coordinates>-96.65102801622521,32.71840034859007,89.99684994850514 -96.65102801622521,32.71840034859007,150.02684994850514 -96.65011177421847,32.71840034859007,150.02684994850514 -96.65011177421847,32.71840034859007,89.99684994850514</coordinates>
                    </LinearRing>
                  </outerBoundaryIs>
                </Polygon>
                <Polygon>
                  <altitudeMode>absolute</altitudeMode>
                  <outerBoundaryIs>
                    <LinearRing>
                      <coordinates>-96.65011177421847,32.71840034859007,89.99684994850514 -96.65011177421847,32.71840034859007,150.02684994850514 -96.65011177421847,32.71777251457099,150.02684994850514 -96.65011177421847,32.71777251457099,89.99684994850514</coordinates>
                    </LinearRing>
                  </outerBoundaryIs>
                </Polygon>
                <Polygon>
                  <altitudeMode>absolute</altitudeMode>
                  <outerBoundaryIs>
                    <LinearRing>
                      <coordinates>-96.65011177421847,32.71777251457099,89.99684994850514 -96.65011177421847,32.71777251457099,150.02684994850514 -96.65102801622521,32.71777251457099,150.02684994850514 -96.65102801622521,32.71777251457099,89.99684994850514</coordinates>
                    </LinearRing>
                  </outerBoundaryIs>
                </Polygon>
              </MultiGeometry>
            </Placemark>
          </Folder>
          <Folder>
            <name>E87: uss1_core interuss.automated_testing.flight_planning.v1.UpsertFlightPlan</name>
            <Folder>
              <name>Activity Rejected, flight Planned</name>
              <Placemark>
                <name>Volume 0</name>
                <styleUrl>#Planned_Nominal</styleUrl>
                <TimeSpan>
                  <begin>2026-10-08T16:10:11.176447+00:00</begin>
                  <end>2026-10-08T16:55:12.176447+00:00</end>
                </TimeSpan>
                <MultiGeometry>
                  <Polygon>
                    <altitudeMode>absolute</altitudeMode>
                    <outerBoundaryIs>
                      <LinearRing>
                        <coordinates>-96.65057704284462,32.71792124504982,89.99655678245456 -96.65078917635991,32.718162380122266,89.99655678245456 -96.65040703091847,32.71840034859007,89.99655678245456 -96.65011177421847,32.718148769436674,89.99655678245456</coordinates>
                      </LinearRing>
                    </outerBoundaryIs>
                  </Polygon>
                  <Polygon>
                    <altitudeMode>absolute</altitudeMode>
                    <outerBoundaryIs>
                      <LinearRing>
                        <coordinates>-96.65057704284462,32.71792124504982,150.02655678245458 -96.65078917635991,32.718162380122266,150.02655678245458 -96.65040703091847,32.71840034859007,150.02655678245458 -96.65011177421847,32.718148769436674,150.02655678245458</coordinates>
                      </LinearRing>
                    </outerBoundaryIs>
                  </Polygon>
                  <Polygon>
                    <altitudeMode>absolute</altitudeMode>
                    <outerBoundaryIs>
                      <LinearRing>
                        <coordinates>-96.65057704284462,32.71792124504982,89.99655678245456 -96.65057704284462,32.71792124504982,150.02655678245458 -96.65078917635991,32.718162380122266,150.02655678245458 -96.65078917635991,32.718162380122266,89.99655678245456</coordinates>
                      </LinearRing>
                    </outerBoundaryIs>
                  </Polygon>
                  <Polygon>
                    <altitudeMode>absolute</altitudeMode>
                    <outerBoundaryIs>
                      <LinearRing>
                        <coordinates>-96.65078917635991,32.718162380122266,89.99655678245456 -96.65078917635991,32.718162380122266,150.02655678245458 -96.65040703091847,32.71840034859007,150.02655678245458 -96.65040703091847,32.71840034859007,89.99655678245456</coordinates>
                      </LinearRing>
                    </outerBoundaryIs>
                  </Polygon>
                  <Polygon>
                    <altitudeMode>absolute</altitudeMode>
                    <outerBoundaryIs>
                      <LinearRing>
                        <coordinates>-96.65040703091847,32.71840034859007,89.99655678245456 -96.65040703091847,32.71840034859007,150.02655678245458 -96.65011177421847,32.718148769436674,150.02655678245458 -96.65011177421847,32.718148769436674,89.99655678245456</coordinates>
                      </LinearRing>
                    </outerBoundaryIs>
                  </Polygon>
                  <Polygon>
                    <altitudeMode>absolute</altitudeMode>
                    <outerBoundaryIs>
                      <LinearRing>
                        <coordinates>-96.65011177421847,32.718148769436674,89.99655678245456 -96.65011177421847,32.718148769436674,150.02655678245458 -96.65057704284462,32.71792124504982,150.02655678245458 -96.65057704284462,32.71792124504982,89.99655678245456</coordinates>
                      </LinearRing>
                    </outerBoundaryIs>
                  </Polygon>
                </MultiGeometry>
              </Placemark>
            </Folder>
          </Folder>
          <Folder>
            <name>E90: uss1_dss astm.f3548.v21.dss.queryOperationalIntentReferences</name>
            <Placemark>
              <name>area_of_interest</name>
              <styleUrl>#QueryArea</styleUrl>
              <description><![CDATA[<ul><li>uss2's Accepted f0b021ba-83a5-481e-a7ab-43c3b5b9abbc[1]</li><li>uss1's Accepted fa385bc7-9a90-4c79-aca9-013bdcd6ab8d[1]</li></ul>]]></description>
              <TimeSpan>
                <begin>2026-10-08T16:10:11.176447+00:00</begin>
                <end>2026-10-08T16:55:12.176447+00:00</end>
              </TimeSpan>
              <MultiGeometry>
                <Polygon>
                  <altitudeMode>absolute</altitudeMode>
                  <outerBoundaryIs>
                    <LinearRing>
                      <coordinates>-96.65102801622521,32.71777251457099,89.99684994850514 -96.65102801622521,32.71840034859007,89.99684994850514 -96.65011177421847,32.71840034859007,89.99684994850514 -96.65011177421847,32.71777251457099,89.99684994850514</coordinates>
                    </LinearRing>
                  </outerBoundaryIs>
                </Polygon>
                <Polygon>
                  <altitudeMode>absolute</altitudeMode>
                  <outerBoundaryIs>
                    <LinearRing>
                      <coordinates>-96.65102801622521,32.71777251457099,150.02684994850514 -96.65102801622521,32.71840034859007,150.02684994850514 -96.65011177421847,32.71840034859007,150.02684994850514 -96.65011177421847,32.71777251457099,150.02684994850514</coordinates>
                    </LinearRing>
                  </outerBoundaryIs>
                </Polygon>
                <Polygon>
                  <altitudeMode>absolute</altitudeMode>
                  <outerBoundaryIs>
                    <LinearRing>
                      <coordinates>-96.65102801622521,32.71777251457099,89.99684994850514 -96.65102801622521,32.71777251457099,150.02684994850514 -96.65102801622521,32.71840034859007,150.02684994850514 -96.65102801622521,32.71840034859007,89.99684994850514</coordinates>
                    </LinearRing>
                  </outerBoundaryIs>
                </Polygon>
                <Polygon>
                  <altitudeMode>absolute</altitudeMode>
                  <outerBoundaryIs>
                    <LinearRing>
                      <coordinates>-96.65102801622521,32.71840034859007,89.99684994850514 -96.65102801622521,32.71840034859007,150.02684994850514 -96.65011177421847,32.71840034859007,150.02684994850514 -96.65011177421847,32.71840034859007,89.99684994850514</coordinates>
                    </LinearRing>
                  </outerBoundaryIs>
                </Polygon>
                <Polygon>
                  <altitudeMode>absolute</altitudeMode>
                  <outerBoundaryIs>
                    <LinearRing>
                      <coordinates>-96.65011177421847,32.71840034859007,89.99684994850514 -96.65011177421847,32.71840034859007,150.02684994850514 -96.65011177421847,32.71777251457099,150.02684994850514 -96.65011177421847,32.71777251457099,89.99684994850514</coordinates>
                    </LinearRing>
                  </outerBoundaryIs>
                </Polygon>
                <Polygon>
                  <altitudeMode>absolute</altitudeMode>
                  <outerBoundaryIs>
                    <LinearRing>
                      <coordinates>-96.65011177421847,32.71777251457099,89.99684994850514 -96.65011177421847,32.71777251457099,150.02684994850514 -96.65102801622521,32.71777251457099,150.02684994850514 -96.65102801622521,32.71777251457099,89.99684994850514</coordinates>
                    </LinearRing>
                  </outerBoundaryIs>
                </Polygon>
              </MultiGeometry>
            </Placemark>
          </Folder>
          <Folder>
            <name>E94: uss1_core astm.f3548.v21.uss.getOperationalIntentDetails</name>
            <Folder>
              <name>uss1's P0 Accepted fa385bc7-9a90-4c79-aca9-013bdcd6ab8d[1] @ 52lJRza1RnZqpiRi-eG.FGHE4eX6wMYdwuUyuwdoLg4_</name>
              <Placemark>
                <name>Nominal volume 0</name>
                <styleUrl>#F3548v21Accepted</styleUrl>
                <TimeSpan>
                  <begin>2026-10-08T16:10:11.935475+00:00</begin>
                  <end>2026-10-08T16:55:11.913473+00:00</end>
                </TimeSpan>
                <MultiGeometry>
                  <Polygon>
                    <altitudeMode>absolute</altitudeMode>
                    <outerBoundaryIs>
                      <LinearRing>
                        <coordinates>-96.65081588241792,32.71777251457099,120.03690397615685 -96.65102801622521,32.71801364924129,120.03690397615685 -96.65040703091847,32.71840034859007,120.03690397615685 -96.65011177421847,32.718148769436674,120.03690397615685</coordinates>
                      </LinearRing>
                    </outerBoundaryIs>
                  </Polygon>
                  <Polygon>
                    <altitudeMode>absolute</altitudeMode>
                    <outerBoundaryIs>
                      <LinearRing>
                        <coordinates>-96.65081588241792,32.71777251457099,150.02690397615683 -96.65102801622521,32.71801364924129,150.02690397615683 -96.65040703091847,32.71840034859007,150.02690397615683 -96.65011177421847,32.718148769436674,150.02690397615683</coordinates>
                      </LinearRing>
                    </outerBoundaryIs>
                  </Polygon>
                  <Polygon>
                    <altitudeMode>absolute</altitudeMode>
                    <outerBoundaryIs>
                      <LinearRing>
                        <coordinates>-96.65081588241792,32.71777251457099,120.03690397615685 -96.65081588241792,32.71777251457099,150.02690397615683 -96.65102801622521,32.71801364924129,150.02690397615683 -96.65102801622521,32.71801364924129,120.03690397615685</coordinates>
                      </LinearRing>
                    </outerBoundaryIs>
                  </Polygon>
                  <Polygon>
                    <altitudeMode>absolute</altitudeMode>
                    <outerBoundaryIs>
                      <LinearRing>
                        <coordinates>-96.65102801622521,32.71801364924129,120.03690397615685 -96.65102801622521,32.71801364924129,150.02690397615683 -96.65040703091847,32.71840034859007,150.02690397615683 -96.65040703091847,32.71840034859007,120.03690397615685</coordinates>
                      </LinearRing>
                    </outerBoundaryIs>
                  </Polygon>
                  <Polygon>
                    <altitudeMode>absolute</altitudeMode>
                    <outerBoundaryIs>
                      <LinearRing>
                        <coordinates>-96.65040703091847,32.71840034859007,120.03690397615685 -96.65040703091847,32.71840034859007,150.02690397615683 -96.65011177421847,32.718148769436674,150.02690397615683 -96.65011177421847,32.718148769436674,120.03690397615685</coordinates>
                      </LinearRing>
                    </outerBoundaryIs>
                  </Polygon>
                  <Polygon>
                    <altitudeMode>absolute</altitudeMode>
                    <outerBoundaryIs>
                      <LinearRing>
                        <coordinates>-96.65011177421847,32.718148769436674,120.03690397615685 -96.65011177421847,32.718148769436674,150.02690397615683 -96.65081588241792,32.71777251457099,150.02690397615683 -96.65081588241792,32.71777251457099,120.03690397615685</coordinates>
                      </LinearRing>
                    </outerBoundaryIs>
                  </Polygon>
                </MultiGeometry>
              </Placemark>
            </Folder>
          </Folder>
        </Folder>
      </Folder>
      <Folder>
        <name>Attempt to activate flight in conflict</name>
        <Folder>
          <name>Attempt to activate conflicting Flight 1</name>
          <Folder>
            <name>E103: uss1_dss astm.f3548.v21.dss.queryOperationalIntentReferences</name>
            <Placemark>
              <name>area_of_interest</name>
              <styleUrl>#QueryArea</styleUrl>
              <description><![CDATA[<ul><li>uss2's Accepted f0b021ba-83a5-481e-a7ab-43c3b5b9abbc[1]</li><li>uss1's Accepted fa385bc7-9a90-4c79-aca9-013bdcd6ab8d[1]</li></ul>]]></description>
              <TimeSpan>
                <begin>2026-10-08T16:10:11.253590+00:00</begin>
                <end>2026-10-08T16:55:12.253590+00:00</end>
              </TimeSpan>
              <MultiGeometry>
                <Polygon>
                  <altitudeMode>absolute</altitudeMode>
                  <outerBoundaryIs>
                    <LinearRing>
                      <coordinates>-96.65102801622521,32.71777251457099,120.03684994850515 -96.65102801622521,32.71840034859007,120.03684994850515 -96.65011177421847,32.71840034859007,120.03684994850515 -96.65011177421847,32.71777251457099,120.03684994850515</coordinates>
                    </LinearRing>
                  </outerBoundaryIs>
                </Polygon>
                <Polygon>
                  <altitudeMode>absolute</altitudeMode>
                  <outerBoundaryIs>
                    <LinearRing>
                      <coordinates>-96.65102801622521,32.71777251457099,150.02684994850514 -96.65102801622521,32.71840034859007,150.02684994850514 -96.65011177421847,32.71840034859007,150.02684994850514 -96.65011177421847,32.71777251457099,150.02684994850514</coordinates>
                    </LinearRing>
                  </outerBoundaryIs>
                </Polygon>
                <Polygon>
                  <altitudeMode>absolute</altitudeMode>
                  <outerBoundaryIs>
                    <LinearRing>
                      <coordinates>-96.65102801622521,32.71777251457099,120.03684994850515 -96.65102801622521,32.71777251457099,150.02684994850514 -96.65102801622521,32.71840034859007,150.02684994850514 -96.65102801622521,32.71840034859007,120.03684994850515</coordinates>
                    </LinearRing>
                  </outerBoundaryIs>
                </Polygon>
                <Polygon>
                  <altitudeMode>absolute</altitudeMode>
                  <outerBoundaryIs>
                    <LinearRing>
                      <coordinates>-96.65102801622521,32.71840034859007,120.03684994850515 -96.65102801622521,32.71840034859007,150.02684994850514 -96.65011177421847,32.71840034859007,150.02684994850514 -96.65011177421847,32.71840034859007,120.03684994850515</coordinates>
                    </LinearRing>
                  </outerBoundaryIs>
                </Polygon>
                <Polygon>
                  <altitudeMode>absolute</altitudeMode>
                  <outerBoundaryIs>
                    <LinearRing>
                      <coordinates>-96.65011177421847,32.71840034859007,120.03684994850515 -96.65011177421847,32.71840034859007,150.02684994850514 -96.65011177421847,32.71777251457099,150.02684994850514 -96.65011177421847,32.71777251457099,120.03684994850515</coordinates>
                    </LinearRing>
                  </outerBoundaryIs>
                </Polygon>
                <Polygon>
                  <altitudeMode>absolute</altitudeMode>
                  <outerBoundaryIs>
                    <LinearRing>
                      <coordinates>-96.65011177421847,32.71777251457099,120.03684994850515 -96.65011177421847,32.71777251457099,150.02684994850514 -96.65102801622521,32.71777251457099,150.02684994850514 -96.65102801622521,32.71777251457099,120.03684994850515</coordinates>
                    </LinearRing>
                  </outerBoundaryIs>
                </Polygon>
              </MultiGeometry>
            </Placemark>
          </Folder>
          <Folder>
            <name>E105: uss1_core interuss.automated_testing.flight_planning.v1.UpsertFlightPlan</name>
            <Folder>
              <name>Activity Rejected, flight Planned</name>
              <Placemark>
                <name>Volume 0</name>
                <styleUrl>#InUse_Nominal</styleUrl>
                <TimeSpan>
                  <begin>2026-10-08T16:10:11.253590+00:00</begin>
                  <end>2026-10-08T16:55:12.253590+00:00</end>
                </TimeSpan>
                <MultiGeometry>
                  <Polygon>
                    <altitudeMode>absolute</altitudeMode>
                    <outerBoundaryIs>
                      <LinearRing>
                        <coordinates>-96.65081588241792,32.71777251457099,120.04690397615684 -96.65102801622521,32.71801364924129,120.04690397615684 -96.65040703091847,32.71840034859007,120.04690397615684 -96.65011177421847,32.718148769436674,120.04690397615684</coordinates>
                      </LinearRing>
                    </outerBoundaryIs>
                  </Polygon>
                  <Polygon>
                    <altitudeMode>absolute</altitudeMode>
                    <outerBoundaryIs>
                      <LinearRing>
                        <coordinates>-96.65081588241792,32.71777251457099,150.02690397615683 -96.65102801622521,32.71801364924129,150.02690397615683 -96.65040703091847,32.71840034859007,150.02690397615683 -96.65011177421847,32.718148769436674,150.02690397615683</coordinates>
                      </LinearRing>
                    </outerBoundaryIs>
                  </Polygon>
                  <Polygon>
                    <altitudeMode>absolute</altitudeMode>
                    <outerBoundaryIs>
                      <LinearRing>
                        <coordinates>-96.65081588241792,32.71777251457099,120.04690397615684 -96.65081588241792,32.71777251457099,150.02690397615683 -96.65102801622521,32.71801364924129,150.02690397615683 -96.65102801622521,32.71801364924129,120.04690397615684</coordinates>
                      </LinearRing>
                    </outerBoundaryIs>
                  </Polygon>
                  <Polygon>
                    <altitudeMode>absolute</altitudeMode>
                    <outerBoundaryIs>
                      <LinearRing>
                        <coordinates>-96.65102801622521,32.71801364924129,120.04690397615684 -96.65102801622521,32.71801364924129,150.02690397615683 -96.65040703091847,32.71840034859007,150.02690397615683 -96.65040703091847,32.71840034859007,120.04690397615684</coordinates>
                      </LinearRing>
                    </outerBoundaryIs>
                  </Polygon>
                  <Polygon>
                    <altitudeMode>absolute</altitudeMode>
                    <outerBoundaryIs>
                      <LinearRing>
                        <coordinates>-96.65040703091847,32.71840034859007,120.04690397615684 -96.65040703091847,32.71840034859007,150.02690397615683 -96.65011177421847,32.718148769436674,150.02690397615683 -96.65011177421847,32.718148769436674,120.04690397615684</coordinates>
                      </LinearRing>
                    </outerBoundaryIs>
                  </Polygon>
                  <Polygon>
                    <altitudeMode>absolute</altitudeMode>
                    <outerBoundaryIs>
                      <LinearRing>
                        <coordinates>-96.65011177421847,32.718148769436674,120.04690397615684 -96.65011177421847,32.718148769436674,150.02690397615683 -96.65081588241792,32.71777251457099,150.02690397615683 -96.65081588241792,32.71777251457099,120.04690397615684</coordinates>
                      </LinearRing>
                    </outerBoundaryIs>
                  </Polygon>
                </MultiGeometry>
              </Placemark>
            </Folder>
          </Folder>
          <Folder>
            <name>E108: uss1_dss astm.f3548.v21.dss.queryOperationalIntentReferences</name>
            <Placemark>
              <name>area_of_interest</name>
              <styleUrl>#QueryArea</styleUrl>
              <description><![CDATA[<ul><li>uss2's Accepted f0b021ba-83a5-481e-a7ab-43c3b5b9abbc[1]</li><li>uss1's Accepted fa385bc7-9a90-4c79-aca9-013bdcd6ab8d[1]</li></ul>]]></description>
              <TimeSpan>
                <begin>2026-10-08T16:10:11.253590+00:00</begin>
                <end>2026-10-08T16:55:12.253590+00:00</end>
              </TimeSpan>
              <MultiGeometry>
                <Polygon>
                  <altitudeMode>absolute</altitudeMode>
                  <outerBoundaryIs>
                    <LinearRing>
                      <coordinates>-96.65102801622521,32.71777251457099,120.03684994850515 -96.65102801622521,32.71840034859007,120.03684994850515 -96.65011177421847,32.71840034859007,120.03684994850515 -96.65011177421847,32.71777251457099,120.03684994850515</coordinates>
                    </LinearRing>
                  </outerBoundaryIs>
                </Polygon>
                <Polygon>
                  <altitudeMode>absolute</altitudeMode>
                  <outerBoundaryIs>
                    <LinearRing>
                      <coordinates>-96.65102801622521,32.71777251457099,150.02684994850514 -96.65102801622521,32.71840034859007,150.02684994850514 -96.65011177421847,32.71840034859007,150.02684994850514 -96.65011177421847,32.71777251457099,150.02684994850514</coordinates>
                    </LinearRing>
                  </outerBoundaryIs>
                </Polygon>
                <Polygon>
                  <altitudeMode>absolute</altitudeMode>
                  <outerBoundaryIs>
                    <LinearRing>
                      <coordinates>-96.65102801622521,32.71777251457099,120.03684994850515 -96.65102801622521,32.71777251457099,150.02684994850514 -96.65102801622521,32.71840034859007,150.02684994850514 -96.65102801622521,32.71840034859007,120.03684994850515</coordinates>
                    </LinearRing>
                  </outerBoundaryIs>
                </Polygon>
                <Polygon>
                  <altitudeMode>absolute</altitudeMode>
                  <outerBoundaryIs>
                    <LinearRing>
                      <coordinates>-96.65102801622521,32.71840034859007,120.03684994850515 -96.65102801622521,32.71840034859007,150.02684994850514 -96.65011177421847,32.71840034859007,150.02684994850514 -96.65011177421847,32.71840034859007,120.03684994850515</coordinates>
                    </LinearRing>
                  </outerBoundaryIs>
                </Polygon>
                <Polygon>
                  <altitudeMode>absolute</altitudeMode>
                  <outerBoundaryIs>
                    <LinearRing>
                      <coordinates>-96.65011177421847,32.71840034859007,120.03684994850515 -96.65011177421847,32.71840034859007,150.02684994850514 -96.65011177421847,32.71777251457099,150.02684994850514 -96.65011177421847,32.71777251457099,120.03684994850515</coordinates>
                    </LinearRing>
                  </outerBoundaryIs>
                </Polygon>
                <Polygon>
                  <altitudeMode>absolute</altitudeMode>
                  <outerBoundaryIs>
                    <LinearRing>
                      <coordinates>-96.65011177421847,32.71777251457099,120.03684994850515 -96.65011177421847,32.71777251457099,150.02684994850514 -96.65102801622521,32.71777251457099,150.02684994850514 -96.65102801622521,32.71777251457099,120.03684994850515</coordinates>
                    </LinearRing>
                  </outerBoundaryIs>
                </Polygon>
              </MultiGeometry>
            </Placemark>
          </Folder>
          <Folder>
            <name>E112: uss1_core astm.f3548.v21.uss.getOperationalIntentDetails</name>
            <Folder>
              <name>uss1's P0 Accepted fa385bc7-9a90-4c79-aca9-013bdcd6ab8d[1] @ 52lJRza1RnZqpiRi-eG.FGHE4eX6wMYdwuUyuwdoLg4_</name>
              <Placemark>
                <name>Nominal volume 0</name>
                <styleUrl>#F3548v21Accepted</styleUrl>
                <TimeSpan>
                  <begin>2026-10-08T16:10:11.935475+00:00</begin>
                  <end>2026-10-08T16:55:11.913473+00:00</end>
                </TimeSpan>
                <MultiGeometry>
                  <Polygon>
                    <altitudeMode>absolute</altitudeMode>
                    <outerBoundaryIs>
                      <LinearRing>
                        <coordinates>-96.65081588241792,32.71777251457099,120.03690397615685 -96.65102801622521,32.71801364924129,120.03690397615685 -96.65040703091847,32.71840034859007,120.03690397615685 -96.65011177421847,32.718148769436674,120.03690397615685</coordinates>
                      </LinearRing>
                    </outerBoundaryIs>
                  </Polygon>
                  <Polygon>
                    <altitudeMode>absolute</altitudeMode>
                    <outerBoundaryIs>
                      <LinearRing>
                        <coordinates>-96.65081588241792,32.71777251457099,150.02690397615683 -96.65102801622521,32.71801364924129,150.02690397615683 -96.65040703091847,32.71840034859007,150.02690397615683 -96.65011177421847,32.718148769436674,150.02690397615683</coordinates>
                      </LinearRing>
                    </outerBoundaryIs>
                  </Polygon>
                  <Polygon>
                    <altitudeMode>absolute</altitudeMode>
                    <outerBoundaryIs>
                      <LinearRing>
                        <coordinates>-96.65081588241792,32.71777251457099,120.03690397615685 -96.65081588241792,32.71777251457099,150.02690397615683 -96.65102801622521,32.71801364924129,150.02690397615683 -96.65102801622521,32.71801364924129,120.03690397615685</coordinates>
                      </LinearRing>
                    </outerBoundaryIs>
                  </Polygon>
                  <Polygon>
                    <altitudeMode>absolute</altitudeMode>
                    <outerBoundaryIs>
                      <LinearRing>
                        <coordinates>-96.65102801622521,32.71801364924129,120.03690397615685 -96.65102801622521,32.71801364924129,150.02690397615683 -96.65040703091847,32.71840034859007,150.02690397615683 -96.65040703091847,32.71840034859007,120.03690397615685</coordinates>
                      </LinearRing>
                    </outerBoundaryIs>
                  </Polygon>
                  <Polygon>
                    <altitudeMode>absolute</altitudeMode>
                    <outerBoundaryIs>
                      <LinearRing>
                        <coordinates>-96.65040703091847,32.71840034859007,120.03690397615685 -96.65040703091847,32.71840034859007,150.02690397615683 -96.65011177421847,32.718148769436674,150.02690397615683 -96.65011177421847,32.718148769436674,120.03690397615685</coordinates>
                      </LinearRing>
                    </outerBoundaryIs>
                  </Polygon>
                  <Polygon>
                    <altitudeMode>absolute</altitudeMode>
                    <outerBoundaryIs>
                      <LinearRing>
                        <coordinates>-96.65011177421847,32.718148769436674,120.03690397615685 -96.65011177421847,32.718148769436674,150.02690397615683 -96.65081588241792,32.71777251457099,150.02690397615683 -96.65081588241792,32.71777251457099,120.03690397615685</coordinates>
                      </LinearRing>
                    </outerBoundaryIs>
                  </Polygon>
                </MultiGeometry>
              </Placemark>
            </Folder>
          </Folder>
        </Folder>
      </Folder>
      <Folder>
        <name>Modify activated flight with pre-existing conflict</name>
        <Folder>
          <name>Delete Flight 2</name>
        </Folder>
        <Folder>
          <name>Activate Flight 1</name>
          <Folder>
            <name>E123: uss1_dss astm.f3548.v21.dss.queryOperationalIntentReferences</name>
            <Placemark>
              <name>area_of_interest</name>
              <styleUrl>#QueryArea</styleUrl>
              <description><![CDATA[<ul><li>uss1's Accepted fa385bc7-9a90-4c79-aca9-013bdcd6ab8d[1]</li></ul>]]></description>
              <TimeSpan>
                <begin>2026-10-08T16:10:11.359153+00:00</begin>
                <end>2026-10-08T16:55:12.359153+00:00</end>
              </TimeSpan>
              <MultiGeometry>
                <Polygon>
                  <altitudeMode>absolute</altitudeMode>
                  <outerBoundaryIs>
                    <LinearRing>
                      <coordinates>-96.65102801622521,32.71777251457099,120.04684994850514 -96.65102801622521,32.71840034859007,120.04684994850514 -96.65011177421847,32.71840034859007,120.04684994850514 -96.65011177421847,32.71777251457099,120.04684994850514</coordinates>
                    </LinearRing>
                  </outerBoundaryIs>
                </Polygon>
                <Polygon>
                  <altitudeMode>absolute</altitudeMode>
                  <outerBoundaryIs>
                    <LinearRing>
                      <coordinates>-96.65102801622521,32.71777251457099,150.02684994850514 -96.65102801622521,32.71840034859007,150.02684994850514 -96.65011177421847,32.71840034859007,150.02684994850514 -96.65011177421847,32.71777251457099,150.02684994850514</coordinates>
                    </LinearRing>
                  </outerBoundaryIs>
                </Polygon>
                <Polygon>
                  <altitudeMode>absolute</altitudeMode>
                  <outerBoundaryIs>
                    <LinearRing>
                      <coordinates>-96.65102801622521,32.71777251457099,120.04684994850514 -96.65102801622521,32.71777251457099,150.02684994850514 -96.65102801622521,32.71840034859007,150.02684994850514 -96.65102801622521,32.71840034859007,120.04684994850514</coordinates>
                    </LinearRing>
                  </outerBoundaryIs>
                </Polygon>
                <Polygon>
                  <altitudeMode>absolute</altitudeMode>
                  <outerBoundaryIs>
                    <LinearRing>
                      <coordinates>-96.65102801622521,32.71840034859007,120.04684994850514 -96.65102801622521,32.71840034859007,150.02684994850514 -96.65011177421847,32.71840034859007,150.02684994850514 -96.65011177421847,32.71840034859007,120.04684994850514</coordinates>
                    </LinearRing>
                  </outerBoundaryIs>
                </Polygon>
                <Polygon>
                  <altitudeMode>absolute</altitudeMode>
                  <outerBoundaryIs>
                    <LinearRing>
                      <coordinates>-96.65011177421847,32.71840034859007,120.04684994850514 -96.65011177421847,32.71840034859007,150.02684994850514 -96.65011177421847,32.71777251457099,150.02684994850514 -96.65011177421847,32.71777251457099,120.04684994850514</coordinates>
                    </LinearRing>
                  </outerBoundaryIs>
                </Polygon>
                <Polygon>
                  <altitudeMode>absolute</altitudeMode>
                  <outerBoundaryIs>
                    <LinearRing>
                      <coordinates>-96.65011177421847,32.71777251457099,120.04684994850514 -96.65011177421847,32.71777251457099,150.02684994850514 -96.65102801622521,32.71777251457099,150.02684994850514 -96.65102801622521,32.71777251457099,120.04684994850514</coordinates>
                    </LinearRing>
                  </outerBoundaryIs>
                </Polygon>
              </MultiGeometry>
            </Placemark>
          </Folder>
          <Folder>
            <name>E125: uss1_core interuss.automated_testing.flight_planning.v1.UpsertFlightPlan</name>
            <Folder>
              <name>Activity Completed, flight OkToFly</name>
              <Placemark>
                <name>Volume 0</name>
                <styleUrl>#InUse_Nominal</styleUrl>
                <TimeSpan>
                  <begin>2026-10-08T16:10:11.359153+00:00</begin>
                  <end>2026-10-08T16:55:12.359153+00:00</end>
                </TimeSpan>
                <MultiGeometry>
                  <Polygon>
                    <altitudeMode>absolute</altitudeMode>
                    <outerBoundaryIs>
                      <LinearRing>
                        <coordinates>-96.65081588241792,32.71777251457099,120.04690397615684 -96.65102801622521,32.71801364924129,120.04690397615684 -96.65040703091847,32.71840034859007,120.04690397615684 -96.65011177421847,32.718148769436674,120.04690397615684</coordinates>
                      </LinearRing>
                    </outerBoundaryIs>
                  </Polygon>
                  <Polygon>
                    <altitudeMode>absolute</altitudeMode>
                    <outerBoundaryIs>
                      <LinearRing>
                        <coordinates>-96.65081588241792,32.71777251457099,150.02690397615683 -96.65102801622521,32.71801364924129,150.02690397615683 -96.65040703091847,32.71840034859007,150.02690397615683 -96.65011177421847,32.718148769436674,150.02690397615683</coordinates>
                      </LinearRing>
                    </outerBoundaryIs>
                  </Polygon>
                  <Polygon>
                    <altitudeMode>absolute</altitudeMode>
                    <outerBoundaryIs>
                      <LinearRing>
                        <coordinates>-96.65081588241792,32.71777251457099,120.04690397615684 -96.65081588241792,32.71777251457099,150.02690397615683 -96.65102801622521,32.71801364924129,150.02690397615683 -96.65102801622521,32.71801364924129,120.04690397615684</coordinates>
                      </LinearRing>
                    </outerBoundaryIs>
                  </Polygon>
                  <Polygon>
                    <altitudeMode>absolute</altitudeMode>
                    <outerBoundaryIs>
                      <LinearRing>
                        <coordinates>-96.65102801622521,32.71801364924129,120.04690397615684 -96.65102801622521,32.71801364924129,150.02690397615683 -96.65040703091847,32.71840034859007,150.02690397615683 -96.65040703091847,32.71840034859007,120.04690397615684</coordinates>
                      </LinearRing>
                    </outerBoundaryIs>
                  </Polygon>
                  <Polygon>
                    <altitudeMode>absolute</altitudeMode>
                    <outerBoundaryIs>
                      <LinearRing>
                        <coordinates>-96.65040703091847,32.71840034859007,120.04690397615684 -96.65040703091847,32.71840034859007,150.02690397615683 -96.65011177421847,32.718148769436674,150.02690397615683 -96.65011177421847,32.718148769436674,120.04690397615684</coordinates>
                      </LinearRing>
                    </outerBoundaryIs>
                  </Polygon>
                  <Polygon>
                    <altitudeMode>absolute</altitudeMode>
                    <outerBoundaryIs>
                      <LinearRing>
                        <coordinates>-96.65011177421847,32.718148769436674,120.04690397615684 -96.65011177421847,32.718148769436674,150.02690397615683 -96.65081588241792,32.71777251457099,150.02690397615683 -96.65081588241792,32.71777251457099,120.04690397615684</coordinates>
                      </LinearRing>
                    </outerBoundaryIs>
                  </Polygon>
                </MultiGeometry>
              </Placemark>
            </Folder>
          </Folder>
          <Folder>
            <name>E129: uss1_dss astm.f3548.v21.dss.queryOperationalIntentReferences</name>
            <Placemark>
              <name>area_of_interest</name>
              <styleUrl>#QueryArea</styleUrl>
              <description><![CDATA[<ul><li>uss1's Activated fa385bc7-9a90-4c79-aca9-013bdcd6ab8d[2]</li></ul>]]></description>
              <TimeSpan>
                <begin>2026-10-08T16:10:11.359153+00:00</begin>
                <end>2026-10-08T16:55:12.359153+00:00</end>
              </TimeSpan>
              <MultiGeometry>
                <Polygon>
                  <altitudeMode>absolute</altitudeMode>
                  <outerBoundaryIs>
                    <LinearRing>
                      <coordinates>-96.65102801622521,32.71777251457099,120.04684994850514 -96.65102801622521,32.71840034859007,120.04684994850514 -96.65011177421847,32.71840034859007,120.04684994850514 -96.65011177421847,32.71777251457099,120.04684994850514</coordinates>
                    </LinearRing>
                  </outerBoundaryIs>
                </Polygon>
                <Polygon>
                  <altitudeMode>absolute</altitudeMode>
                  <outerBoundaryIs>
                    <LinearRing>
                      <coordinates>-96.65102801622521,32.71777251457099,150.02684994850514 -96.65102801622521,32.71840034859007,150.02684994850514 -96.65011177421847,32.71840034859007,150.02684994850514 -96.65011177421847,32.71777251457099,150.02684994850514</coordinates>
                    </LinearRing>
                  </outerBoundaryIs>
                </Polygon>
                <Polygon>
                  <altitudeMode>absolute</altitudeMode>
                  <outerBoundaryIs>
                    <LinearRing>
                      <coordinates>-96.65102801622521,32.71777251457099,120.04684994850514 -96.65102801622521,32.71777251457099,150.02684994850514 -96.65102801622521,32.71840034859007,150.02684994850514 -96.65102801622521,32.71840034859007,120.04684994850514</coordinates>
                    </LinearRing>
                  </outerBoundaryIs>
                </Polygon>
                <Polygon>
                  <altitudeMode>absolute</altitudeMode>
                  <outerBoundaryIs>
                    <LinearRing>
                      <coordinates>-96.65102801622521,32.71840034859007,120.04684994850514 -96.65102801622521,32.71840034859007,150.02684994850514 -96.65011177421847,32.71840034859007,150.02684994850514 -96.65011177421847,32.71840034859007,120.04684994850514</coordinates>
                    </LinearRing>
                  </outerBoundaryIs>
                </Polygon>
                <Polygon>
                  <altitudeMode>absolute</altitudeMode>
                  <outerBoundaryIs>
                    <LinearRing>
                      <coordinates>-96.65011177421847,32.71840034859007,120.04684994850514 -96.65011177421847,32.71840034859007,150.02684994850514 -96.65011177421847,32.71777251457099,150.02684994850514 -96.65011177421847,32.71777251457099,120.04684994850514</coordinates>
                    </LinearRing>
                  </outerBoundaryIs>
                </Polygon>
                <Polygon>
                  <altitudeMode>absolute</altitudeMode>
                  <outerBoundaryIs>
                    <LinearRing>
                      <coordinates>-96.65011177421847,32.71777251457099,120.04684994850514 -96.65011177421847,32.71777251457099,150.02684994850514 -96.65102801622521,32.71777251457099,150.02684994850514 -96.65102801622521,32.71777251457099,120.04684994850514</coordinates>
                    </LinearRing>
                  </outerBoundaryIs>
                </Polygon>
              </MultiGeometry>
            </Placemark>
          </Folder>
          <Folder>
            <name>E134: uss1_core astm.f3548.v21.uss.getOperationalIntentDetails</name>
            <Folder>
              <name>uss1's P0 Activated fa385bc7-9a90-4c79-aca9-013bdcd6ab8d[2] @ VD-b1p1hANceI3hSH-JuSTxdDt1-2GOlNVsx.1P1nf8_</name>
              <Placemark>
                <name>Nominal volume 0</name>
                <styleUrl>#F3548v21Activated</styleUrl>
                <TimeSpan>
                  <begin>2026-10-08T16:10:12.379085+00:00</begin>
                  <end>2026-10-08T16:55:12.359153+00:00</end>
                </TimeSpan>
                <MultiGeometry>
                  <Polygon>
                    <altitudeMode>absolute</altitudeMode>
                    <outerBoundaryIs>
                      <LinearRing>
                        <coordinates>-96.65081588241792,32.71777251457099,120.04690397615684 -96.65102801622521,32.71801364924129,120.04690397615684 -96.65040703091847,32.71840034859007,120.04690397615684 -96.65011177421847,32.718148769436674,120.04690397615684</coordinates>
                      </LinearRing>
                    </outerBoundaryIs>
                  </Polygon>
                  <Polygon>
                    <altitudeMode>absolute</altitudeMode>
                    <outerBoundaryIs>
                      <LinearRing>
                        <coordinates>-96.65081588241792,32.71777251457099,150.02690397615683 -96.65102801622521,32.71801364924129,150.02690397615683 -96.65040703091847,32.71840034859007,150.02690397615683 -96.65011177421847,32.718148769436674,150.02690397615683</coordinates>
                      </LinearRing>
                    </outerBoundaryIs>
                  </Polygon>
                  <Polygon>
                    <altitudeMode>absolute</altitudeMode>
                    <outerBoundaryIs>
                      <LinearRing>
                        <coordinates>-96.65081588241792,32.71777251457099,120.04690397615684 -96.65081588241792,32.71777251457099,150.02690397615683 -96.65102801622521,32.71801364924129,150.02690397615683 -96.65102801622521,32.71801364924129,120.04690397615684</coordinates>
                      </LinearRing>
                    </outerBoundaryIs>
                  </Polygon>
                  <Polygon>
                    <altitudeMode>absolute</altitudeMode>
                    <outerBoundaryIs>
                      <LinearRing>
                        <coordinates>-96.65102801622521,32.71801364924129,120.04690397615684 -96.65102801622521,32.71801364924129,150.02690397615683 -96.65040703091847,32.71840034859007,150.02690397615683 -96.65040703091847,32.71840034859007,120.04690397615684</coordinates>
                      </LinearRing>
                    </outerBoundaryIs>
                  </Polygon>
                  <Polygon>
                    <altitudeMode>absolute</altitudeMode>
                    <outerBoundaryIs>
                      <LinearRing>
                        <coordinates>-96.65040703091847,32.71840034859007,120.04690397615684 -96.65040703091847,32.71840034859007,150.02690397615683 -96.65011177421847,32.718148769436674,150.02690397615683 -96.65011177421847,32.718148769436674,120.04690397615684</coordinates>
                      </LinearRing>
                    </outerBoundaryIs>
                  </Polygon>
                  <Polygon>
                    <altitudeMode>absolute</altitudeMode>
                    <outerBoundaryIs>
                      <LinearRing>
                        <coordinates>-96.65011177421847,32.718148769436674,120.04690397615684 -96.65011177421847,32.718148769436674,150.02690397615683 -96.65081588241792,32.71777251457099,150.02690397615683 -96.65081588241792,32.71777251457099,120.04690397615684</coordinates>
                      </LinearRing>
                    </outerBoundaryIs>
                  </Polygon>
                </MultiGeometry>
              </Placemark>
            </Folder>
          </Folder>
        </Folder>
        <Folder>
          <name>Plan Flight 2</name>
          <Folder>
            <name>E143: uss1_dss astm.f3548.v21.dss.queryOperationalIntentReferences</name>
            <Placemark>
              <name>area_of_interest</name>
              <styleUrl>#QueryArea</styleUrl>
              <description><![CDATA[<ul><li>uss1's Activated fa385bc7-9a90-4c79-aca9-013bdcd6ab8d[2]</li></ul>]]></description>
              <TimeSpan>
                <begin>2026-10-08T16:10:11.566079+00:00</begin>
                <end>2026-10-08T16:55:12.566079+00:00</end>
              </TimeSpan>
              <MultiGeometry>
                <Polygon>
                  <altitudeMode>absolute</altitudeMode>
                  <outerBoundaryIs>
                    <LinearRing>
                      <coordinates>-96.65116755902885,32.71782156372596,118.95766610520391 -96.65116755902885,32.718424400484075,118.95766610520391 -96.65063722327571,32.718424400484075,118.95766610520391 -96.65063722327571,32.71782156372596,118.95766610520391</coordinates>
                    </LinearRing>
                  </outerBoundaryIs>
                </Polygon>
                <Polygon>
                  <altitudeMode>absolute</altitudeMode>
                  <outerBoundaryIs>
                    <LinearRing>
                      <coordinates>-96.65116755902885,32.71782156372596,148.0276661052039 -96.65116755902885,32.718424400484075,148.0276661052039 -96.65063722327571,32.718424400484075,148.0276661052039 -96.65063722327571,32.71782156372596,148.0276661052039</coordinates>
                    </LinearRing>
                  </outerBoundaryIs>
                </Polygon>
                <Polygon>
                  <altitudeMode>absolute</altitudeMode>
                  <outerBoundaryIs>
                    <LinearRing>
                      <coordinates>-96.65116755902885,32.71782156372596,118.95766610520391 -96.65116755902885,32.71782156372596,148.0276661052039 -96.65116755902885,32.718424400484075,148.0276661052039 -96.65116755902885,32.718424400484075,118.95766610520391</coordinates>
                    </LinearRing>
                  </outerBoundaryIs>
                </Polygon>
                <Polygon>
                  <altitudeMode>absolute</altitudeMode>
                  <outerBoundaryIs>
                    <LinearRing>
                      <coordinates>-96.65116755902885,32.718424400484075,118.95766610520391 -96.65116755902885,32.718424400484075,148.0276661052039 -96.65063722327571,32.718424400484075,148.0276661052039 -96.65063722327571,32.718424400484075,118.95766610520391</coordinates>
                    </LinearRing>
                  </outerBoundaryIs>
                </Polygon>
                <Polygon>
                  <altitudeMode>absolute</altitudeMode>
                  <outerBoundaryIs>
                    <LinearRing>
                      <coordinates>-96.65063722327571,32.718424400484075,118.95766610520391 -96.65063722327571,32.718424400484075,148.0276661052039 -96.65063722327571,32.71782156372596,148.0276661052039 -96.65063722327571,32.71782156372596,118.95766610520391</coordinates>
                    </LinearRing>
                  </outerBoundaryIs>
                </Polygon>
                <Polygon>
                  <altitudeMode>absolute</altitudeMode>
                  <outerBoundaryIs>
                    <LinearRing>
                      <coordinates>-96.65063722327571,32.71782156372596,118.95766610520391 -96.65063722327571,32.71782156372596,148.0276661052039 -96.65116755902885,32.71782156372596,148.0276661052039 -96.65116755902885,32.71782156372596,118.95766610520391</coordinates>
                    </LinearRing>
                  </outerBoundaryIs>
                </Polygon>
              </MultiGeometry>
            </Placemark>
          </Folder>
          <Folder>
            <name>E145: uss2_core interuss.automated_testing.flight_planning.v1.UpsertFlightPlan</name>
            <Folder>
              <name>Activity Completed, flight Planned</name>
              <Placemark>
                <name>Volume 0</name>
                <styleUrl>#Planned_Nominal</styleUrl>
                <TimeSpan>
                  <begin>2026-10-08T16:10:11.566079+00:00</begin>
                  <end>2026-10-08T16:55:12.566079+00:00</end>
                </TimeSpan>
                <MultiGeometry>
                  <Polygon>
                    <altitudeMode>absolute</altitudeMode>
                    <outerBoundaryIs>
                      <LinearRing>
                        <coordinates>-96.65114649564616,32.71806428112804,118.95769826763826 -96.65063722327571,32.71782156372596,118.95769826763826 -96.6507289958687,32.71826206151871,118.95769826763826 -96.65116755902885,32.718424400484075,118.95769826763826</coordinates>
                      </LinearRing>
                    </outerBoundaryIs>
                  </Polygon>
                  <Polygon>
                    <altitudeMode>absolute</altitudeMode>
                    <outerBoundaryIs>
                      <LinearRing>
                        <coordinates>-96.65114649564616,32.71806428112804,148.02769826763827 -96.65063722327571,32.71782156372596,148.02769826763827 -96.6507289958687,32.71826206151871,148.02769826763827 -96.65116755902885,32.718424400484075,148.02769826763827</coordinates>
                      </LinearRing>
                    </outerBoundaryIs>
                  </Polygon>
                  <Polygon>
                    <altitudeMode>absolute</altitudeMode>
                    <outerBoundaryIs>
                      <LinearRing>
                        <coordinates>-96.65114649564616,32.71806428112804,118.95769826763826 -96.65114649564616,32.71806428112804,148.02769826763827 -96.65063722327571,32.71782156372596,148.02769826763827 -96.65063722327571,32.71782156372596,118.95769826763826</coordinates>
                      </LinearRing>
                    </outerBoundaryIs>
                  </Polygon>
                  <Polygon>
                    <altitudeMode>absolute</altitudeMode>
                    <outerBoundaryIs>
                      <LinearRing>
                        <coordinates>-96.65063722327571,32.71782156372596,118.95769826763826 -96.65063722327571,32.71782156372596,148.02769826763827 -96.6507289958687,32.71826206151871,148.02769826763827 -96.6507289958687,32.71826206151871,118.95769826763826</coordinates>
                      </LinearRing>
                    </outerBoundaryIs>
                  </Polygon>
                  <Polygon>
                    <altitudeMode>absolute</altitudeMode>
                    <outerBoundaryIs>
                      <LinearRing>
                        <coordinates>-96.6507289958687,32.71826206151871,118.95769826763826 -96.6507289958687,32.71826206151871,148.02769826763827 -96.65116755902885,32.718424400484075,148.02769826763827 -96.65116755902885,32.718424400484075,118.95769826763826</coordinates>
                      </LinearRing>
                    </outerBoundaryIs>
                  </Polygon>
                  <Polygon>
                    <altitudeMode>absolute</altitudeMode>
                    <outerBoundaryIs>
                      <LinearRing>
                        <coordinates>-96.65116755902885,32.718424400484075,118.95769826763826 -96.65116755902885,32.718424400484075,148.02769826763827 -96.65114649564616,32.71806428112804,148.02769826763827 -96.65114649564616,32.71806428112804,118.95769826763826</coordinates>
                      </LinearRing>
                    </outerBoundaryIs>
                  </Polygon>
                </MultiGeometry>
              </Placemark>
            </Folder>
          </Folder>
          <Folder>
            <name>E149: uss1_dss astm.f3548.v21.dss.queryOperationalIntentReferences</name>
            <Placemark>
              <name>area_of_interest</name>
              <styleUrl>#QueryArea</styleUrl>
              <description><![CDATA[<ul><li>uss2's Accepted 88a3e059-0b3f-4863-9d56-fbe2aff44d77[1]</li><li>uss1's Activated fa385bc7-9a90-4c79-aca9-013bdcd6ab8d[2]</li></ul>]]></description>
              <TimeSpan>
                <begin>2026-10-08T16:10:11.566079+00:00</begin>
                <end>2026-10-08T16:55:12.566079+00:00</end>
              </TimeSpan>
              <MultiGeometry>
                <Polygon>
                  <altitudeMode>absolute</altitudeMode>
                  <outerBoundaryIs>
                    <LinearRing>
                      <coordinates>-96.65116755902885,32.71782156372596,118.95766610520391 -96.65116755902885,32.718424400484075,118.95766610520391 -96.65063722327571,32.718424400484075,118.95766610520391 -96.65063722327571,32.71782156372596,118.95766610520391</coordinates>
                    </LinearRing>
                  </outerBoundaryIs>
                </Polygon>
                <Polygon>
                  <altitudeMode>absolute</altitudeMode>
                  <outerBoundaryIs>
                    <LinearRing>
                      <coordinates>-96.65116755902885,32.71782156372596,148.0276661052039 -96.65116755902885,32.718424400484075,148.0276661052039 -96.65063722327571,32.718424400484075,148.0276661052039 -96.65063722327571,32.71782156372596,148.0276661052039</coordinates>
                    </LinearRing>
                  </outerBoundaryIs>
                </Polygon>
                <Polygon>
                  <altitudeMode>absolute</altitudeMode>
                  <outerBoundaryIs>
                    <LinearRing>
                      <coordinates>-96.65116755902885,32.71782156372596,118.95766610520391 -96.65116755902885,32.71782156372596,148.0276661052039 -96.65116755902885,32.718424400484075,148.0276661052039 -96.65116755902885,32.718424400484075,118.95766610520391</coordinates>
                    </LinearRing>
                  </outerBoundaryIs>
                </Polygon>
                <Polygon>
                  <altitudeMode>absolute</altitudeMode>
                  <outerBoundaryIs>
                    <LinearRing>
                      <coordinates>-96.65116755902885,32.718424400484075,118.95766610520391 -96.65116755902885,32.718424400484075,148.0276661052039 -96.65063722327571,32.718424400484075,148.0276661052039 -96.65063722327571,32.718424400484075,118.95766610520391</coordinates>
                    </LinearRing>
                  </outerBoundaryIs>
                </Polygon>
                <Polygon>
                  <altitudeMode>absolute</altitudeMode>
                  <outerBoundaryIs>
                    <LinearRing>
                      <coordinates>-96.65063722327571,32.718424400484075,118.95766610520391 -96.65063722327571,32.718424400484075,148.0276661052039 -96.65063722327571,32.71782156372596,148.0276661052039 -96.65063722327571,32.71782156372596,118.95766610520391</coordinates>
                    </LinearRing>
                  </outerBoundaryIs>
                </Polygon>
                <Polygon>
                  <altitudeMode>absolute</altitudeMode>
                  <outerBoundaryIs>
                    <LinearRing>
                      <coordinates>-96.65063722327571,32.71782156372596,118.95766610520391 -96.65063722327571,32.71782156372596,148.0276661052039 -96.65116755902885,32.71782156372596,148.0276661052039 -96.65116755902885,32.71782156372596,118.95766610520391</coordinates>
                    </LinearRing>
                  </outerBoundaryIs>
                </Polygon>
              </MultiGeometry>
            </Placemark>
          </Folder>
          <Folder>
            <name>E153: uss2_core astm.f3548.v21.uss.getOperationalIntentDetails</name>
            <Folder>
              <name>uss2's P100 Accepted 88a3e059-0b3f-4863-9d56-fbe2aff44d77[1] @ KeOz2AQPsM1VpCZsPzJc9HCefVy8lKo9mM0duDOhcBM_</name>
              <Placemark>
                <name>Nominal volume 0</name>
                <styleUrl>#F3548v21Accepted</styleUrl>
                <TimeSpan>
                  <begin>2026-10-08T16:10:12.584351+00:00</begin>
                  <end>2026-10-08T16:55:12.566079+00:00</end>
                </TimeSpan>
                <MultiGeometry>
                  <Polygon>
                    <altitudeMode>absolute</altitudeMode>
                    <outerBoundaryIs>
                      <LinearRing>
                        <coordinates>-96.65114649564616,32.71806428112804,118.95769826763826 -96.65063722327571,32.71782156372596,118.95769826763826 -96.6507289958687,32.71826206151871,118.95769826763826 -96.65116755902885,32.718424400484075,118.95769826763826</coordinates>
                      </LinearRing>
                    </outerBoundaryIs>
                  </Polygon>
                  <Polygon>
                    <altitudeMode>absolute</altitudeMode>
                    <outerBoundaryIs>
                      <LinearRing>
                        <coordinates>-96.65114649564616,32.71806428112804,148.02769826763827 -96.65063722327571,32.71782156372596,148.02769826763827 -96.6507289958687,32.71826206151871,148.02769826763827 -96.65116755902885,32.718424400484075,148.02769826763827</coordinates>
                      </LinearRing>
                    </outerBoundaryIs>
                  </Polygon>
                  <Polygon>
                    <altitudeMode>absolute</altitudeMode>
                    <outerBoundaryIs>
                      <LinearRing>
                        <coordinates>-96.65114649564616,32.71806428112804,118.95769826763826 -96.65114649564616,32.71806428112804,148.02769826763827 -96.65063722327571,32.71782156372596,148.02769826763827 -96.65063722327571,32.71782156372596,118.95769826763826</coordinates>
                      </LinearRing>
                    </outerBoundaryIs>
                  </Polygon>
                  <Polygon>
                    <altitudeMode>absolute</altitudeMode>
                    <outerBoundaryIs>
                      <LinearRing>
                        <coordinates>-96.65063722327571,32.71782156372596,118.95769826763826 -96.65063722327571,32.71782156372596,148.02769826763827 -96.6507289958687,32.71826206151871,148.02769826763827 -96.6507289958687,32.71826206151871,118.95769826763826</coordinates>
                      </LinearRing>
                    </outerBoundaryIs>
                  </Polygon>
                  <Polygon>
                    <altitudeMode>absolute</altitudeMode>
                    <outerBoundaryIs>
                      <LinearRing>
                        <coordinates>-96.6507289958687,32.71826206151871,118.95769826763826 -96.6507289958687,32.71826206151871,148.02769826763827 -96.65116755902885,32.718424400484075,148.02769826763827 -96.65116755902885,32.718424400484075,118.95769826763826</coordinates>
                      </LinearRing>
                    </outerBoundaryIs>
                  </Polygon>
                  <Polygon>
                    <altitudeMode>absolute</altitudeMode>
                    <outerBoundaryIs>
                      <LinearRing>
                        <coordinates>-96.65116755902885,32.718424400484075,118.95769826763826 -96.65116755902885,32.718424400484075,148.02769826763827 -96.65114649564616,32.71806428112804,148.02769826763827 -96.65114649564616,32.71806428112804,118.95769826763826</coordinates>
                      </LinearRing>
                    </outerBoundaryIs>
                  </Polygon>
                </MultiGeometry>
              </Placemark>
            </Folder>
          </Folder>
        </Folder>
        <Folder>
          <name>Activate Flight 2</name>
          <Folder>
            <name>E166: uss1_dss astm.f3548.v21.dss.queryOperationalIntentReferences</name>
            <Placemark>
              <name>area_of_interest</name>
              <styleUrl>#QueryArea</styleUrl>
              <description><![CDATA[<ul><li>uss2's Accepted 88a3e059-0b3f-4863-9d56-fbe2aff44d77[1]</li><li>uss1's Activated fa385bc7-9a90-4c79-aca9-013bdcd6ab8d[2]</li></ul>]]></description>
              <TimeSpan>
                <begin>2026-10-08T16:10:11.832510+00:00</begin>
                <end>2026-10-08T16:55:12.832510+00:00</end>
              </TimeSpan>
              <MultiGeometry>
                <Polygon>
                  <altitudeMode>absolute</altitudeMode>
                  <outerBoundaryIs>
                    <LinearRing>
                      <coordinates>-96.65116755902885,32.71782156372596,120.10766610520389 -96.65116755902885,32.718424400484075,120.10766610520389 -96.65063722327571,32.718424400484075,120.10766610520389 -96.65063722327571,32.71782156372596,120.10766610520389</coordinates>
                    </LinearRing>
                  </outerBoundaryIs>
                </Polygon>
                <Polygon>
                  <altitudeMode>absolute</altitudeMode>
                  <outerBoundaryIs>
                    <LinearRing>
                      <coordinates>-96.65116755902885,32.71782156372596,148.0276661052039 -96.65116755902885,32.718424400484075,148.0276661052039 -96.65063722327571,32.718424400484075,148.0276661052039 -96.65063722327571,32.71782156372596,148.0276661052039</coordinates>
                    </LinearRing>
                  </outerBoundaryIs>
                </Polygon>
                <Polygon>
                  <altitudeMode>absolute</altitudeMode>
                  <outerBoundaryIs>
                    <LinearRing>
                      <coordinates>-96.65116755902885,32.71782156372596,120.10766610520389 -96.65116755902885,32.71782156372596,148.0276661052039 -96.65116755902885,32.718424400484075,148.0276661052039 -96.65116755902885,32.718424400484075,120.10766610520389</coordinates>
                    </LinearRing>
                  </outerBoundaryIs>
                </Polygon>
                <Polygon>
                  <altitudeMode>absolute</altitudeMode>
                  <outerBoundaryIs>
                    <LinearRing>
                      <coordinates>-96.65116755902885,32.718424400484075,120.10766610520389 -96.65116755902885,32.718424400484075,148.0276661052039 -96.65063722327571,32.718424400484075,148.0276661052039 -96.65063722327571,32.718424400484075,120.10766610520389</coordinates>
                    </LinearRing>
                  </outerBoundaryIs>
                </Polygon>
                <Polygon>
                  <altitudeMode>absolute</altitudeMode>
                  <outerBoundaryIs>
                    <LinearRing>
                      <coordinates>-96.65063722327571,32.718424400484075,120.10766610520389 -96.65063722327571,32.718424400484075,148.0276661052039 -96.65063722327571,32.71782156372596,148.0276661052039 -96.65063722327571,32.71782156372596,120.10766610520389</coordinates>
                    </LinearRing>
                  </outerBoundaryIs>
                </Polygon>
                <Polygon>
                  <altitudeMode>absolute</altitudeMode>
                  <outerBoundaryIs>
                    <LinearRing>
                      <coordinates>-96.65063722327571,32.71782156372596,120.10766610520389 -96.65063722327571,32.71782156372596,148.0276661052039 -96.65116755902885,32.71782156372596,148.0276661052039 -96.65116755902885,32.71782156372596,120.10766610520389</coordinates>
                    </LinearRing>
                  </outerBoundaryIs>
                </Polygon>
              </MultiGeometry>
            </Placemark>
          </Folder>
          <Folder>
            <name>E168: uss2_core interuss.automated_testing.flight_planning.v1.UpsertFlightPlan</name>
            <Folder>
              <name>Activity Completed, flight OkToFly</name>
              <Placemark>
                <name>Volume 0</name>
                <styleUrl>#InUse_Nominal</styleUrl>
                <TimeSpan>
                  <begin>2026-10-08T16:10:11.832510+00:00</begin>
                  <end>2026-10-08T16:55:12.832510+00:00</end>
                </TimeSpan>
                <MultiGeometry>
                  <Polygon>
                    <altitudeMode>absolute</altitudeMode>
                    <outerBoundaryIs>
                      <LinearRing>
                        <coordinates>-96.65114649564616,32.71806428112804,120.10769826763826 -96.65063722327571,32.71782156372596,120.10769826763826 -96.6507289958687,32.71826206151871,120.10769826763826 -96.65116755902885,32.718424400484075,120.10769826763826</coordinates>
                      </LinearRing>
                    </outerBoundaryIs>
                  </Polygon>
                  <Polygon>
                    <altitudeMode>absolute</altitudeMode>
                    <outerBoundaryIs>
                      <LinearRing>
                        <coordinates>-96.65114649564616,32.71806428112804,148.02769826763827 -96.65063722327571,32.71782156372596,148.02769826763827 -96.6507289958687,32.71826206151871,148.02769826763827 -96.65116755902885,32.718424400484075,148.02769826763827</coordinates>
                      </LinearRing>
                    </outerBoundaryIs>
                  </Polygon>
                  <Polygon>
                    <altitudeMode>absolute</altitudeMode>
                    <outerBoundaryIs>
                      <LinearRing>
                        <coordinates>-96.65114649564616,32.71806428112804,120.10769826763826 -96.65114649564616,32.71806428112804,148.02769826763827 -96.65063722327571,32.71782156372596,148.02769826763827 -96.65063722327571,32.71782156372596,120.10769826763826</coordinates>
                      </LinearRing>
                    </outerBoundaryIs>
                  </Polygon>
                  <Polygon>
                    <altitudeMode>absolute</altitudeMode>
                    <outerBoundaryIs>
                      <LinearRing>
                        <coordinates>-96.65063722327571,32.71782156372596,120.10769826763826 -96.65063722327571,32.71782156372596,148.02769826763827 -96.6507289958687,32.71826206151871,148.02769826763827 -96.6507289958687,32.71826206151871,120.10769826763826</coordinates>
                      </LinearRing>
                    </outerBoundaryIs>
                  </Polygon>
                  <Polygon>
                    <altitudeMode>absolute</altitudeMode>
                    <outerBoundaryIs>
                      <LinearRing>
                        <coordinates>-96.6507289958687,32.71826206151871,120.10769826763826 -96.6507289958687,32.71826206151871,148.02769826763827 -96.65116755902885,32.718424400484075,148.02769826763827 -96.65116755902885,32.718424400484075,120.10769826763826</coordinates>
                      </LinearRing>
                    </outerBoundaryIs>
                  </Polygon>
                  <Polygon>
                    <altitudeMode>absolute</altitudeMode>
                    <outerBoundaryIs>
                      <LinearRing>
                        <coordinates>-96.65116755902885,32.718424400484075,120.10769826763826 -96.65116755902885,32.718424400484075,148.02769826763827 -96.65114649564616,32.71806428112804,148.02769826763827 -96.65114649564616,32.71806428112804,120.10769826763826</coordinates>
                      </LinearRing>
                    </outerBoundaryIs>
                  </Polygon>
                </MultiGeometry>
              </Placemark>
            </Folder>
          </Folder>
          <Folder>
            <name>E172: uss1_dss astm.f3548.v21.dss.queryOperationalIntentReferences</name>
            <Placemark>
              <name>area_of_interest</name>
              <styleUrl>#QueryArea</styleUrl>
              <description><![CDATA[<ul><li>uss2's Activated 88a3e059-0b3f-4863-9d56-fbe2aff44d77[2]</li><li>uss1's Activated fa385bc7-9a90-4c79-aca9-013bdcd6ab8d[2]</li></ul>]]></description>
              <TimeSpan>
                <begin>2026-10-08T16:10:11.832510+00:00</begin>
                <end>2026-10-08T16:55:12.832510+00:00</end>
              </TimeSpan>
              <MultiGeometry>
                <Polygon>
                  <altitudeMode>absolute</altitudeMode>
                  <outerBoundaryIs>
                    <LinearRing>
                      <coordinates>-96.65116755902885,32.71782156372596,120.10766610520389 -96.65116755902885,32.718424400484075,120.10766610520389 -96.65063722327571,32.718424400484075,120.10766610520389 -96.65063722327571,32.71782156372596,120.10766610520389</coordinates>
                    </LinearRing>
                  </outerBoundaryIs>
                </Polygon>
                <Polygon>
                  <altitudeMode>absolute</altitudeMode>
                  <outerBoundaryIs>
                    <LinearRing>
                      <coordinates>-96.65116755902885,32.71782156372596,148.0276661052039 -96.65116755902885,32.718424400484075,148.0276661052039 -96.65063722327571,32.718424400484075,148.0276661052039 -96.65063722327571,32.71782156372596,148.0276661052039</coordinates>
                    </LinearRing>
                  </outerBoundaryIs>
                </Polygon>
                <Polygon>
                  <altitudeMode>absolute</altitudeMode>
                  <outerBoundaryIs>
                    <LinearRing>
                      <coordinates>-96.65116755902885,32.71782156372596,120.10766610520389 -96.65116755902885,32.71782156372596,148.0276661052039 -96.65116755902885,32.718424400484075,148.0276661052039 -96.65116755902885,32.718424400484075,120.10766610520389</coordinates>
                    </LinearRing>
                  </outerBoundaryIs>
                </Polygon>
                <Polygon>
                  <altitudeMode>absolute</altitudeMode>
                  <outerBoundaryIs>
                    <LinearRing>
                      <coordinates>-96.65116755902885,32.718424400484075,120.10766610520389 -96.65116755902885,32.718424400484075,148.0276661052039 -96.65063722327571,32.718424400484075,148.0276661052039 -96.65063722327571,32.718424400484075,120.10766610520389</coordinates>
                    </LinearRing>
                  </outerBoundaryIs>
                </Polygon>
                <Polygon>
                  <altitudeMode>absolute</altitudeMode>
                  <outerBoundaryIs>
                    <LinearRing>
                      <coordinates>-96.65063722327571,32.718424400484075,120.10766610520389 -96.65063722327571,32.718424400484075,148.0276661052039 -96.65063722327571,32.71782156372596,148.0276661052039 -96.65063722327571,32.71782156372596,120.10766610520389</coordinates>
                    </LinearRing>
                  </outerBoundaryIs>
                </Polygon>
                <Polygon>
                  <altitudeMode>absolute</altitudeMode>
                  <outerBoundaryIs>
                    <LinearRing>
                      <coordinates>-96.65063722327571,32.71782156372596,120.10766610520389 -96.65063722327571,32.71782156372596,148.0276661052039 -96.65116755902885,32.71782156372596,148.0276661052039 -96.65116755902885,32.71782156372596,120.10766610520389</coordinates>
                    </LinearRing>
                  </outerBoundaryIs>
                </Polygon>
              </MultiGeometry>
            </Placemark>
          </Folder>
          <Folder>
            <name>E177: uss2_core astm.f3548.v21.uss.getOperationalIntentDetails</name>
            <Folder>
              <name>uss2's P100 Activated 88a3e059-0b3f-4863-9d56-fbe2aff44d77[2] @ LeIrrVywU4Gwy3DBipXcLQV-k4BisR1.vKqOxyOxkUA_</name>
              <Placemark>
                <name>Nominal volume 0</name>
                <styleUrl>#F3548v21Activated</styleUrl>
                <TimeSpan>
                  <begin>2026-10-08T16:10:12.851732+00:00</begin>
                  <end>2026-10-08T16:55:12.832510+00:00</end>
                </TimeSpan>
                <MultiGeometry>
                  <Polygon>
                    <altitudeMode>absolute</altitudeMode>
                    <outerBoundaryIs>
                      <LinearRing>
                        <coordinates>-96.65114649564616,32.71806428112804,120.10769826763826 -96.65063722327571,32.71782156372596,120.10769826763826 -96.6507289958687,32.71826206151871,120.10769826763826 -96.65116755902885,32.718424400484075,120.10769826763826</coordinates>
                      </LinearRing>
                    </outerBoundaryIs>
                  </Polygon>
                  <Polygon>
                    <altitudeMode>absolute</altitudeMode>
                    <outerBoundaryIs>
                      <LinearRing>
                        <coordinates>-96.65114649564616,32.71806428112804,148.02769826763827 -96.65063722327571,32.71782156372596,148.02769826763827 -96.6507289958687,32.71826206151871,148.02769826763827 -96.65116755902885,32.718424400484075,148.02769826763827</coordinates>
                      </LinearRing>
                    </outerBoundaryIs>
                  </Polygon>
                  <Polygon>
                    <altitudeMode>absolute</altitudeMode>
                    <outerBoundaryIs>
                      <LinearRing>
                        <coordinates>-96.65114649564616,32.71806428112804,120.10769826763826 -96.65114649564616,32.71806428112804,148.02769826763827 -96.65063722327571,32.71782156372596,148.02769826763827 -96.65063722327571,32.71782156372596,120.10769826763826</coordinates>
                      </LinearRing>
                    </outerBoundaryIs>
                  </Polygon>
                  <Polygon>
                    <altitudeMode>absolute</altitudeMode>
                    <outerBoundaryIs>
                      <LinearRing>
                        <coordinates>-96.65063722327571,32.71782156372596,120.10769826763826 -96.65063722327571,32.71782156372596,148.02769826763827 -96.6507289958687,32.71826206151871,148.02769826763827 -96.6507289958687,32.71826206151871,120.10769826763826</coordinates>
                      </LinearRing>
                    </outerBoundaryIs>
                  </Polygon>
                  <Polygon>
                    <altitudeMode>absolute</altitudeMode>
                    <outerBoundaryIs>
                      <LinearRing>
                        <coordinates>-96.6507289958687,32.71826206151871,120.10769826763826 -96.6507289958687,32.71826206151871,148.02769826763827 -96.65116755902885,32.718424400484075,148.02769826763827 -96.65116755902885,32.718424400484075,120.10769826763826</coordinates>
                      </LinearRing>
                    </outerBoundaryIs>
                  </Polygon>
                  <Polygon>
                    <altitudeMode>absolute</altitudeMode>
                    <outerBoundaryIs>
                      <LinearRing>
                        <coordinates>-96.65116755902885,32.718424400484075,120.10769826763826 -96.65116755902885,32.718424400484075,148.02769826763827 -96.65114649564616,32.71806428112804,148.02769826763827 -96.65114649564616,32.71806428112804,120.10769826763826</coordinates>
                      </LinearRing>
                    </outerBoundaryIs>
                  </Polygon>
                </MultiGeometry>
              </Placemark>
            </Folder>
          </Folder>
        </Folder>
        <Folder>
          <name>Check for conflict notifications</name>
        </Folder>
        <Folder>
          <name>Modify activated Flight 1 in conflict with activated Flight 2</name>
          <Folder>
            <name>E194: uss1_dss astm.f3548.v21.dss.queryOperationalIntentReferences</name>
            <Placemark>
              <name>area_of_interest</name>
              <styleUrl>#QueryArea</styleUrl>
              <description><![CDATA[<ul><li>uss2's Activated 88a3e059-0b3f-4863-9d56-fbe2aff44d77[2]</li><li>uss1's Activated fa385bc7-9a90-4c79-aca9-013bdcd6ab8d[2]</li></ul>]]></description>
              <TimeSpan>
                <begin>2026-10-08T16:10:11.990047+00:00</begin>
                <end>2026-10-08T16:55:12.990047+00:00</end>
              </TimeSpan>
              <MultiGeometry>
                <Polygon>
                  <altitudeMode>absolute</altitudeMode>
                  <outerBoundaryIs>
                    <LinearRing>
                      <coordinates>-96.65102801622521,32.71777251457099,89.97684994850515 -96.65102801622521,32.71840034859007,89.97684994850515 -96.65011177421847,32.71840034859007,89.97684994850515 -96.65011177421847,32.71777251457099,89.97684994850515</coordinates>
                    </LinearRing>
                  </outerBoundaryIs>
                </Polygon>
                <Polygon>
                  <altitudeMode>absolute</altitudeMode>
                  <outerBoundaryIs>
                    <LinearRing>
                      <coordinates>-96.65102801622521,32.71777251457099,150.02684994850514 -96.65102801622521,32.71840034859007,150.02684994850514 -96.65011177421847,32.71840034859007,150.02684994850514 -96.65011177421847,32.71777251457099,150.02684994850514</coordinates>
                    </LinearRing>
                  </outerBoundaryIs>
                </Polygon>
                <Polygon>
                  <altitudeMode>absolute</altitudeMode>
                  <outerBoundaryIs>
                    <LinearRing>
                      <coordinates>-96.65102801622521,32.71777251457099,89.97684994850515 -96.65102801622521,32.71777251457099,150.02684994850514 -96.65102801622521,32.71840034859007,150.02684994850514 -96.65102801622521,32.71840034859007,89.97684994850515</coordinates>
                    </LinearRing>
                  </outerBoundaryIs>
                </Polygon>
                <Polygon>
                  <altitudeMode>absolute</altitudeMode>
                  <outerBoundaryIs>
                    <LinearRing>
                      <coordinates>-96.65102801622521,32.71840034859007,89.97684994850515 -96.65102801622521,32.71840034859007,150.02684994850514 -96.65011177421847,32.71840034859007,150.02684994850514 -96.65011177421847,32.71840034859007,89.97684994850515</coordinates>
                    </LinearRing>
                  </outerBoundaryIs>
                </Polygon>
                <Polygon>
                  <altitudeMode>absolute</altitudeMode>
                  <outerBoundaryIs>
                    <LinearRing>
                      <coordinates>-96.65011177421847,32.71840034859007,89.97684994850515 -96.65011177421847,32.71840034859007,150.02684994850514 -96.65011177421847,32.71777251457099,150.02684994850514 -96.65011177421847,32.71777251457099,89.97684994850515</coordinates>
                    </LinearRing>
                  </outerBoundaryIs>
                </Polygon>
                <Polygon>
                  <altitudeMode>absolute</altitudeMode>
                  <outerBoundaryIs>
                    <LinearRing>
                      <coordinates>-96.65011177421847,32.71777251457099,89.97684994850515 -96.65011177421847,32.71777251457099,150.02684994850514 -96.65102801622521,32.71777251457099,150.02684994850514 -96.65102801622521,32.71777251457099,89.97684994850515</coordinates>
                    </LinearRing>
                  </outerBoundaryIs>
                </Polygon>
              </MultiGeometry>
            </Placemark>
          </Folder>
          <Folder>
            <name>E196: uss1_core interuss.automated_testing.flight_planning.v1.UpsertFlightPlan</name>
            <Folder>
              <name>Activity Completed, flight OkToFly</name>
              <Placemark>
                <name>Volume 0</name>
                <styleUrl>#InUse_Nominal</styleUrl>
                <TimeSpan>
                  <begin>2026-10-08T16:10:11.990047+00:00</begin>
                  <end>2026-10-08T16:55:12.990047+00:00</end>
                </TimeSpan>
                <MultiGeometry>
                  <Polygon>
                    <altitudeMode>absolute</altitudeMode>
                    <outerBoundaryIs>
                      <LinearRing>
                        <coordinates>-96.65057704284462,32.71792124504982,89.97655678245457 -96.65078917635991,32.718162380122266,89.97655678245457 -96.65040703091847,32.71840034859007,89.97655678245457 -96.65011177421847,32.718148769436674,89.97655678245457</coordinates>
                      </LinearRing>
                    </outerBoundaryIs>
                  </Polygon>
                  <Polygon>
                    <altitudeMode>absolute</altitudeMode>
                    <outerBoundaryIs>
                      <LinearRing>
                        <coordinates>-96.65057704284462,32.71792124504982,150.02655678245458 -96.65078917635991,32.718162380122266,150.02655678245458 -96.65040703091847,32.71840034859007,150.02655678245458 -96.65011177421847,32.718148769436674,150.02655678245458</coordinates>
                      </LinearRing>
                    </outerBoundaryIs>
                  </Polygon>
                  <Polygon>
                    <altitudeMode>absolute</altitudeMode>
                    <outerBoundaryIs>
                      <LinearRing>
                        <coordinates>-96.65057704284462,32.71792124504982,89.97655678245457 -96.65057704284462,32.71792124504982,150.02655678245458 -96.65078917635991,32.718162380122266,150.02655678245458 -96.65078917635991,32.718162380122266,89.97655678245457</coordinates>
                      </LinearRing>
                    </outerBoundaryIs>
                  </Polygon>
                  <Polygon>
                    <altitudeMode>absolute</altitudeMode>
                    <outerBoundaryIs>
                      <LinearRing>
                        <coordinates>-96.65078917635991,32.718162380122266,89.97655678245457 -96.65078917635991,32.718162380122266,150.02655678245458 -96.65040703091847,32.71840034859007,150.02655678245458 -96.65040703091847,32.71840034859007,89.97655678245457</coordinates>
                      </LinearRing>
                    </outerBoundaryIs>
                  </Polygon>
                  <Polygon>
                    <altitudeMode>absolute</altitudeMode>
                    <outerBoundaryIs>
                      <LinearRing>
                        <coordinates>-96.65040703091847,32.71840034859007,89.97655678245457 -96.65040703091847,32.71840034859007,150.02655678245458 -96.65011177421847,32.718148769436674,150.02655678245458 -96.65011177421847,32.718148769436674,89.97655678245457</coordinates>
                      </LinearRing>
                    </outerBoundaryIs>
                  </Polygon>
                  <Polygon>
                    <altitudeMode>absolute</altitudeMode>
                    <outerBoundaryIs>
                      <LinearRing>
                        <coordinates>-96.65011177421847,32.718148769436674,89.97655678245457 -96.65011177421847,32.718148769436674,150.02655678245458 -96.65057704284462,32.71792124504982,150.02655678245458 -96.65057704284462,32.71792124504982,89.97655678245457</coordinates>
                      </LinearRing>
                    </outerBoundaryIs>
                  </Polygon>
                </MultiGeometry>
              </Placemark>
            </Folder>
          </Folder>
          <Folder>
            <name>E201: uss1_dss astm.f3548.v21.dss.queryOperationalIntentReferences</name>
            <Placemark>
              <name>area_of_interest</name>
              <styleUrl>#QueryArea</styleUrl>
              <description><![CDATA[<ul><li>uss2's Activated 88a3e059-0b3f-4863-9d56-fbe2aff44d77[2]</li><li>uss1's Activated fa385bc7-9a90-4c79-aca9-013bdcd6ab8d[3]</li></ul>]]></description>
              <TimeSpan>
                <begin>2026-10-08T16:10:11.990047+00:00</begin>
                <end>2026-10-08T16:55:12.990047+00:00</end>
              </TimeSpan>
              <MultiGeometry>
                <Polygon>
                  <altitudeMode>absolute</altitudeMode>
                  <outerBoundaryIs>
                    <LinearRing>
                      <coordinates>-96.65102801622521,32.71777251457099,89.97684994850515 -96.65102801622521,32.71840034859007,89.97684994850515 -96.65011177421847,32.71840034859007,89.97684994850515 -96.65011177421847,32.71777251457099,89.97684994850515</coordinates>
                    </LinearRing>
                  </outerBoundaryIs>
                </Polygon>
                <Polygon>
                  <altitudeMode>absolute</altitudeMode>
                  <outerBoundaryIs>
                    <LinearRing>
                      <coordinates>-96.65102801622521,32.71777251457099,150.02684994850514 -96.65102801622521,32.71840034859007,150.02684994850514 -96.65011177421847,32.71840034859007,150.02684994850514 -96.65011177421847,32.71777251457099,150.02684994850514</coordinates>
                    </LinearRing>
                  </outerBoundaryIs>
                </Polygon>
                <Polygon>
                  <altitudeMode>absolute</altitudeMode>
                  <outerBoundaryIs>
                    <LinearRing>
                      <coordinates>-96.65102801622521,32.71777251457099,89.97684994850515 -96.65102801622521,32.71777251457099,150.02684994850514 -96.65102801622521,32.71840034859007,150.02684994850514 -96.65102801622521,32.71840034859007,89.97684994850515</coordinates>
                    </LinearRing>
                  </outerBoundaryIs>
                </Polygon>
                <Polygon>
                  <altitudeMode>absolute</altitudeMode>
                  <outerBoundaryIs>
                    <LinearRing>
                      <coordinates>-96.65102801622521,32.71840034859007,89.97684994850515 -96.65102801622521,32.71840034859007,150.02684994850514 -96.65011177421847,32.71840034859007,150.02684994850514 -96.65011177421847,32.71840034859007,89.97684994850515</coordinates>
                    </LinearRing>
                  </outerBoundaryIs>
                </Polygon>
                <Polygon>
                  <altitudeMode>absolute</altitudeMode>
                  <outerBoundaryIs>
                    <LinearRing>
                      <coordinates>-96.65011177421847,32.71840034859007,89.97684994850515 -96.65011177421847,32.71840034859007,150.02684994850514 -96.65011177421847,32.71777251457099,150.02684994850514 -96.65011177421847,32.71777251457099,89.97684994850515</coordinates>
                    </LinearRing>
                  </outerBoundaryIs>
                </Polygon>
                <Polygon>
                  <altitudeMode>absolute</altitudeMode>
                  <outerBoundaryIs>
                    <LinearRing>
                      <coordinates>-96.65011177421847,32.71777251457099,89.97684994850515 -96.65011177421847,32.71777251457099,150.02684994850514 -96.65102801622521,32.71777251457099,150.02684994850514 -96.65102801622521,32.71777251457099,89.97684994850515</coordinates>
                    </LinearRing>
                  </outerBoundaryIs>
                </Polygon>
              </MultiGeometry>
            </Placemark>
          </Folder>
          <Folder>
            <name>E206: uss1_core astm.f3548.v21.uss.getOperationalIntentDetails</name>
            <Folder>
              <name>uss1's P0 Activated fa385bc7-9a90-4c79-aca9-013bdcd6ab8d[3] @ -rru6GbW.IHyipJPpzvRmWDkbI32g-luu-m2crGMfL4_</name>
              <Placemark>
                <name>Nominal volume 0</name>
                <styleUrl>#F3548v21Activated</styleUrl>
                <TimeSpan>
                  <begin>2026-10-08T16:10:13.013084+00:00</begin>
                  <end>2026-10-08T16:55:12.990047+00:00</end>
                </TimeSpan>
                <MultiGeometry>
                  <Polygon>
                    <altitudeMode>absolute</altitudeMode>
                    <outerBoundaryIs>
                      <LinearRing>
                        <coordinates>-96.65057704284462,32.71792124504982,89.97655678245457 -96.65078917635991,32.718162380122266,89.97655678245457 -96.65040703091847,32.71840034859007,89.97655678245457 -96.65011177421847,32.718148769436674,89.97655678245457</coordinates>
                      </LinearRing>
                    </outerBoundaryIs>
                  </Polygon>
                  <Polygon>
                    <altitudeMode>absolute</altitudeMode>
                    <outerBoundaryIs>
                      <LinearRing>
                        <coordinates>-96.65057704284462,32.71792124504982,150.02655678245458 -96.65078917635991,32.718162380122266,150.02655678245458 -96.65040703091847,32.71840034859007,150.02655678245458 -96.65011177421847,32.718148769436674,150.02655678245458</coordinates>
                      </LinearRing>
                    </outerBoundaryIs>
                  </Polygon>
                  <Polygon>
                    <altitudeMode>absolute</altitudeMode>
                    <outerBoundaryIs>
                      <LinearRing>
                        <coordinates>-96.65057704284462,32.71792124504982,89.97655678245457 -96.65057704284462,32.71792124504982,150.02655678245458 -96.65078917635991,32.718162380122266,150.02655678245458 -96.65078917635991,32.718162380122266,89.97655678245457</coordinates>
                      </LinearRing>
                    </outerBoundaryIs>
                  </Polygon>
                  <Polygon>
                    <altitudeMode>absolute</altitudeMode>
                    <outerBoundaryIs>
                      <LinearRing>
                        <coordinates>-96.65078917635991,32.718162380122266,89.97655678245457 -96.65078917635991,32.718162380122266,150.02655678245458 -96.65040703091847,32.71840034859007,150.02655678245458 -96.65040703091847,32.71840034859007,89.97655678245457</coordinates>
                      </LinearRing>
                    </outerBoundaryIs>
                  </Polygon>
                  <Polygon>
                    <altitudeMode>absolute</altitudeMode>
                    <outerBoundaryIs>
                      <LinearRing>
                        <coordinates>-96.65040703091847,32.71840034859007,89.97655678245457 -96.65040703091847,32.71840034859007,150.02655678245458 -96.65011177421847,32.718148769436674,150.02655678245458 -96.65011177421847,32.718148769436674,89.97655678245457</coordinates>
                      </LinearRing>
                    </outerBoundaryIs>
                  </Polygon>
                  <Polygon>
                    <altitudeMode>absolute</altitudeMode>
                    <outerBoundaryIs>
                      <LinearRing>
                        <coordinates>-96.65011177421847,32.718148769436674,89.97655678245457 -96.65011177421847,32.718148769436674,150.02655678245458 -96.65057704284462,32.71792124504982,150.02655678245458 -96.65057704284462,32.71792124504982,89.97655678245457</coordinates>
                      </LinearRing>
                    </outerBoundaryIs>
                  </Polygon>
                </MultiGeometry>
              </Placemark>
            </Folder>
          </Folder>
        </Folder>
      </Folder>
      <Folder>
        <name>Attempt to modify activated flight into conflict</name>
        <Folder>
          <name>Modify activated Flight 2 to not conflict with activated Flight 1</name>
          <Folder>
            <name>E215: uss1_dss astm.f3548.v21.dss.queryOperationalIntentReferences</name>
            <Placemark>
              <name>area_of_interest</name>
              <styleUrl>#QueryArea</styleUrl>
              <description><![CDATA[<ul><li>uss2's Activated 88a3e059-0b3f-4863-9d56-fbe2aff44d77[2]</li><li>uss1's Activated fa385bc7-9a90-4c79-aca9-013bdcd6ab8d[3]</li></ul>]]></description>
              <TimeSpan>
                <begin>2026-10-08T16:10:12.226980+00:00</begin>
                <end>2026-10-08T16:55:13.226980+00:00</end>
              </TimeSpan>
              <MultiGeometry>
                <Polygon>
                  <altitudeMode>absolute</altitudeMode>
                  <outerBoundaryIs>
                    <LinearRing>
                      <coordinates>-96.65116755902885,32.71806428112804,116.93746567554447 -96.65116755902885,32.718424400484075,116.93746567554447 -96.65053792310903,32.718424400484075,116.93746567554447 -96.65053792310903,32.71806428112804,116.93746567554447</coordinates>
                    </LinearRing>
                  </outerBoundaryIs>
                </Polygon>
                <Polygon>
                  <altitudeMode>absolute</altitudeMode>
                  <outerBoundaryIs>
                    <LinearRing>
                      <coordinates>-96.65116755902885,32.71806428112804,170.02746567554448 -96.65116755902885,32.718424400484075,170.02746567554448 -96.65053792310903,32.718424400484075,170.02746567554448 -96.65053792310903,32.71806428112804,170.02746567554448</coordinates>
                    </LinearRing>
                  </outerBoundaryIs>
                </Polygon>
                <Polygon>
                  <altitudeMode>absolute</altitudeMode>
                  <outerBoundaryIs>
                    <LinearRing>
                      <coordinates>-96.65116755902885,32.71806428112804,116.93746567554447 -96.65116755902885,32.71806428112804,170.02746567554448 -96.65116755902885,32.718424400484075,170.02746567554448 -96.65116755902885,32.718424400484075,116.93746567554447</coordinates>
                    </LinearRing>
                  </outerBoundaryIs>
                </Polygon>
                <Polygon>
                  <altitudeMode>absolute</altitudeMode>
                  <outerBoundaryIs>
                    <LinearRing>
                      <coordinates>-96.65116755902885,32.718424400484075,116.93746567554447 -96.65116755902885,32.718424400484075,170.02746567554448 -96.65053792310903,32.718424400484075,170.02746567554448 -96.65053792310903,32.718424400484075,116.93746567554447</coordinates>
                    </LinearRing>
                  </outerBoundaryIs>
                </Polygon>
                <Polygon>
                  <altitudeMode>absolute</altitudeMode>
                  <outerBoundaryIs>
                    <LinearRing>
                      <coordinates>-96.65053792310903,32.718424400484075,116.93746567554447 -96.65053792310903,32.718424400484075,170.02746567554448 -96.65053792310903,32.71806428112804,170.02746567554448 -96.65053792310903,32.71806428112804,116.93746567554447</coordinates>
                    </LinearRing>
                  </outerBoundaryIs>
                </Polygon>
                <Polygon>
                  <altitudeMode>absolute</altitudeMode>
                  <outerBoundaryIs>
                    <LinearRing>
                      <coordinates>-96.65053792310903,32.71806428112804,116.93746567554447 -96.65053792310903,32.71806428112804,170.02746567554448 -96.65116755902885,32.71806428112804,170.02746567554448 -96.65116755902885,32.71806428112804,116.93746567554447</coordinates>
                    </LinearRing>
                  </outerBoundaryIs>
                </Polygon>
              </MultiGeometry>
            </Placemark>
          </Folder>
          <Folder>
            <name>E217: uss2_core interuss.automated_testing.flight_planning.v1.UpsertFlightPlan</name>
            <Folder>
              <name>Activity Completed, flight OkToFly</name>
              <Placemark>
                <name>Volume 0</name>
                <styleUrl>#InUse_Nominal</styleUrl>
                <TimeSpan>
                  <begin>2026-10-08T16:10:12.226980+00:00</begin>
                  <end>2026-10-08T16:55:13.226980+00:00</end>
                </TimeSpan>
                <MultiGeometry>
                  <Polygon>
                    <altitudeMode>absolute</altitudeMode>
                    <outerBoundaryIs>
                      <LinearRing>
                        <coordinates>-96.65114649564616,32.71806428112804,116.93768451287158 -96.65053792310903,32.718381045806225,116.93768451287158 -96.65116755902885,32.718424400484075,116.93768451287158</coordinates>
                      </LinearRing>
                    </outerBoundaryIs>
                  </Polygon>
                  <Polygon>
                    <altitudeMode>absolute</altitudeMode>
                    <outerBoundaryIs>
                      <LinearRing>
                        <coordinates>-96.65114649564616,32.71806428112804,170.0276845128716 -96.65053792310903,32.718381045806225,170.0276845128716 -96.65116755902885,32.718424400484075,170.0276845128716</coordinates>
                      </LinearRing>
                    </outerBoundaryIs>
                  </Polygon>
                  <Polygon>
                    <altitudeMode>absolute</altitudeMode>
                    <outerBoundaryIs>
                      <LinearRing>
                        <coordinates>-96.65114649564616,32.71806428112804,116.93768451287158 -96.65114649564616,32.71806428112804,170.0276845128716 -96.65053792310903,32.718381045806225,170.0276845128716 -96.65053792310903,32.718381045806225,116.93768451287158</coordinates>
                      </LinearRing>
                    </outerBoundaryIs>
                  </Polygon>
                  <Polygon>
                    <altitudeMode>absolute</altitudeMode>
                    <outerBoundaryIs>
                      <LinearRing>
                        <coordinates>-96.65053792310903,32.718381045806225,116.93768451287158 -96.65053792310903,32.718381045806225,170.0276845128716 -96.65116755902885,32.718424400484075,170.0276845128716 -96.65116755902885,32.718424400484075,116.93768451287158</coordinates>
                      </LinearRing>
                    </outerBoundaryIs>
                  </Polygon>
                  <Polygon>
                    <altitudeMode>absolute</altitudeMode>
                    <outerBoundaryIs>
                      <LinearRing>
                        <coordinates>-96.65116755902885,32.718424400484075,116.93768451287158 -96.65116755902885,32.718424400484075,170.0276845128716 -96.65114649564616,32.71806428112804,170.0276845128716 -96.65114649564616,32.71806428112804,116.93768451287158</coordinates>
                      </LinearRing>
                    </outerBoundaryIs>
                  </Polygon>
                </MultiGeometry>
              </Placemark>
            </Folder>
          </Folder>
          <Folder>
            <name>E221: uss1_dss astm.f3548.v21.dss.queryOperationalIntentReferences</name>
            <Placemark>
              <name>area_of_interest</name>
              <styleUrl>#QueryArea</styleUrl>
              <description><![CDATA[<ul><li>uss2's Activated 88a3e059-0b3f-4863-9d56-fbe2aff44d77[3]</li><li>uss1's Activated fa385bc7-9a90-4c79-aca9-013bdcd6ab8d[3]</li></ul>]]></description>
              <TimeSpan>
                <begin>2026-10-08T16:10:12.226980+00:00</begin>
                <end>2026-10-08T16:55:13.226980+00:00</end>
              </TimeSpan>
              <MultiGeometry>
                <Polygon>
                  <altitudeMode>absolute</altitudeMode>
                  <outerBoundaryIs>
                    <LinearRing>
                      <coordinates>-96.65116755902885,32.71806428112804,116.93746567554447 -96.65116755902885,32.718424400484075,116.93746567554447 -96.65053792310903,32.718424400484075,116.93746567554447 -96.65053792310903,32.71806428112804,116.93746567554447</coordinates>
                    </LinearRing>
                  </outerBoundaryIs>
                </Polygon>
                <Polygon>
                  <altitudeMode>absolute</altitudeMode>
                  <outerBoundaryIs>
                    <LinearRing>
                      <coordinates>-96.65116755902885,32.71806428112804,170.02746567554448 -96.65116755902885,32.718424400484075,170.02746567554448 -96.65053792310903,32.718424400484075,170.02746567554448 -96.65053792310903,32.71806428112804,170.02746567554448</coordinates>
                    </LinearRing>
                  </outerBoundaryIs>
                </Polygon>
                <Polygon>
                  <altitudeMode>absolute</altitudeMode>
                  <outerBoundaryIs>
                    <LinearRing>
                      <coordinates>-96.65116755902885,32.71806428112804,116.93746567554447 -96.65116755902885,32.71806428112804,170.02746567554448 -96.65116755902885,32.718424400484075,170.02746567554448 -96.65116755902885,32.718424400484075,116.93746567554447</coordinates>
                    </LinearRing>
                  </outerBoundaryIs>
                </Polygon>
                <Polygon>
                  <altitudeMode>absolute</altitudeMode>
                  <outerBoundaryIs>
                    <LinearRing>
                      <coordinates>-96.65116755902885,32.718424400484075,116.93746567554447 -96.65116755902885,32.718424400484075,170.02746567554448 -96.65053792310903,32.718424400484075,170.02746567554448 -96.65053792310903,32.718424400484075,116.93746567554447</coordinates>
                    </LinearRing>
                  </outerBoundaryIs>
                </Polygon>
                <Polygon>
                  <altitudeMode>absolute</altitudeMode>
                  <outerBoundaryIs>
                    <LinearRing>
                      <coordinates>-96.65053792310903,32.718424400484075,116.93746567554447 -96.65053792310903,32.718424400484075,170.02746567554448 -96.65053792310903,32.71806428112804,170.02746567554448 -96.65053792310903,32.71806428112804,116.93746567554447</coordinates>
                    </LinearRing>
                  </outerBoundaryIs>
                </Polygon>
                <Polygon>
                  <altitudeMode>absolute</altitudeMode>
                  <outerBoundaryIs>
                    <LinearRing>
                      <coordinates>-96.65053792310903,32.71806428112804,116.93746567554447 -96.65053792310903,32.71806428112804,170.02746567554448 -96.65116755902885,32.71806428112804,170.02746567554448 -96.65116755902885,32.71806428112804,116.93746567554447</coordinates>
                    </LinearRing>
                  </outerBoundaryIs>
                </Polygon>
              </MultiGeometry>
            </Placemark>
          </Folder>
          <Folder>
            <name>E226: uss2_core astm.f3548.v21.uss.getOperationalIntentDetails</name>
            <Folder>
              <name>uss2's P100 Activated 88a3e059-0b3f-4863-9d56-fbe2aff44d77[3] @ s-tuS5aNSX9dOpLj0MP2HwCCdf7PRJRW..E57XcHA3w_</name>
              <Placemark>
                <name>Nominal volume 0</name>
                <styleUrl>#F3548v21Activated</styleUrl>
                <TimeSpan>
                  <begin>2026-10-08T16:10:13.246641+00:00</begin>
                  <end>2026-10-08T16:55:13.226980+00:00</end>
                </TimeSpan>
                <MultiGeometry>
                  <Polygon>
                    <altitudeMode>absolute</altitudeMode>
                    <outerBoundaryIs>
                      <LinearRing>
                        <coordinates>-96.65114649564616,32.71806428112804,116.93768451287158 -96.65053792310903,32.718381045806225,116.93768451287158 -96.65116755902885,32.718424400484075,116.93768451287158</coordinates>
                      </LinearRing>
                    </outerBoundaryIs>
                  </Polygon>
                  <Polygon>
                    <altitudeMode>absolute</altitudeMode>
                    <outerBoundaryIs>
                      <LinearRing>
                        <coordinates>-96.65114649564616,32.71806428112804,170.0276845128716 -96.65053792310903,32.718381045806225,170.0276845128716 -96.65116755902885,32.718424400484075,170.0276845128716</coordinates>
                      </LinearRing>
                    </outerBoundaryIs>
                  </Polygon>
                  <Polygon>
                    <altitudeMode>absolute</altitudeMode>
                    <outerBoundaryIs>
                      <LinearRing>
                        <coordinates>-96.65114649564616,32.71806428112804,116.93768451287158 -96.65114649564616,32.71806428112804,170.0276845128716 -96.65053792310903,32.718381045806225,170.0276845128716 -96.65053792310903,32.718381045806225,116.93768451287158</coordinates>
                      </LinearRing>
                    </outerBoundaryIs>
                  </Polygon>
                  <Polygon>
                    <altitudeMode>absolute</altitudeMode>
                    <outerBoundaryIs>
                      <LinearRing>
                        <coordinates>-96.65053792310903,32.718381045806225,116.93768451287158 -96.65053792310903,32.718381045806225,170.0276845128716 -96.65116755902885,32.718424400484075,170.0276845128716 -96.65116755902885,32.718424400484075,116.93768451287158</coordinates>
                      </LinearRing>
                    </outerBoundaryIs>
                  </Polygon>
                  <Polygon>
                    <altitudeMode>absolute</altitudeMode>
                    <outerBoundaryIs>
                      <LinearRing>
                        <coordinates>-96.65116755902885,32.718424400484075,116.93768451287158 -96.65116755902885,32.718424400484075,170.0276845128716 -96.65114649564616,32.71806428112804,170.0276845128716 -96.65114649564616,32.71806428112804,116.93768451287158</coordinates>
                      </LinearRing>
                    </outerBoundaryIs>
                  </Polygon>
                </MultiGeometry>
              </Placemark>
            </Folder>
          </Folder>
        </Folder>
        <Folder>
          <name>Attempt to modify activated Flight 1 into conflict</name>
          <Folder>
            <name>E235: uss1_dss astm.f3548.v21.dss.queryOperationalIntentReferences</name>
            <Placemark>
              <name>area_of_interest</name>
              <styleUrl>#QueryArea</styleUrl>
              <description><![CDATA[<ul><li>uss2's Activated 88a3e059-0b3f-4863-9d56-fbe2aff44d77[3]</li><li>uss1's Activated fa385bc7-9a90-4c79-aca9-013bdcd6ab8d[3]</li></ul>]]></description>
              <TimeSpan>
                <begin>2026-10-08T16:10:12.416762+00:00</begin>
                <end>2026-10-08T16:55:13.416762+00:00</end>
              </TimeSpan>
              <MultiGeometry>
                <Polygon>
                  <altitudeMode>absolute</altitudeMode>
                  <outerBoundaryIs>
                    <LinearRing>
                      <coordinates>-96.65088095005414,32.71792124504982,89.97655578789053 -96.65088095005414,32.71860287780432,89.97655578789053 -96.65011177421847,32.71860287780432,89.97655578789053 -96.65011177421847,32.71792124504982,89.97655578789053</coordinates>
                    </LinearRing>
                  </outerBoundaryIs>
                </Polygon>
                <Polygon>
                  <altitudeMode>absolute</altitudeMode>
                  <outerBoundaryIs>
                    <LinearRing>
                      <coordinates>-96.65088095005414,32.71792124504982,155.02655578789052 -96.65088095005414,32.71860287780432,155.02655578789052 -96.65011177421847,32.71860287780432,155.02655578789052 -96.65011177421847,32.71792124504982,155.02655578789052</coordinates>
                    </LinearRing>
                  </outerBoundaryIs>
                </Polygon>
                <Polygon>
                  <altitudeMode>absolute</altitudeMode>
                  <outerBoundaryIs>
                    <LinearRing>
                      <coordinates>-96.65088095005414,32.71792124504982,89.97655578789053 -96.65088095005414,32.71792124504982,155.02655578789052 -96.65088095005414,32.71860287780432,155.02655578789052 -96.65088095005414,32.71860287780432,89.97655578789053</coordinates>
                    </LinearRing>
                  </outerBoundaryIs>
                </Polygon>
                <Polygon>
                  <altitudeMode>absolute</altitudeMode>
                  <outerBoundaryIs>
                    <LinearRing>
                      <coordinates>-96.65088095005414,32.71860287780432,89.97655578789053 -96.65088095005414,32.71860287780432,155.02655578789052 -96.65011177421847,32.71860287780432,155.02655578789052 -96.65011177421847,32.71860287780432,89.97655578789053</coordinates>
                    </LinearRing>
                  </outerBoundaryIs>
                </Polygon>
                <Polygon>
                  <altitudeMode>absolute</altitudeMode>
                  <outerBoundaryIs>
                    <LinearRing>
                      <coordinates>-96.65011177421847,32.71860287780432,89.97655578789053 -96.65011177421847,32.71860287780432,155.02655578789052 -96.65011177421847,32.71792124504982,155.02655578789052 -96.65011177421847,32.71792124504982,89.97655578789053</coordinates>
                    </LinearRing>
                  </outerBoundaryIs>
                </Polygon>
                <Polygon>
                  <altitudeMode>absolute</altitudeMode>
                  <outerBoundaryIs>
                    <LinearRing>
                      <coordinates>-96.65011177421847,32.71792124504982,89.97655578789053 -96.65011177421847,32.71792124504982,155.02655578789052 -96.65088095005414,32.71792124504982,155.02655578789052 -96.65088095005414,32.71792124504982,89.97655578789053</coordinates>
                    </LinearRing>
                  </outerBoundaryIs>
                </Polygon>
              </MultiGeometry>
            </Placemark>
          </Folder>
          <Folder>
            <name>E237: uss1_core interuss.automated_testing.flight_planning.v1.UpsertFlightPlan</name>
            <Folder>
              <name>Activity Rejected, flight OkToFly</name>
              <Placemark>
                <name>Volume 0</name>
                <styleUrl>#InUse_Nominal</styleUrl>
                <TimeSpan>
                  <begin>2026-10-08T16:10:12.416762+00:00</begin>
                  <end>2026-10-08T16:55:13.416762+00:00</end>
                </TimeSpan>
                <MultiGeometry>
                  <Polygon>
                    <altitudeMode>absolute</altitudeMode>
                    <outerBoundaryIs>
                      <LinearRing>
                        <coordinates>-96.65038597061242,32.71804022910691,120.08640759622216 -96.65088095005413,32.71860287780432,120.08640759622216 -96.65040703091847,32.71840034859007,120.08640759622216 -96.65011177421847,32.718148769436674,120.08640759622216</coordinates>
                      </LinearRing>
                    </outerBoundaryIs>
                  </Polygon>
                  <Polygon>
                    <altitudeMode>absolute</altitudeMode>
                    <outerBoundaryIs>
                      <LinearRing>
                        <coordinates>-96.65038597061242,32.71804022910691,155.02640759622216 -96.65088095005413,32.71860287780432,155.02640759622216 -96.65040703091847,32.71840034859007,155.02640759622216 -96.65011177421847,32.718148769436674,155.02640759622216</coordinates>
                      </LinearRing>
                    </outerBoundaryIs>
                  </Polygon>
                  <Polygon>
                    <altitudeMode>absolute</altitudeMode>
                    <outerBoundaryIs>
                      <LinearRing>
                        <coordinates>-96.65038597061242,32.71804022910691,120.08640759622216 -96.65038597061242,32.71804022910691,155.02640759622216 -96.65088095005413,32.71860287780432,155.02640759622216 -96.65088095005413,32.71860287780432,120.08640759622216</coordinates>
                      </LinearRing>
                    </outerBoundaryIs>
                  </Polygon>
                  <Polygon>
                    <altitudeMode>absolute</altitudeMode>
                    <outerBoundaryIs>
                      <LinearRing>
                        <coordinates>-96.65088095005413,32.71860287780432,120.08640759622216 -96.65088095005413,32.71860287780432,155.02640759622216 -96.65040703091847,32.71840034859007,155.02640759622216 -96.65040703091847,32.71840034859007,120.08640759622216</coordinates>
                      </LinearRing>
                    </outerBoundaryIs>
                  </Polygon>
                  <Polygon>
                    <altitudeMode>absolute</altitudeMode>
                    <outerBoundaryIs>
                      <LinearRing>
                        <coordinates>-96.65040703091847,32.71840034859007,120.08640759622216 -96.65040703091847,32.71840034859007,155.02640759622216 -96.65011177421847,32.718148769436674,155.02640759622216 -96.65011177421847,32.718148769436674,120.08640759622216</coordinates>
                      </LinearRing>
                    </outerBoundaryIs>
                  </Polygon>
                  <Polygon>
                    <altitudeMode>absolute</altitudeMode>
                    <outerBoundaryIs>
                      <LinearRing>
                        <coordinates>-96.65011177421847,32.718148769436674,120.08640759622216 -96.65011177421847,32.718148769436674,155.02640759622216 -96.65038597061242,32.71804022910691,155.02640759622216 -96.65038597061242,32.71804022910691,120.08640759622216</coordinates>
                      </LinearRing>
                    </outerBoundaryIs>
                  </Polygon>
                </MultiGeometry>
              </Placemark>
            </Folder>
          </Folder>
          <Folder>
            <name>E240: uss1_dss astm.f3548.v21.dss.queryOperationalIntentReferences</name>
            <Placemark>
              <name>area_of_interest</name>
              <styleUrl>#QueryArea</styleUrl>
              <description><![CDATA[<ul><li>uss2's Activated 88a3e059-0b3f-4863-9d56-fbe2aff44d77[3]</li><li>uss1's Activated fa385bc7-9a90-4c79-aca9-013bdcd6ab8d[3]</li></ul>]]></description>
              <TimeSpan>
                <begin>2026-10-08T16:10:12.416762+00:00</begin>
                <end>2026-10-08T16:55:13.416762+00:00</end>
              </TimeSpan>
              <MultiGeometry>
                <Polygon>
                  <altitudeMode>absolute</altitudeMode>
                  <outerBoundaryIs>
                    <LinearRing>
                      <coordinates>-96.65088095005414,32.71792124504982,89.97655578789053 -96.65088095005414,32.71860287780432,89.97655578789053 -96.65011177421847,32.71860287780432,89.97655578789053 -96.65011177421847,32.71792124504982,89.97655578789053</coordinates>
                    </LinearRing>
                  </outerBoundaryIs>
                </Polygon>
                <Polygon>
                  <altitudeMode>absolute</altitudeMode>
                  <outerBoundaryIs>
                    <LinearRing>
                      <coordinates>-96.65088095005414,32.71792124504982,155.02655578789052 -96.65088095005414,32.71860287780432,155.02655578789052 -96.65011177421847,32.71860287780432,155.02655578789052 -96.65011177421847,32.71792124504982,155.02655578789052</coordinates>
                    </LinearRing>
                  </outerBoundaryIs>
                </Polygon>
                <Polygon>
                  <altitudeMode>absolute</altitudeMode>
                  <outerBoundaryIs>
                    <LinearRing>
                      <coordinates>-96.65088095005414,32.71792124504982,89.97655578789053 -96.65088095005414,32.71792124504982,155.02655578789052 -96.65088095005414,32.71860287780432,155.02655578789052 -96.65088095005414,32.71860287780432,89.97655578789053</coordinates>
                    </LinearRing>
                  </outerBoundaryIs>
                </Polygon>
                <Polygon>
                  <altitudeMode>absolute</altitudeMode>
                  <outerBoundaryIs>
                    <LinearRing>
                      <coordinates>-96.65088095005414,32.71860287780432,89.97655578789053 -96.65088095005414,32.71860287780432,155.02655578789052 -96.65011177421847,32.71860287780432,155.02655578789052 -96.65011177421847,32.71860287780432,89.97655578789053</coordinates>
                    </LinearRing>
                  </outerBoundaryIs>
                </Polygon>
                <Polygon>
                  <altitudeMode>absolute</altitudeMode>
                  <outerBoundaryIs>
                    <LinearRing>
                      <coordinates>-96.65011177421847,32.71860287780432,89.97655578789053 -96.65011177421847,32.71860287780432,155.02655578789052 -96.65011177421847,32.71792124504982,155.02655578789052 -96.65011177421847,32.71792124504982,89.97655578789053</coordinates>
                    </LinearRing>
                  </outerBoundaryIs>
                </Polygon>
                <Polygon>
                  <altitudeMode>absolute</altitudeMode>
                  <outerBoundaryIs>
                    <LinearRing>
                      <coordinates>-96.65011177421847,32.71792124504982,89.97655578789053 -96.65011177421847,32.71792124504982,155.02655578789052 -96.65088095005414,32.71792124504982,155.02655578789052 -96.65088095005414,32.71792124504982,89.97655578789053</coordinates>
                    </LinearRing>
                  </outerBoundaryIs>
                </Polygon>
              </MultiGeometry>
            </Placemark>
          </Folder>
        </Folder>
      </Folder>
      <Folder>
        <name/>
        <Folder>
          <name>Cleanup</name>
        </Folder>
      </Folder>
    </Folder>
  </Document>
</kml>
