<kml xmlns="http://www.opengis.net/kml/2.2" xmlns:atom="http://www.w3.org/2005/Atom" xmlns:gx="http://www.google.com/kml/ext/2.2">
  <Document>
    <Style id="QueryArea">
      <LineStyle>
        <color>ffc0c000</color>
        <width>3</width>
      </LineStyle>
      <PolyStyle>
        <color>80ffffaa</color>
      </PolyStyle>
    </Style>
    <Style id="F3548v21Accepted">
      <LineStyle>
        <color>ff00c000</color>
        <width>3</width>
      </LineStyle>
      <PolyStyle>
        <color>80c0c0c0</color>
      </PolyStyle>
    </Style>
    <Style id="F3548v21Activated">
      <LineStyle>
        <color>ff00c000</color>
        <width>3</width>
      </LineStyle>
      <PolyStyle>
        <color>8000ff00</color>
      </PolyStyle>
    </Style>
    <Style id="F3548v21Nonconforming">
      <LineStyle>
        <color>ff00ffff</color>
        <width>5</width>
      </LineStyle>
      <PolyStyle>
        <color>8000ffff</color>
      </PolyStyle>
    </Style>
    <Style id="F3548v21Contingent">
      <LineStyle>
        <color>ff0000ff</color>
        <width>5</width>
      </LineStyle>
      <PolyStyle>
        <color>80ff0000ff</color>
      </PolyStyle>
    </Style>
    <Style id="F3548v21AcceptedFuture">
      <LineStyle>
        <color>80c0c0c0</color>
        <width>1</width>
      </LineStyle>
      <PolyStyle>
        <color>00000000</color>
      </PolyStyle>
    </Style>
    <Style id="F3548v21ActivatedFuture">
      <LineStyle>
        <color>8040c040</color>
        <width>1</width>
      </LineStyle>
      <PolyStyle>
        <color>00000000</color>
      </PolyStyle>
    </Style>
    <Style id="F3548v21NonconformingFuture">
      <LineStyle>
        <color>8000ffff</color>
        <width>1</width>
      </LineStyle>
      <PolyStyle>
        <color>00000000</color>
      </PolyStyle>
    </Style>
    <Style id="F3548v21ContingentFuture">
      <LineStyle>
        <color>80ff0000ff</color>
        <width>1</width>
      </LineStyle>
      <PolyStyle>
        <color>00000000</color>
      </PolyStyle>
    </Style>
    <Style id="Planned_Nominal">
      <LineStyle>
        <color>ff00c000</color>
        <width>3</width>
      </LineStyle>
      <PolyStyle>
        <color>80808080</color>
      </PolyStyle>
    </Style>
    <Style id="InUse_Nominal">
      <LineStyle>
        <color>ff00c000</color>
        <width>3</width>
      </LineStyle>
      <PolyStyle>
        <color>8000ff00</color>
      </PolyStyle>
    </Style>
    <Style id="InUse_OffNominal">
      <LineStyle>
        <color>ff00ffff</color>
        <width>5</width>
      </LineStyle>
      <PolyStyle>
        <color>8000ff00</color>
      </PolyStyle>
    </Style>
    <Style id="InUse_Contingent">
      <LineStyle>
        <color>ff0000ff</color>
        <width>5</width>
      </LineStyle>
      <PolyStyle>
        <color>8000ff00</color>
      </PolyStyle>
    </Style>
    <Style id="unmodifiedtelemetry">
      <IconStyle>
        <scale>1.4</scale>
        <Icon>
          <href>http://maps.google.com/mapfiles/kml/shapes/placemark_circle.png</href>
        </Icon>
      </IconStyle>
    </Style>
    <Style id="modifiedtelemetry">
      <IconStyle>
        <scale>1.4</scale>
        <Icon>
          <href>http://maps.google.com/mapfiles/kml/shapes/placemark_square.png</href>
        </Icon>
      </IconStyle>
    </Style>
    <Style id="aircraft">
      <IconStyle>
        <scale>1.4</scale>
        <Icon>
          <href>http://maps.google.com/mapfiles/kml/shapes/airports.png</href>
        </Icon>
      </IconStyle>
    </Style>
    <Folder>
      <name>Nominal planning: conflict with higher priority</name>
      <Folder>
        <name>Prerequisites check</name>
        <Folder>
          <name>Verify area is clear</name>
          <Folder>
            <name>E3: uss1_dss astm.f3548.v21.dss.queryOperationalIntentReferences</name>
            <Placemark>
              <name>area_of_interest</name>
              <styleUrl>#QueryArea</styleUrl>
              <description><![CDATA[(no operational intent references found)]]></description>
              <TimeSpan>
                <begin>2026-10-08T16:10:12.646391+00:00</begin>
                <end>2026-10-08T17:40:13.646391+00:00</end>
              </TimeSpan>
              <MultiGeometry>
                <Polygon>
                  <altitudeMode>absolute</altitudeMode>
                  <outerBoundaryIs>
                    <LinearRing>
                      <coordinates>-96.75899653484747,32.80843430375773,90.19325975998626 -96.75899653484747,32.80926461087504,90.19325975998626 -96.75793934130733,32.80926461087504,90.19325975998626 -96.75793934130733,32.80843430375773,90.19325975998626</coordinates>
                    </LinearRing>
                  </outerBoundaryIs>
                </Polygon>
                <Polygon>
                  <altitudeMode>absolute</altitudeMode>
                  <outerBoundaryIs>
                    <LinearRing>
                      <coordinates>-96.75899653484747,32.80843430375773,170.24325975998627 -96.75899653484747,32.80926461087504,170.24325975998627 -96.75793934130733,32.80926461087504,170.24325975998627 -96.75793934130733,32.80843430375773,170.24325975998627</coordinates>
                    </LinearRing>
                  </outerBoundaryIs>
                </Polygon>
                <Polygon>
                  <altitudeMode>absolute</altitudeMode>
                  <outerBoundaryIs>
                    <LinearRing>
                      <coordinates>-96.75899653484747,32.80843430375773,90.19325975998626 -96.75899653484747,32.80843430375773,170.24325975998627 -96.75899653484747,32.80926461087504,170.24325975998627 -96.75899653484747,32.80926461087504,90.19325975998626</coordinates>
                    </LinearRing>
                  </outerBoundaryIs>
                </Polygon>
                <Polygon>
                  <altitudeMode>absolute</altitudeMode>
                  <outerBoundaryIs>
                    <LinearRing>
                      <coordinates>-96.75899653484747,32.80926461087504,90.19325975998626 -96.75899653484747,32.80926461087504,170.24325975998627 -96.75793934130733,32.80926461087504,170.24325975998627 -96.75793934130733,32.80926461087504,90.19325975998626</coordinates>
                    </LinearRing>
                  </outerBoundaryIs>
                </Polygon>
                <Polygon>
                  <altitudeMode>absolute</altitudeMode>
                  <outerBoundaryIs>
                    <LinearRing>
                      <coordinates>-96.75793934130733,32.80926461087504,90.19325975998626 -96.75793934130733,32.80926461087504,170.24325975998627 -96.75793934130733,32.80843430375773,170.24325975998627 -96.75793934130733,32.80843430375773,90.19325975998626</coordinates>
                    </LinearRing>
                  </outerBoundaryIs>
                </Polygon>
                <Polygon>
                  <altitudeMode>absolute</altitudeMode>
                  <outerBoundaryIs>
                    <LinearRing>
                      <coordinates>-96.75793934130733,32.80843430375773,90.19325975998626 -96.75793934130733,32.80843430375773,170.24325975998627 -96.75899653484747,32.80843430375773,170.24325975998627 -96.75899653484747,32.80843430375773,90.19325975998626</coordinates>
                    </LinearRing>
                  </outerBoundaryIs>
                </Polygon>
              </MultiGeometry>
            </Placemark>
          </Folder>
        </Folder>
      </Folder>
      <Folder>
        <name>Attempt to plan flight in conflict</name>
        <Folder>
          <name>Plan Flight 2</name>
          <Folder>
            <name>E6: uss1_dss astm.f3548.v21.dss.queryOperationalIntentReferences</name>
            <Placemark>
              <name>area_of_interest</name>
              <styleUrl>#QueryArea</styleUrl>
              <description><![CDATA[(no operational intent references found)]]></description>
              <TimeSpan>
                <begin>2026-10-08T16:10:12.699224+00:00</begin>
                <end>2026-10-08T16:55:13.699224+00:00</end>
              </TimeSpan>
              <MultiGeometry>
                <Polygon>
                  <altitudeMode>absolute</altitudeMode>
                  <outerBoundaryIs>
                    <LinearRing>
                      <coordinates>-96.75899653484747,32.80848350578745,119.1740375475805 -96.75899653484747,32.80908588835897,119.1740375475805 -96.75846492944123,32.80908588835897,119.1740375475805 -96.75846492944123,32.80848350578745,119.1740375475805</coordinates>
                    </LinearRing>
                  </outerBoundaryIs>
                </Polygon>
                <Polygon>
                  <altitudeMode>absolute</altitudeMode>
                  <outerBoundaryIs>
                    <LinearRing>
                      <coordinates>-96.75899653484747,32.80848350578745,148.2440375475805 -96.75899653484747,32.80908588835897,148.2440375475805 -96.75846492944123,32.80908588835897,148.2440375475805 -96.75846492944123,32.80848350578745,148.2440375475805</coordinates>
                    </LinearRing>
                  </outerBoundaryIs>
                </Polygon>
                <Polygon>
                  <altitudeMode>absolute</altitudeMode>
                  <outerBoundaryIs>
                    <LinearRing>
                      <coordinates>-96.75899653484747,32.80848350578745,119.1740375475805 -96.75899653484747,32.80848350578745,148.2440375475805 -96.75899653484747,32.80908588835897,148.2440375475805 -96.75899653484747,32.80908588835897,119.1740375475805</coordinates>
                    </LinearRing>
                  </outerBoundaryIs>
                </Polygon>
                <Polygon>
                  <altitudeMode>absolute</altitudeMode>
                  <outerBoundaryIs>
                    <LinearRing>
                      <coordinates>-96.75899653484747,32.80908588835897,119.1740375475805 -96.75899653484747,32.80908588835897,148.2440375475805 -96.75846492944123,32.80908588835897,148.2440375475805 -96.75846492944123,32.80908588835897,119.1740375475805</coordinates>
                    </LinearRing>
                  </outerBoundaryIs>
                </Polygon>
                <Polygon>
                  <altitudeMode>absolute</altitudeMode>
                  <outerBoundaryIs>
                    <LinearRing>
                      <coordinates>-96.75846492944123,32.80908588835897,119.1740375475805 -96.75846492944123,32.80908588835897,148.2440375475805 -96.75846492944123,32.80848350578745,148.2440375475805 -96.75846492944123,32.80848350578745,119.1740375475805</coordinates>
                    </LinearRing>
                  </outerBoundaryIs>
                </Polygon>
                <Polygon>
                  <altitudeMode>absolute</altitudeMode>
                  <outerBoundaryIs>
                    <LinearRing>
                      <coordinates>-96.75846492944123,32.80848350578745,119.1740375475805 -96.75846492944123,32.80848350578745,148.2440375475805 -96.75899653484747,32.80848350578745,148.2440375475805 -96.75899653484747,32.80848350578745,119.1740375475805</coordinates>
                    </LinearRing>
                  </outerBoundaryIs>
                </Polygon>
              </MultiGeometry>
            </Placemark>
          </Folder>
          <Folder>
            <name>E8: uss1_core interuss.automated_testing.flight_planning.v1.UpsertFlightPlan</name>
            <Folder>
              <name>Activity Completed, flight Planned</name>
              <Placemark>
                <name>Volume 0</name>
                <styleUrl>#Planned_Nominal</styleUrl>
                <TimeSpan>
                  <begin>2026-10-08T16:10:12.699224+00:00</begin>
                  <end>2026-10-08T16:55:13.699224+00:00</end>
                </TimeSpan>
                <MultiGeometry>
                  <Polygon>
                    <altitudeMode>absolute</altitudeMode>
                    <outerBoundaryIs>
                      <LinearRing>
                        <coordinates>-96.7589750141668,32.808725787215984,119.17406758695155 -96.75846492944123,32.80848350578745,119.17406758695155 -96.7585573286076,32.80892392481156,119.17406758695155 -96.75899653484747,32.80908588835897,119.17406758695155</coordinates>
                      </LinearRing>
                    </outerBoundaryIs>
                  </Polygon>
                  <Polygon>
                    <altitudeMode>absolute</altitudeMode>
                    <outerBoundaryIs>
                      <LinearRing>
                        <coordinates>-96.7589750141668,32.808725787215984,148.24406758695153 -96.75846492944123,32.80848350578745,148.24406758695153 -96.7585573286076,32.80892392481156,148.24406758695153 -96.75899653484747,32.80908588835897,148.24406758695153</coordinates>
                      </LinearRing>
                    </outerBoundaryIs>
                  </Polygon>
                  <Polygon>
                    <altitudeMode>absolute</altitudeMode>
                    <outerBoundaryIs>
                      <LinearRing>
                        <coordinates>-96.7589750141668,32.808725787215984,119.17406758695155 -96.7589750141668,32.808725787215984,148.24406758695153 -96.75846492944123,32.80848350578745,148.24406758695153 -96.75846492944123,32.80848350578745,119.17406758695155</coordinates>
                      </LinearRing>
                    </outerBoundaryIs>
                  </Polygon>
                  <Polygon>
                    <altitudeMode>absolute</altitudeMode>
                    <outerBoundaryIs>
                      <LinearRing>
                        <coordinates>-96.75846492944123,32.80848350578745,119.17406758695155 -96.75846492944123,32.80848350578745,148.24406758695153 -96.7585573286076,32.80892392481156,148.24406758695153 -96.7585573286076,32.80892392481156,119.17406758695155</coordinates>
                      </LinearRing>
                    </outerBoundaryIs>
                  </Polygon>
                  <Polygon>
                    <altitudeMode>absolute</altitudeMode>
                    <outerBoundaryIs>
                      <LinearRing>
                        <coordinates>-96.7585573286076,32.80892392481156,119.17406758695155 -96.7585573286076,32.80892392481156,148.24406758695153 -96.75899653484747,32.80908588835897,148.24406758695153 -96.75899653484747,32.80908588835897,119.17406758695155</coordinates>
                      </LinearRing>
                    </outerBoundaryIs>
                  </Polygon>
                  <Polygon>
                    <altitudeMode>absolute</altitudeMode>
                    <outerBoundaryIs>
                      <LinearRing>
                        <coordinates>-96.75899653484747,32.80908588835897,119.17406758695155 -96.75899653484747,32.80908588835897,148.24406758695153 -96.7589750141668,32.808725787215984,148.24406758695153 -96.7589750141668,32.808725787215984,119.17406758695155</coordinates>
                      </LinearRing>
                    </outerBoundaryIs>
                  </Polygon>
                </MultiGeometry>
              </Placemark>
            </Folder>
          </Folder>
          <Folder>
            <name>E12: uss1_dss astm.f3548.v21.dss.queryOperationalIntentReferences</name>
            <Placemark>
              <name>area_of_interest</name>
              <styleUrl>#QueryArea</styleUrl>
              <description><![CDATA[<ul><li>uss1's Accepted 4af0388d-e4c8-4492-ae18-4a792e3a508d[1]</li></ul>]]></description>
              <TimeSpan>
                <begin>2026-10-08T16:10:12.699224+00:00</begin>
                <end>2026-10-08T16:55:13.699224+00:00</end>
              </TimeSpan>
              <MultiGeometry>
                <Polygon>
                  <altitudeMode>absolute</altitudeMode>
                  <outerBoundaryIs>
                    <LinearRing>
                      <coordinates>-96.75899653484747,32.80848350578745,119.1740375475805 -96.75899653484747,32.80908588835897,119.1740375475805 -96.75846492944123,32.80908588835897,119.1740375475805 -96.75846492944123,32.80848350578745,119.1740375475805</coordinates>
                    </LinearRing>
                  </outerBoundaryIs>
                </Polygon>
                <Polygon>
                  <altitudeMode>absolute</altitudeMode>
                  <outerBoundaryIs>
                    <LinearRing>
                      <coordinates>-96.75899653484747,32.80848350578745,148.2440375475805 -96.75899653484747,32.80908588835897,148.2440375475805 -96.75846492944123,32.80908588835897,148.2440375475805 -96.75846492944123,32.80848350578745,148.2440375475805</coordinates>
                    </LinearRing>
                  </outerBoundaryIs>
                </Polygon>
                <Polygon>
                  <altitudeMode>absolute</altitudeMode>
                  <outerBoundaryIs>
                    <LinearRing>
                      <coordinates>-96.75899653484747,32.80848350578745,119.1740375475805 -96.75899653484747,32.80848350578745,148.2440375475805 -96.75899653484747,32.80908588835897,148.2440375475805 -96.75899653484747,32.80908588835897,119.1740375475805</coordinates>
                    </LinearRing>
                  </outerBoundaryIs>
                </Polygon>
                <Polygon>
                  <altitudeMode>absolute</altitudeMode>
                  <outerBoundaryIs>
                    <LinearRing>
                      <coordinates>-96.75899653484747,32.80908588835897,119.1740375475805 -96.75899653484747,32.80908588835897,148.2440375475805 -96.75846492944123,32.80908588835897,148.2440375475805 -96.75846492944123,32.80908588835897,119.1740375475805</coordinates>
                    </LinearRing>
                  </outerBoundaryIs>
                </Polygon>
                <Polygon>
                  <altitudeMode>absolute</altitudeMode>
                  <outerBoundaryIs>
                    <LinearRing>
                      <coordinates>-96.75846492944123,32.80908588835897,119.1740375475805 -96.75846492944123,32.80908588835897,148.2440375475805 -96.75846492944123,32.80848350578745,148.2440375475805 -96.75846492944123,32.80848350578745,119.1740375475805</coordinates>
                    </LinearRing>
                  </outerBoundaryIs>
                </Polygon>
                <Polygon>
                  <altitudeMode>absolute</altitudeMode>
                  <outerBoundaryIs>
                    <LinearRing>
                      <coordinates>-96.75846492944123,32.80848350578745,119.1740375475805 -96.75846492944123,32.80848350578745,148.2440375475805 -96.75899653484747,32.80848350578745,148.2440375475805 -96.75899653484747,32.80848350578745,119.1740375475805</coordinates>
                    </LinearRing>
                  </outerBoundaryIs>
                </Polygon>
              </MultiGeometry>
            </Placemark>
          </Folder>
          <Folder>
            <name>E16: uss1_core astm.f3548.v21.uss.getOperationalIntentDetails</name>
            <Folder>
              <name>uss1's P100 Accepted 4af0388d-e4c8-4492-ae18-4a792e3a508d[1] @ lmyxIOxenpklNKVl7FSVtkV9582JfZt6XeMvB4h6vSg_</name>
              <Placemark>
                <name>Nominal volume 0</name>
                <styleUrl>#F3548v21Accepted</styleUrl>
                <TimeSpan>
                  <begin>2026-10-08T16:10:13.723952+00:00</begin>
                  <end>2026-10-08T16:55:13.699224+00:00</end>
                </TimeSpan>
                <MultiGeometry>
                  <Polygon>
                    <altitudeMode>absolute</altitudeMode>
                    <outerBoundaryIs>
                      <LinearRing>
                        <coordinates>-96.7589750141668,32.808725787215984,119.17406758695155 -96.75846492944123,32.80848350578745,119.17406758695155 -96.7585573286076,32.80892392481156,119.17406758695155 -96.75899653484747,32.80908588835897,119.17406758695155</coordinates>
                      </LinearRing>
                    </outerBoundaryIs>
                  </Polygon>
                  <Polygon>
                    <altitudeMode>absolute</altitudeMode>
                    <outerBoundaryIs>
                      <LinearRing>
                        <coordinates>-96.7589750141668,32.808725787215984,148.24406758695153 -96.75846492944123,32.80848350578745,148.24406758695153 -96.7585573286076,32.80892392481156,148.24406758695153 -96.75899653484747,32.80908588835897,148.24406758695153</coordinates>
                      </LinearRing>
                    </outerBoundaryIs>
                  </Polygon>
                  <Polygon>
                    <altitudeMode>absolute</altitudeMode>
                    <outerBoundaryIs>
                      <LinearRing>
                        <coordinates>-96.7589750141668,32.808725787215984,119.17406758695155 -96.7589750141668,32.808725787215984,148.24406758695153 -96.75846492944123,32.80848350578745,148.24406758695153 -96.75846492944123,32.80848350578745,119.17406758695155</coordinates>
                      </LinearRing>
                    </outerBoundaryIs>
                  </Polygon>
                  <Polygon>
                    <altitudeMode>absolute</altitudeMode>
                    <outerBoundaryIs>
                      <LinearRing>
                        <coordinates>-96.75846492944123,32.80848350578745,119.17406758695155 -96.75846492944123,32.80848350578745,148.24406758695153 -96.7585573286076,32.80892392481156,148.24406758695153 -96.7585573286076,32.80892392481156,119.17406758695155</coordinates>
                      </LinearRing>
                    </outerBoundaryIs>
                  </Polygon>
                  <Polygon>
                    <altitudeMode>absolute</altitudeMode>
                    <outerBoundaryIs>
                      <LinearRing>
                        <coordinates>-96.7585573286076,32.80892392481156,119.17406758695155 -96.7585573286076,32.80892392481156,148.24406758695153 -96.75899653484747,32.80908588835897,148.24406758695153 -96.75899653484747,32.80908588835897,119.17406758695155</coordinates>
                      </LinearRing>
                    </outerBoundaryIs>
                  </Polygon>
                  <Polygon>
                    <altitudeMode>absolute</altitudeMode>
                    <outerBoundaryIs>
                      <LinearRing>
                        <coordinates>-96.75899653484747,32.80908588835897,119.17406758695155 -96.75899653484747,32.80908588835897,148.24406758695153 -96.7589750141668,32.808725787215984,148.24406758695153 -96.7589750141668,32.808725787215984,119.17406758695155</coordinates>
                      </LinearRing>
                    </outerBoundaryIs>
                  </Polygon>
                </MultiGeometry>
              </Placemark>
            </Folder>
          </Folder>
        </Folder>
        <Folder>
          <name>Attempt to plan Flight 1</name>
          <Folder>
            <name>E25: uss1_dss astm.f3548.v21.dss.queryOperationalIntentReferences</name>
            <Placemark>
              <name>area_of_interest</name>
              <styleUrl>#QueryArea</styleUrl>
              <description><![CDATA[<ul><li>uss1's Accepted 4af0388d-e4c8-4492-ae18-4a792e3a508d[1]</li></ul>]]></description>
              <TimeSpan>
                <begin>2026-10-08T16:10:12.916534+00:00</begin>
                <end>2026-10-08T16:55:13.916534+00:00</end>
              </TimeSpan>
              <MultiGeometry>
                <Polygon>
                  <altitudeMode>absolute</altitudeMode>
                  <outerBoundaryIs>
                    <LinearRing>
                      <coordinates>-96.75885635281706,32.80843430375773,120.25316077644253 -96.75885635281706,32.80906248735413,120.25316077644253 -96.75793934130733,32.80906248735413,120.25316077644253 -96.75793934130733,32.80843430375773,120.25316077644253</coordinates>
                    </LinearRing>
                  </outerBoundaryIs>
                </Polygon>
                <Polygon>
                  <altitudeMode>absolute</altitudeMode>
                  <outerBoundaryIs>
                    <LinearRing>
                      <coordinates>-96.75885635281706,32.80843430375773,150.24316077644252 -96.75885635281706,32.80906248735413,150.24316077644252 -96.75793934130733,32.80906248735413,150.24316077644252 -96.75793934130733,32.80843430375773,150.24316077644252</coordinates>
                    </LinearRing>
                  </outerBoundaryIs>
                </Polygon>
                <Polygon>
                  <altitudeMode>absolute</altitudeMode>
                  <outerBoundaryIs>
                    <LinearRing>
                      <coordinates>-96.75885635281706,32.80843430375773,120.25316077644253 -96.75885635281706,32.80843430375773,150.24316077644252 -96.75885635281706,32.80906248735413,150.24316077644252 -96.75885635281706,32.80906248735413,120.25316077644253</coordinates>
                    </LinearRing>
                  </outerBoundaryIs>
                </Polygon>
                <Polygon>
                  <altitudeMode>absolute</altitudeMode>
                  <outerBoundaryIs>
                    <LinearRing>
                      <coordinates>-96.75885635281706,32.80906248735413,120.25316077644253 -96.75885635281706,32.80906248735413,150.24316077644252 -96.75793934130733,32.80906248735413,150.24316077644252 -96.75793934130733,32.80906248735413,120.25316077644253</coordinates>
                    </LinearRing>
                  </outerBoundaryIs>
                </Polygon>
                <Polygon>
                  <altitudeMode>absolute</altitudeMode>
                  <outerBoundaryIs>
                    <LinearRing>
                      <coordinates>-96.75793934130733,32.80906248735413,120.25316077644253 -96.75793934130733,32.80906248735413,150.24316077644252 -96.75793934130733,32.80843430375773,150.24316077644252 -96.75793934130733,32.80843430375773,120.25316077644253</coordinates>
                    </LinearRing>
                  </outerBoundaryIs>
                </Polygon>
                <Polygon>
                  <altitudeMode>absolute</altitudeMode>
                  <outerBoundaryIs>
                    <LinearRing>
                      <coordinates>-96.75793934130733,32.80843430375773,120.25316077644253 -96.75793934130733,32.80843430375773,150.24316077644252 -96.75885635281706,32.80843430375773,150.24316077644252 -96.75885635281706,32.80843430375773,120.25316077644253</coordinates>
                    </LinearRing>
                  </outerBoundaryIs>
                </Polygon>
              </MultiGeometry>
            </Placemark>
          </Folder>
          <Folder>
            <name>E27: uss2_core interuss.automated_testing.flight_planning.v1.UpsertFlightPlan</name>
            <Folder>
              <name>Activity Rejected, flight NotPlanned</name>
              <Placemark>
                <name>Volume 0</name>
                <styleUrl>#Planned_Nominal</styleUrl>
                <TimeSpan>
                  <begin>2026-10-08T16:10:12.916534+00:00</begin>
                  <end>2026-10-08T16:55:13.916534+00:00</end>
                </TimeSpan>
                <MultiGeometry>
                  <Polygon>
                    <altitudeMode>absolute</altitudeMode>
                    <outerBoundaryIs>
                      <LinearRing>
                        <coordinates>-96.75864371115235,32.80843430375773,120.25322002249885 -96.75885635281706,32.808675256753716,120.25322002249885 -96.75823520315319,32.80906248735413,120.25322002249885 -96.75793934130733,32.80881116101377,120.25322002249885</coordinates>
                      </LinearRing>
                    </outerBoundaryIs>
                  </Polygon>
                  <Polygon>
                    <altitudeMode>absolute</altitudeMode>
                    <outerBoundaryIs>
                      <LinearRing>
                        <coordinates>-96.75864371115235,32.80843430375773,150.24322002249886 -96.75885635281706,32.808675256753716,150.24322002249886 -96.75823520315319,32.80906248735413,150.24322002249886 -96.75793934130733,32.80881116101377,150.24322002249886</coordinates>
                      </LinearRing>
                    </outerBoundaryIs>
                  </Polygon>
                  <Polygon>
                    <altitudeMode>absolute</altitudeMode>
                    <outerBoundaryIs>
                      <LinearRing>
                        <coordinates>-96.75864371115235,32.80843430375773,120.25322002249885 -96.75864371115235,32.80843430375773,150.24322002249886 -96.75885635281706,32.808675256753716,150.24322002249886 -96.75885635281706,32.808675256753716,120.25322002249885</coordinates>
                      </LinearRing>
                    </outerBoundaryIs>
                  </Polygon>
                  <Polygon>
                    <altitudeMode>absolute</altitudeMode>
                    <outerBoundaryIs>
                      <LinearRing>
                        <coordinates>-96.75885635281706,32.808675256753716,120.25322002249885 -96.75885635281706,32.808675256753716,150.24322002249886 -96.75823520315319,32.80906248735413,150.24322002249886 -96.75823520315319,32.80906248735413,120.25322002249885</coordinates>
                      </LinearRing>
                    </outerBoundaryIs>
                  </Polygon>
                  <Polygon>
                    <altitudeMode>absolute</altitudeMode>
                    <outerBoundaryIs>
                      <LinearRing>
                        <coordinates>-96.75823520315319,32.80906248735413,120.25322002249885 -96.75823520315319,32.80906248735413,150.24322002249886 -96.75793934130733,32.80881116101377,150.24322002249886 -96.75793934130733,32.80881116101377,120.25322002249885</coordinates>
                      </LinearRing>
                    </outerBoundaryIs>
                  </Polygon>
                  <Polygon>
                    <altitudeMode>absolute</altitudeMode>
                    <outerBoundaryIs>
                      <LinearRing>
                        <coordinates>-96.75793934130733,32.80881116101377,120.25322002249885 -96.75793934130733,32.80881116101377,150.24322002249886 -96.75864371115235,32.80843430375773,150.24322002249886 -96.75864371115235,32.80843430375773,120.25322002249885</coordinates>
                      </LinearRing>
                    </outerBoundaryIs>
                  </Polygon>
                </MultiGeometry>
              </Placemark>
            </Folder>
          </Folder>
          <Folder>
            <name>E30: uss1_dss astm.f3548.v21.dss.queryOperationalIntentReferences</name>
            <Placemark>
              <name>area_of_interest</name>
              <styleUrl>#QueryArea</styleUrl>
              <description><![CDATA[<ul><li>uss1's Accepted 4af0388d-e4c8-4492-ae18-4a792e3a508d[1]</li></ul>]]></description>
              <TimeSpan>
                <begin>2026-10-08T16:10:12.916534+00:00</begin>
                <end>2026-10-08T16:55:13.916534+00:00</end>
              </TimeSpan>
              <MultiGeometry>
                <Polygon>
                  <altitudeMode>absolute</altitudeMode>
                  <outerBoundaryIs>
                    <LinearRing>
                      <coordinates>-96.75885635281706,32.80843430375773,120.25316077644253 -96.75885635281706,32.80906248735413,120.25316077644253 -96.75793934130733,32.80906248735413,120.25316077644253 -96.75793934130733,32.80843430375773,120.25316077644253</coordinates>
                    </LinearRing>
                  </outerBoundaryIs>
                </Polygon>
                <Polygon>
                  <altitudeMode>absolute</altitudeMode>
                  <outerBoundaryIs>
                    <LinearRing>
                      <coordinates>-96.75885635281706,32.80843430375773,150.24316077644252 -96.75885635281706,32.80906248735413,150.24316077644252 -96.75793934130733,32.80906248735413,150.24316077644252 -96.75793934130733,32.80843430375773,150.24316077644252</coordinates>
                    </LinearRing>
                  </outerBoundaryIs>
                </Polygon>
                <Polygon>
                  <altitudeMode>absolute</altitudeMode>
                  <outerBoundaryIs>
                    <LinearRing>
                      <coordinates>-96.75885635281706,32.80843430375773,120.25316077644253 -96.75885635281706,32.80843430375773,150.24316077644252 -96.75885635281706,32.80906248735413,150.24316077644252 -96.75885635281706,32.80906248735413,120.25316077644253</coordinates>
                    </LinearRing>
                  </outerBoundaryIs>
                </Polygon>
                <Polygon>
                  <altitudeMode>absolute</altitudeMode>
                  <outerBoundaryIs>
                    <LinearRing>
                      <coordinates>-96.75885635281706,32.80906248735413,120.25316077644253 -96.75885635281706,32.80906248735413,150.24316077644252 -96.75793934130733,32.80906248735413,150.24316077644252 -96.75793934130733,32.80906248735413,120.25316077644253</coordinates>
                    </LinearRing>
                  </outerBoundaryIs>
                </Polygon>
                <Polygon>
                  <altitudeMode>absolute</altitudeMode>
                  <outerBoundaryIs>
                    <LinearRing>
                      <coordinates>-96.75793934130733,32.80906248735413,120.25316077644253 -96.75793934130733,32.80906248735413,150.24316077644252 -96.75793934130733,32.80843430375773,150.24316077644252 -96.75793934130733,32.80843430375773,120.25316077644253</coordinates>
                    </LinearRing>
                  </outerBoundaryIs>
                </Polygon>
                <Polygon>
                  <altitudeMode>absolute</altitudeMode>
                  <outerBoundaryIs>
                    <LinearRing>
                      <coordinates>-96.75793934130733,32.80843430375773,120.25316077644253 -96.75793934130733,32.80843430375773,150.24316077644252 -96.75885635281706,32.80843430375773,150.24316077644252 -96.75885635281706,32.80843430375773,120.25316077644253</coordinates>
                    </LinearRing>
                  </outerBoundaryIs>
                </Polygon>
              </MultiGeometry>
            </Placemark>
          </Folder>
        </Folder>
        <Folder>
          <name>Delete Flight 2</name>
        </Folder>
      </Folder>
      <Folder>
        <name>Attempt to modify planned flight in conflict</name>
        <Folder>
          <name>Plan Flight 1</name>
          <Folder>
            <name>E35: uss1_dss astm.f3548.v21.dss.queryOperationalIntentReferences</name>
            <Placemark>
              <name>area_of_interest</name>
              <styleUrl>#QueryArea</styleUrl>
              <description><![CDATA[(no operational intent references found)]]></description>
              <TimeSpan>
                <begin>2026-10-08T16:10:12.997472+00:00</begin>
                <end>2026-10-08T16:55:13.997472+00:00</end>
              </TimeSpan>
              <MultiGeometry>
                <Polygon>
                  <altitudeMode>absolute</altitudeMode>
                  <outerBoundaryIs>
                    <LinearRing>
                      <coordinates>-96.75885635281706,32.80843430375773,120.25316077644253 -96.75885635281706,32.80906248735413,120.25316077644253 -96.75793934130733,32.80906248735413,120.25316077644253 -96.75793934130733,32.80843430375773,120.25316077644253</coordinates>
                    </LinearRing>
                  </outerBoundaryIs>
                </Polygon>
                <Polygon>
                  <altitudeMode>absolute</altitudeMode>
                  <outerBoundaryIs>
                    <LinearRing>
                      <coordinates>-96.75885635281706,32.80843430375773,150.24316077644252 -96.75885635281706,32.80906248735413,150.24316077644252 -96.75793934130733,32.80906248735413,150.24316077644252 -96.75793934130733,32.80843430375773,150.24316077644252</coordinates>
                    </LinearRing>
                  </outerBoundaryIs>
                </Polygon>
                <Polygon>
                  <altitudeMode>absolute</altitudeMode>
                  <outerBoundaryIs>
                    <LinearRing>
                      <coordinates>-96.75885635281706,32.80843430375773,120.25316077644253 -96.75885635281706,32.80843430375773,150.24316077644252 -96.75885635281706,32.80906248735413,150.24316077644252 -96.75885635281706,32.80906248735413,120.25316077644253</coordinates>
                    </LinearRing>
                  </outerBoundaryIs>
                </Polygon>
                <Polygon>
                  <altitudeMode>absolute</altitudeMode>
                  <outerBoundaryIs>
                    <LinearRing>
                      <coordinates>-96.75885635281706,32.80906248735413,120.25316077644253 -96.75885635281706,32.80906248735413,150.24316077644252 -96.75793934130733,32.80906248735413,150.24316077644252 -96.75793934130733,32.80906248735413,120.25316077644253</coordinates>
                    </LinearRing>
                  </outerBoundaryIs>
                </Polygon>
                <Polygon>
                  <altitudeMode>absolute</altitudeMode>
                  <outerBoundaryIs>
                    <LinearRing>
                      <coordinates>-96.75793934130733,32.80906248735413,120.25316077644253 -96.75793934130733,32.80906248735413,150.24316077644252 -96.75793934130733,32.80843430375773,150.24316077644252 -96.75793934130733,32.80843430375773,120.25316077644253</coordinates>
                    </LinearRing>
                  </outerBoundaryIs>
                </Polygon>
                <Polygon>
                  <altitudeMode>absolute</altitudeMode>
                  <outerBoundaryIs>
                    <LinearRing>
                      <coordinates>-96.75793934130733,32.80843430375773,120.25316077644253 -96.75793934130733,32.80843430375773,150.24316077644252 -96.75885635281706,32.80843430375773,150.24316077644252 -96.75885635281706,32.80843430375773,120.25316077644253</coordinates>
                    </LinearRing>
                  </outerBoundaryIs>
                </Polygon>
              </MultiGeometry>
            </Placemark>
          </Folder>
          <Folder>
            <name>E37: uss2_core interuss.automated_testing.flight_planning.v1.UpsertFlightPlan</name>
            <Folder>
              <name>Activity Completed, flight Planned</name>
              <Placemark>
                <name>Volume 0</name>
                <styleUrl>#Planned_Nominal</styleUrl>
                <TimeSpan>
                  <begin>2026-10-08T16:10:12.997472+00:00</begin>
                  <end>2026-10-08T16:55:13.997472+00:00</end>
                </TimeSpan>
                <MultiGeometry>
                  <Polygon>
                    <altitudeMode>absolute</altitudeMode>
                    <outerBoundaryIs>
                      <LinearRing>
                        <coordinates>-96.75864371115235,32.80843430375773,120.25322002249885 -96.75885635281706,32.808675256753716,120.25322002249885 -96.75823520315319,32.80906248735413,120.25322002249885 -96.75793934130733,32.80881116101377,120.25322002249885</coordinates>
                      </LinearRing>
                    </outerBoundaryIs>
                  </Polygon>
                  <Polygon>
                    <altitudeMode>absolute</altitudeMode>
                    <outerBoundaryIs>
                      <LinearRing>
                        <coordinates>-96.75864371115235,32.80843430375773,150.24322002249886 -96.75885635281706,32.808675256753716,150.24322002249886 -96.75823520315319,32.80906248735413,150.24322002249886 -96.75793934130733,32.80881116101377,150.24322002249886</coordinates>
                      </LinearRing>
                    </outerBoundaryIs>
                  </Polygon>
                  <Polygon>
                    <altitudeMode>absolute</altitudeMode>
                    <outerBoundaryIs>
                      <LinearRing>
                        <coordinates>-96.75864371115235,32.80843430375773,120.25322002249885 -96.75864371115235,32.80843430375773,150.24322002249886 -96.75885635281706,32.808675256753716,150.24322002249886 -96.75885635281706,32.808675256753716,120.25322002249885</coordinates>
                      </LinearRing>
                    </outerBoundaryIs>
                  </Polygon>
                  <Polygon>
                    <altitudeMode>absolute</altitudeMode>
                    <outerBoundaryIs>
                      <LinearRing>
                        <coordinates>-96.75885635281706,32.808675256753716,120.25322002249885 -96.75885635281706,32.808675256753716,150.24322002249886 -96.75823520315319,32.80906248735413,150.24322002249886 -96.75823520315319,32.80906248735413,120.25322002249885</coordinates>
                      </LinearRing>
                    </outerBoundaryIs>
                  </Polygon>
                  <Polygon>
                    <altitudeMode>absolute</altitudeMode>
                    <outerBoundaryIs>
                      <LinearRing>
                        <coordinates>-96.75823520315319,32.80906248735413,120.25322002249885 -96.75823520315319,32.80906248735413,150.24322002249886 -96.75793934130733,32.80881116101377,150.24322002249886 -96.75793934130733,32.80881116101377,120.25322002249885</coordinates>
                      </LinearRing>
                    </outerBoundaryIs>
                  </Polygon>
                  <Polygon>
                    <altitudeMode>absolute</altitudeMode>
                    <outerBoundaryIs>
                      <LinearRing>
                        <coordinates>-96.75793934130733,32.80881116101377,120.25322002249885 -96.75793934130733,32.80881116101377,150.24322002249886 -96.75864371115235,32.80843430375773,150.24322002249886 -96.75864371115235,32.80843430375773,120.25322002249885</coordinates>
                      </LinearRing>
                    </outerBoundaryIs>
                  </Polygon>
                </MultiGeometry>
              </Placemark>
            </Folder>
          </Folder>
          <Folder>
            <name>E41: uss1_dss astm.f3548.v21.dss.queryOperationalIntentReferences</name>
            <Placemark>
              <name>area_of_interest</name>
              <styleUrl>#QueryArea</styleUrl>
              <description><![CDATA[<ul><li>uss2's Accepted 7d342ca8-156b-4eb4-8492-708bfb7511fc[1]</li></ul>]]></description>
              <TimeSpan>
                <begin>2026-10-08T16:10:12.997472+00:00</begin>
                <end>2026-10-08T16:55:13.997472+00:00</end>
              </TimeSpan>
              <MultiGeometry>
                <Polygon>
                  <altitudeMode>absolute</altitudeMode>
                  <outerBoundaryIs>
                    <LinearRing>
                      <coordinates>-96.75885635281706,32.80843430375773,120.25316077644253 -96.75885635281706,32.80906248735413,120.25316077644253 -96.75793934130733,32.80906248735413,120.25316077644253 -96.75793934130733,32.80843430375773,120.25316077644253</coordinates>
                    </LinearRing>
                  </outerBoundaryIs>
                </Polygon>
                <Polygon>
                  <altitudeMode>absolute</altitudeMode>
                  <outerBoundaryIs>
                    <LinearRing>
                      <coordinates>-96.75885635281706,32.80843430375773,150.24316077644252 -96.75885635281706,32.80906248735413,150.24316077644252 -96.75793934130733,32.80906248735413,150.24316077644252 -96.75793934130733,32.80843430375773,150.24316077644252</coordinates>
                    </LinearRing>
                  </outerBoundaryIs>
                </Polygon>
                <Polygon>
                  <altitudeMode>absolute</altitudeMode>
                  <outerBoundaryIs>
                    <LinearRing>
                      <coordinates>-96.75885635281706,32.80843430375773,120.25316077644253 -96.75885635281706,32.80843430375773,150.24316077644252 -96.75885635281706,32.80906248735413,150.24316077644252 -96.75885635281706,32.80906248735413,120.25316077644253</coordinates>
                    </LinearRing>
                  </outerBoundaryIs>
                </Polygon>
                <Polygon>
                  <altitudeMode>absolute</altitudeMode>
                  <outerBoundaryIs>
                    <LinearRing>
                      <coordinates>-96.75885635281706,32.80906248735413,120.25316077644253 -96.75885635281706,32.80906248735413,150.24316077644252 -96.75793934130733,32.80906248735413,150.24316077644252 -96.75793934130733,32.80906248735413,120.25316077644253</coordinates>
                    </LinearRing>
                  </outerBoundaryIs>
                </Polygon>
                <Polygon>
                  <altitudeMode>absolute</altitudeMode>
                  <outerBoundaryIs>
                    <LinearRing>
                      <coordinates>-96.75793934130733,32.80906248735413,120.25316077644253 -96.75793934130733,32.80906248735413,150.24316077644252 -96.75793934130733,32.80843430375773,150.24316077644252 -96.75793934130733,32.80843430375773,120.25316077644253</coordinates>
                    </LinearRing>
                  </outerBoundaryIs>
                </Polygon>
                <Polygon>
                  <altitudeMode>absolute</altitudeMode>
                  <outerBoundaryIs>
                    <LinearRing>
                      <coordinates>-96.75793934130733,32.80843430375773,120.25316077644253 -96.75793934130733,32.80843430375773,150.24316077644252 -96.75885635281706,32.80843430375773,150.24316077644252 -96.75885635281706,32.80843430375773,120.25316077644253</coordinates>
                    </LinearRing>
                  </outerBoundaryIs>
                </Polygon>
              </MultiGeometry>
            </Placemark>
          </Folder>
          <Folder>
            <name>E45: uss2_core astm.f3548.v21.uss.getOperationalIntentDetails</name>
            <Folder>
              <name>uss2's P0 Accepted 7d342ca8-156b-4eb4-8492-708bfb7511fc[1] @ iOepQvBRtBGuYQLXa3WO46ZGx9XRi0ipi7Gt1X8RUlc_</name>
              <Placemark>
                <name>Nominal volume 0</name>
                <styleUrl>#F3548v21Accepted</styleUrl>
                <TimeSpan>
                  <begin>2026-10-08T16:10:14.016553+00:00</begin>
                  <end>2026-10-08T16:55:13.997472+00:00</end>
                </TimeSpan>
                <MultiGeometry>
                  <Polygon>
                    <altitudeMode>absolute</altitudeMode>
                    <outerBoundaryIs>
                      <LinearRing>
                        <coordinates>-96.75864371115235,32.80843430375773,120.25322002249885 -96.75885635281706,32.808675256753716,120.25322002249885 -96.75823520315319,32.80906248735413,120.25322002249885 -96.75793934130733,32.80881116101377,120.25322002249885</coordinates>
                      </LinearRing>
                    </outerBoundaryIs>
                  </Polygon>
                  <Polygon>
                    <altitudeMode>absolute</altitudeMode>
                    <outerBoundaryIs>
                      <LinearRing>
                        <coordinates>-96.75864371115235,32.80843430375773,150.24322002249886 -96.75885635281706,32.808675256753716,150.24322002249886 -96.75823520315319,32.80906248735413,150.24322002249886 -96.75793934130733,32.80881116101377,150.24322002249886</coordinates>
                      </LinearRing>
                    </outerBoundaryIs>
                  </Polygon>
                  <Polygon>
                    <altitudeMode>absolute</altitudeMode>
                    <outerBoundaryIs>
                      <LinearRing>
                        <coordinates>-96.75864371115235,32.80843430375773,120.25322002249885 -96.75864371115235,32.80843430375773,150.24322002249886 -96.75885635281706,32.808675256753716,150.24322002249886 -96.75885635281706,32.808675256753716,120.25322002249885</coordinates>
                      </LinearRing>
                    </outerBoundaryIs>
                  </Polygon>
                  <Polygon>
                    <altitudeMode>absolute</altitudeMode>
                    <outerBoundaryIs>
                      <LinearRing>
                        <coordinates>-96.75885635281706,32.808675256753716,120.25322002249885 -96.75885635281706,32.808675256753716,150.24322002249886 -96.75823520315319,32.80906248735413,150.24322002249886 -96.75823520315319,32.80906248735413,120.25322002249885</coordinates>
                      </LinearRing>
                    </outerBoundaryIs>
                  </Polygon>
                  <Polygon>
                    <altitudeMode>absolute</altitudeMode>
                    <outerBoundaryIs>
                      <LinearRing>
                        <coordinates>-96.75823520315319,32.80906248735413,120.25322002249885 -96.75823520315319,32.80906248735413,150.24322002249886 -96.75793934130733,32.80881116101377,150.24322002249886 -96.75793934130733,32.80881116101377,120.25322002249885</coordinates>
                      </LinearRing>
                    </outerBoundaryIs>
                  </Polygon>
                  <Polygon>
                    <altitudeMode>absolute</altitudeMode>
                    <outerBoundaryIs>
                      <LinearRing>
                        <coordinates>-96.75793934130733,32.80881116101377,120.25322002249885 -96.75793934130733,32.80881116101377,150.24322002249886 -96.75864371115235,32.80843430375773,150.24322002249886 -96.75864371115235,32.80843430375773,120.25322002249885</coordinates>
                      </LinearRing>
                    </outerBoundaryIs>
                  </Polygon>
                </MultiGeometry>
              </Placemark>
            </Folder>
          </Folder>
        </Folder>
        <Folder>
          <name>Plan Flight 2</name>
          <Folder>
            <name>E58: uss1_dss astm.f3548.v21.dss.queryOperationalIntentReferences</name>
            <Placemark>
              <name>area_of_interest</name>
              <styleUrl>#QueryArea</styleUrl>
              <description><![CDATA[<ul><li>uss2's Accepted 7d342ca8-156b-4eb4-8492-708bfb7511fc[1]</li></ul>]]></description>
              <TimeSpan>
                <begin>2026-10-08T16:10:13.131257+00:00</begin>
                <end>2026-10-08T16:55:14.131257+00:00</end>
              </TimeSpan>
              <MultiGeometry>
                <Polygon>
                  <altitudeMode>absolute</altitudeMode>
                  <outerBoundaryIs>
                    <LinearRing>
                      <coordinates>-96.75899653484747,32.80848350578745,119.1740375475805 -96.75899653484747,32.80908588835897,119.1740375475805 -96.75846492944123,32.80908588835897,119.1740375475805 -96.75846492944123,32.80848350578745,119.1740375475805</coordinates>
                    </LinearRing>
                  </outerBoundaryIs>
                </Polygon>
                <Polygon>
                  <altitudeMode>absolute</altitudeMode>
                  <outerBoundaryIs>
                    <LinearRing>
                      <coordinates>-96.75899653484747,32.80848350578745,148.2440375475805 -96.75899653484747,32.80908588835897,148.2440375475805 -96.75846492944123,32.80908588835897,148.2440375475805 -96.75846492944123,32.80848350578745,148.2440375475805</coordinates>
                    </LinearRing>
                  </outerBoundaryIs>
                </Polygon>
                <Polygon>
                  <altitudeMode>absolute</altitudeMode>
                  <outerBoundaryIs>
                    <LinearRing>
                      <coordinates>-96.75899653484747,32.80848350578745,119.1740375475805 -96.75899653484747,32.80848350578745,148.2440375475805 -96.75899653484747,32.80908588835897,148.2440375475805 -96.75899653484747,32.80908588835897,119.1740375475805</coordinates>
                    </LinearRing>
                  </outerBoundaryIs>
                </Polygon>
                <Polygon>
                  <altitudeMode>absolute</altitudeMode>
                  <outerBoundaryIs>
                    <LinearRing>
                      <coordinates>-96.75899653484747,32.80908588835897,119.1740375475805 -96.75899653484747,32.80908588835897,148.2440375475805 -96.75846492944123,32.80908588835897,148.2440375475805 -96.75846492944123,32.80908588835897,119.1740375475805</coordinates>
                    </LinearRing>
                  </outerBoundaryIs>
                </Polygon>
                <Polygon>
                  <altitudeMode>absolute</altitudeMode>
                  <outerBoundaryIs>
                    <LinearRing>
                      <coordinates>-96.75846492944123,32.80908588835897,119.1740375475805 -96.75846492944123,32.80908588835897,148.2440375475805 -96.75846492944123,32.80848350578745,148.2440375475805 -96.75846492944123,32.80848350578745,119.1740375475805</coordinates>
                    </LinearRing>
                  </outerBoundaryIs>
                </Polygon>
                <Polygon>
                  <altitudeMode>absolute</altitudeMode>
                  <outerBoundaryIs>
                    <LinearRing>
                      <coordinates>-96.75846492944123,32.80848350578745,119.1740375475805 -96.75846492944123,32.80848350578745,148.2440375475805 -96.75899653484747,32.80848350578745,148.2440375475805 -96.75899653484747,32.80848350578745,119.1740375475805</coordinates>
                    </LinearRing>
                  </outerBoundaryIs>
                </Polygon>
              </MultiGeometry>
            </Placemark>
          </Folder>
          <Folder>
            <name>E60: uss1_core interuss.automated_testing.flight_planning.v1.UpsertFlightPlan</name>
            <Folder>
              <name>Activity Completed, flight Planned</name>
              <Placemark>
                <name>Volume 0</name>
                <styleUrl>#Planned_Nominal</styleUrl>
                <TimeSpan>
                  <begin>2026-10-08T16:10:13.131257+00:00</begin>
                  <end>2026-10-08T16:55:14.131257+00:00</end>
                </TimeSpan>
                <MultiGeometry>
                  <Polygon>
                    <altitudeMode>absolute</altitudeMode>
                    <outerBoundaryIs>
                      <LinearRing>
                        <coordinates>-96.7589750141668,32.808725787215984,119.17406758695155 -96.75846492944123,32.80848350578745,119.17406758695155 -96.7585573286076,32.80892392481156,119.17406758695155 -96.75899653484747,32.80908588835897,119.17406758695155</coordinates>
                      </LinearRing>
                    </outerBoundaryIs>
                  </Polygon>
                  <Polygon>
                    <altitudeMode>absolute</altitudeMode>
                    <outerBoundaryIs>
                      <LinearRing>
                        <coordinates>-96.7589750141668,32.808725787215984,148.24406758695153 -96.75846492944123,32.80848350578745,148.24406758695153 -96.7585573286076,32.80892392481156,148.24406758695153 -96.75899653484747,32.80908588835897,148.24406758695153</coordinates>
                      </LinearRing>
                    </outerBoundaryIs>
                  </Polygon>
                  <Polygon>
                    <altitudeMode>absolute</altitudeMode>
                    <outerBoundaryIs>
                      <LinearRing>
                        <coordinates>-96.7589750141668,32.808725787215984,119.17406758695155 -96.7589750141668,32.808725787215984,148.24406758695153 -96.75846492944123,32.80848350578745,148.24406758695153 -96.75846492944123,32.80848350578745,119.17406758695155</coordinates>
                      </LinearRing>
                    </outerBoundaryIs>
                  </Polygon>
                  <Polygon>
                    <altitudeMode>absolute</altitudeMode>
                    <outerBoundaryIs>
                      <LinearRing>
                        <coordinates>-96.75846492944123,32.80848350578745,119.17406758695155 -96.75846492944123,32.80848350578745,148.24406758695153 -96.7585573286076,32.80892392481156,148.24406758695153 -96.7585573286076,32.80892392481156,119.17406758695155</coordinates>
                      </LinearRing>
                    </outerBoundaryIs>
                  </Polygon>
                  <Polygon>
                    <altitudeMode>absolute</altitudeMode>
                    <outerBoundaryIs>
                      <LinearRing>
                        <coordinates>-96.7585573286076,32.80892392481156,119.17406758695155 -96.7585573286076,32.80892392481156,148.24406758695153 -96.75899653484747,32.80908588835897,148.24406758695153 -96.75899653484747,32.80908588835897,119.17406758695155</coordinates>
                      </LinearRing>
                    </outerBoundaryIs>
                  </Polygon>
                  <Polygon>
                    <altitudeMode>absolute</altitudeMode>
                    <outerBoundaryIs>
                      <LinearRing>
                        <coordinates>-96.75899653484747,32.80908588835897,119.17406758695155 -96.75899653484747,32.80908588835897,148.24406758695153 -96.7589750141668,32.808725787215984,148.24406758695153 -96.7589750141668,32.808725787215984,119.17406758695155</coordinates>
                      </LinearRing>
                    </outerBoundaryIs>
                  </Polygon>
                </MultiGeometry>
              </Placemark>
            </Folder>
          </Folder>
          <Folder>
            <name>E64: uss1_dss astm.f3548.v21.dss.queryOperationalIntentReferences</name>
            <Placemark>
              <name>area_of_interest</name>
              <styleUrl>#QueryArea</styleUrl>
              <description><![CDATA[<ul><li>uss1's Accepted 6994c341-a593-4a39-bd57-004b66d22f31[1]</li><li>uss2's Accepted 7d342ca8-156b-4eb4-8492-708bfb7511fc[1]</li></ul>]]></description>
              <TimeSpan>
                <begin>2026-10-08T16:10:13.131257+00:00</begin>
                <end>2026-10-08T16:55:14.131257+00:00</end>
              </TimeSpan>
              <MultiGeometry>
                <Polygon>
                  <altitudeMode>absolute</altitudeMode>
                  <outerBoundaryIs>
                    <LinearRing>
                      <coordinates>-96.75899653484747,32.80848350578745,119.1740375475805 -96.75899653484747,32.80908588835897,119.1740375475805 -96.75846492944123,32.80908588835897,119.1740375475805 -96.75846492944123,32.80848350578745,119.1740375475805</coordinates>
                    </LinearRing>
                  </outerBoundaryIs>
                </Polygon>
                <Polygon>
                  <altitudeMode>absolute</altitudeMode>
                  <outerBoundaryIs>
                    <LinearRing>
                      <coordinates>-96.75899653484747,32.80848350578745,148.2440375475805 -96.75899653484747,32.80908588835897,148.2440375475805 -96.75846492944123,32.80908588835897,148.2440375475805 -96.75846492944123,32.80848350578745,148.2440375475805</coordinates>
                    </LinearRing>
                  </outerBoundaryIs>
                </Polygon>
                <Polygon>
                  <altitudeMode>absolute</altitudeMode>
                  <outerBoundaryIs>
                    <LinearRing>
                      <coordinates>-96.75899653484747,32.80848350578745,119.1740375475805 -96.75899653484747,32.80848350578745,148.2440375475805 -96.75899653484747,32.80908588835897,148.2440375475805 -96.75899653484747,32.80908588835897,119.1740375475805</coordinates>
                    </LinearRing>
                  </outerBoundaryIs>
                </Polygon>
                <Polygon>
                  <altitudeMode>absolute</altitudeMode>
                  <outerBoundaryIs>
                    <LinearRing>
                      <coordinates>-96.75899653484747,32.80908588835897,119.1740375475805 -96.75899653484747,32.80908588835897,148.2440375475805 -96.75846492944123,32.80908588835897,148.2440375475805 -96.75846492944123,32.80908588835897,119.1740375475805</coordinates>
                    </LinearRing>
                  </outerBoundaryIs>
                </Polygon>
                <Polygon>
                  <altitudeMode>absolute</altitudeMode>
                  <outerBoundaryIs>
                    <LinearRing>
                      <coordinates>-96.75846492944123,32.80908588835897,119.1740375475805 -96.75846492944123,32.80908588835897,148.2440375475805 -96.75846492944123,32.80848350578745,148.2440375475805 -96.75846492944123,32.80848350578745,119.1740375475805</coordinates>
                    </LinearRing>
                  </outerBoundaryIs>
                </Polygon>
                <Polygon>
                  <altitudeMode>absolute</altitudeMode>
                  <outerBoundaryIs>
                    <LinearRing>
                      <coordinates>-96.75846492944123,32.80848350578745,119.1740375475805 -96.75846492944123,32.80848350578745,148.2440375475805 -96.75899653484747,32.80848350578745,148.2440375475805 -96.75899653484747,32.80848350578745,119.1740375475805</coordinates>
                    </LinearRing>
                  </outerBoundaryIs>
                </Polygon>
              </MultiGeometry>
            </Placemark>
          </Folder>
          <Folder>
            <name>E68: uss1_core astm.f3548.v21.uss.getOperationalIntentDetails</name>
            <Folder>
              <name>uss1's P100 Accepted 6994c341-a593-4a39-bd57-004b66d22f31[1] @ LXCe-zbf0NSdHbc-WpTyndZJWmV8BnPOrs6B9AxgHXo_</name>
              <Placemark>
                <name>Nominal volume 0</name>
                <styleUrl>#F3548v21Accepted</styleUrl>
                <TimeSpan>
                  <begin>2026-10-08T16:10:14.154309+00:00</begin>
                  <end>2026-10-08T16:55:14.131257+00:00</end>
                </TimeSpan>
                <MultiGeometry>
                  <Polygon>
                    <altitudeMode>absolute</altitudeMode>
                    <outerBoundaryIs>
                      <LinearRing>
                        <coordinates>-96.7589750141668,32.808725787215984,119.17406758695155 -96.75846492944123,32.80848350578745,119.17406758695155 -96.7585573286076,32.80892392481156,119.17406758695155 -96.75899653484747,32.80908588835897,119.17406758695155</coordinates>
                      </LinearRing>
                    </outerBoundaryIs>
                  </Polygon>
                  <Polygon>
                    <altitudeMode>absolute</altitudeMode>
                    <outerBoundaryIs>
                      <LinearRing>
                        <coordinates>-96.7589750141668,32.808725787215984,148.24406758695153 -96.75846492944123,32.80848350578745,148.24406758695153 -96.7585573286076,32.80892392481156,148.24406758695153 -96.75899653484747,32.80908588835897,148.24406758695153</coordinates>
                      </LinearRing>
                    </outerBoundaryIs>
                  </Polygon>
                  <Polygon>
                    <altitudeMode>absolute</altitudeMode>
                    <outerBoundaryIs>
                      <LinearRing>
                        <coordinates>-96.7589750141668,32.808725787215984,119.17406758695155 -96.7589750141668,32.808725787215984,148.24406758695153 -96.75846492944123,32.80848350578745,148.24406758695153 -96.75846492944123,32.80848350578745,119.17406758695155</coordinates>
                      </LinearRing>
                    </outerBoundaryIs>
                  </Polygon>
                  <Polygon>
                    <altitudeMode>absolute</altitudeMode>
                    <outerBoundaryIs>
                      <LinearRing>
                        <coordinates>-96.75846492944123,32.80848350578745,119.17406758695155 -96.75846492944123,32.80848350578745,148.24406758695153 -96.7585573286076,32.80892392481156,148.24406758695153 -96.7585573286076,32.80892392481156,119.17406758695155</coordinates>
                      </LinearRing>
                    </outerBoundaryIs>
                  </Polygon>
                  <Polygon>
                    <altitudeMode>absolute</altitudeMode>
                    <outerBoundaryIs>
                      <LinearRing>
                        <coordinates>-96.7585573286076,32.80892392481156,119.17406758695155 -96.7585573286076,32.80892392481156,148.24406758695153 -96.75899653484747,32.80908588835897,148.24406758695153 -96.75899653484747,32.80908588835897,119.17406758695155</coordinates>
                      </LinearRing>
                    </outerBoundaryIs>
                  </Polygon>
                  <Polygon>
                    <altitudeMode>absolute</altitudeMode>
                    <outerBoundaryIs>
                      <LinearRing>
                        <coordinates>-96.75899653484747,32.80908588835897,119.17406758695155 -96.75899653484747,32.80908588835897,148.24406758695153 -96.7589750141668,32.808725787215984,148.24406758695153 -96.7589750141668,32.808725787215984,119.17406758695155</coordinates>
                      </LinearRing>
                    </outerBoundaryIs>
                  </Polygon>
                </MultiGeometry>
              </Placemark>
            </Folder>
          </Folder>
        </Folder>
        <Folder>
          <name>Check for conflict notifications</name>
        </Folder>
        <Folder>
          <name>Attempt to modify planned Flight 1 in conflict</name>
          <Folder>
            <name>E85: uss1_dss astm.f3548.v21.dss.queryOperationalIntentReferences</name>
            <Placemark>
              <name>area_of_interest</name>
              <styleUrl>#QueryArea</styleUrl>
              <description><![CDATA[<ul><li>uss1's Accepted 6994c341-a593-4a39-bd57-004b66d22f31[1]</li><li>uss2's Accepted 7d342ca8-156b-4eb4-8492-708bfb7511fc[1]</li></ul>]]></description>
              <TimeSpan>
                <begin>2026-10-08T16:10:13.313050+00:00</begin>
                <end>2026-10-08T16:55:14.313050+00:00</end>
              </TimeSpan>
              <MultiGeometry>
                <Polygon>
                  <altitudeMode>absolute</altitudeMode>
                  <outerBoundaryIs>
                    <LinearRing>
                      <coordinates>-96.75885635281706,32.80843430375773,90.21316077644252 -96.75885635281706,32.80906248735413,90.21316077644252 -96.75793934130733,32.80906248735413,90.21316077644252 -96.75793934130733,32.80843430375773,90.21316077644252</coordinates>
                    </LinearRing>
                  </outerBoundaryIs>
                </Polygon>
                <Polygon>
                  <altitudeMode>absolute</altitudeMode>
                  <outerBoundaryIs>
                    <LinearRing>
                      <coordinates>-96.75885635281706,32.80843430375773,150.24316077644252 -96.75885635281706,32.80906248735413,150.24316077644252 -96.75793934130733,32.80906248735413,150.24316077644252 -96.75793934130733,32.80843430375773,150.24316077644252</coordinates>
                    </LinearRing>
                  </outerBoundaryIs>
                </Polygon>
                <Polygon>
                  <altitudeMode>absolute</altitudeMode>
                  <outerBoundaryIs>
                    <LinearRing>
                      <coordinates>-96.75885635281706,32.80843430375773,90.21316077644252 -96.75885635281706,32.80843430375773,150.24316077644252 -96.75885635281706,32.80906248735413,150.24316077644252 -96.75885635281706,32.80906248735413,90.21316077644252</coordinates>
                    </LinearRing>
                  </outerBoundaryIs>
                </Polygon>
                <Polygon>
                  <altitudeMode>absolute</altitudeMode>
                  <outerBoundaryIs>
                    <LinearRing>
                      <coordinates>-96.75885635281706,32.80906248735413,90.21316077644252 -96.75885635281706,32.80906248735413,150.24316077644252 -96.75793934130733,32.80906248735413,150.24316077644252 -96.75793934130733,32.80906248735413,90.21316077644252</coordinates>
                    </LinearRing>
                  </outerBoundaryIs>
                </Polygon>
                <Polygon>
                  <altitudeMode>absolute</altitudeMode>
                  <outerBoundaryIs>
                    <LinearRing>
                      <coordinates>-96.75793934130733,32.80906248735413,90.21316077644252 -96.75793934130733,32.80906248735413,150.24316077644252 -96.75793934130733,32.80843430375773,150.24316077644252 -96.75793934130733,32.80843430375773,90.21316077644252</coordinates>
                    </LinearRing>
                  </outerBoundaryIs>
                </Polygon>
                <Polygon>
                  <altitudeMode>absolute</altitudeMode>
                  <outerBoundaryIs>
                    <LinearRing>
                      <coordinates>-96.75793934130733,32.80843430375773,90.21316077644252 -96.75793934130733,32.80843430375773,150.24316077644252 -96.75885635281706,32.80843430375773,150.24316077644252 -96.75885635281706,32.80843430375773,90.21316077644252</coordinates>
                    </LinearRing>
                  </outerBoundaryIs>
                </Polygon>
              </MultiGeometry>
            </Placemark>
          </Folder>
          <Folder>
            <name>E87: uss2_core interuss.automated_testing.flight_planning.v1.UpsertFlightPlan</name>
            <Folder>
              <name>Activity Rejected, flight Planned</name>
              <Placemark>
                <name>Volume 0</name>
                <styleUrl>#Planned_Nominal</styleUrl>
                <TimeSpan>
                  <begin>2026-10-08T16:10:13.313050+00:00</begin>
                  <end>2026-10-08T16:55:14.313050+00:00</end>
                </TimeSpan>
                <MultiGeometry>
                  <Polygon>
                    <altitudeMode>absolute</altitudeMode>
                    <outerBoundaryIs>
                      <LinearRing>
                        <coordinates>-96.75840480836739,32.80858323856318,90.21282529836677 -96.75861744974074,32.80882419196295,90.21282529836677 -96.75823520315319,32.80906248735413,90.21282529836677 -96.75793934130733,32.80881116101377,90.21282529836677</coordinates>
                      </LinearRing>
                    </outerBoundaryIs>
                  </Polygon>
                  <Polygon>
                    <altitudeMode>absolute</altitudeMode>
                    <outerBoundaryIs>
                      <LinearRing>
                        <coordinates>-96.75840480836739,32.80858323856318,150.24282529836677 -96.75861744974074,32.80882419196295,150.24282529836677 -96.75823520315319,32.80906248735413,150.24282529836677 -96.75793934130733,32.80881116101377,150.24282529836677</coordinates>
                      </LinearRing>
                    </outerBoundaryIs>
                  </Polygon>
                  <Polygon>
                    <altitudeMode>absolute</altitudeMode>
                    <outerBoundaryIs>
                      <LinearRing>
                        <coordinates>-96.75840480836739,32.80858323856318,90.21282529836677 -96.75840480836739,32.80858323856318,150.24282529836677 -96.75861744974074,32.80882419196295,150.24282529836677 -96.75861744974074,32.80882419196295,90.21282529836677</coordinates>
                      </LinearRing>
                    </outerBoundaryIs>
                  </Polygon>
                  <Polygon>
                    <altitudeMode>absolute</altitudeMode>
                    <outerBoundaryIs>
                      <LinearRing>
                        <coordinates>-96.75861744974074,32.80882419196295,90.21282529836677 -96.75861744974074,32.80882419196295,150.24282529836677 -96.75823520315319,32.80906248735413,150.24282529836677 -96.75823520315319,32.80906248735413,90.21282529836677</coordinates>
                      </LinearRing>
                    </outerBoundaryIs>
                  </Polygon>
                  <Polygon>
                    <altitudeMode>absolute</altitudeMode>
                    <outerBoundaryIs>
                      <LinearRing>
                        <coordinates>-96.75823520315319,32.80906248735413,90.21282529836677 -96.75823520315319,32.80906248735413,150.24282529836677 -96.75793934130733,32.80881116101377,150.24282529836677 -96.75793934130733,32.80881116101377,90.21282529836677</coordinates>
                      </LinearRing>
                    </outerBoundaryIs>
                  </Polygon>
                  <Polygon>
                    <altitudeMode>absolute</altitudeMode>
                    <outerBoundaryIs>
                      <LinearRing>
                        <coordinates>-96.75793934130733,32.80881116101377,90.21282529836677 -96.75793934130733,32.80881116101377,150.24282529836677 -96.75840480836739,32.80858323856318,150.24282529836677 -96.75840480836739,32.80858323856318,90.21282529836677</coordinates>
                      </LinearRing>
                    </outerBoundaryIs>
                  </Polygon>
                </MultiGeometry>
              </Placemark>
            </Folder>
          </Folder>
          <Folder>
            <name>E90: uss1_dss astm.f3548.v21.dss.queryOperationalIntentReferences</name>
            <Placemark>
              <name>area_of_interest</name>
              <styleUrl>#QueryArea</styleUrl>
              <description><![CDATA[<ul><li>uss1's Accepted 6994c341-a593-4a39-bd57-004b66d22f31[1]</li><li>uss2's Accepted 7d342ca8-156b-4eb4-8492-708bfb7511fc[1]</li></ul>]]></description>
              <TimeSpan>
                <begin>2026-10-08T16:10:13.313050+00:00</begin>
                <end>2026-10-08T16:55:14.313050+00:00</end>
              </TimeSpan>
              <MultiGeometry>
                <Polygon>
                  <altitudeMode>absolute</altitudeMode>
                  <outerBoundaryIs>
                    <LinearRing>
                      <coordinates>-96.75885635281706,32.80843430375773,90.21316077644252 -96.75885635281706,32.80906248735413,90.21316077644252 -96.75793934130733,32.80906248735413,90.21316077644252 -96.75793934130733,32.80843430375773,90.21316077644252</coordinates>
                    </LinearRing>
                  </outerBoundaryIs>
                </Polygon>
                <Polygon>
                  <altitudeMode>absolute</altitudeMode>
                  <outerBoundaryIs>
                    <LinearRing>
                      <coordinates>-96.75885635281706,32.80843430375773,150.24316077644252 -96.75885635281706,32.80906248735413,150.24316077644252 -96.75793934130733,32.80906248735413,150.24316077644252 -96.75793934130733,32.80843430375773,150.24316077644252</coordinates>
                    </LinearRing>
                  </outerBoundaryIs>
                </Polygon>
                <Polygon>
                  <altitudeMode>absolute</altitudeMode>
                  <outerBoundaryIs>
                    <LinearRing>
                      <coordinates>-96.75885635281706,32.80843430375773,90.21316077644252 -96.75885635281706,32.80843430375773,150.24316077644252 -96.75885635281706,32.80906248735413,150.24316077644252 -96.75885635281706,32.80906248735413,90.21316077644252</coordinates>
                    </LinearRing>
                  </outerBoundaryIs>
                </Polygon>
                <Polygon>
                  <altitudeMode>absolute</altitudeMode>
                  <outerBoundaryIs>
                    <LinearRing>
                      <coordinates>-96.75885635281706,32.80906248735413,90.21316077644252 -96.75885635281706,32.80906248735413,150.24316077644252 -96.75793934130733,32.80906248735413,150.24316077644252 -96.75793934130733,32.80906248735413,90.21316077644252</coordinates>
                    </LinearRing>
                  </outerBoundaryIs>
                </Polygon>
                <Polygon>
                  <altitudeMode>absolute</altitudeMode>
                  <outerBoundaryIs>
                    <LinearRing>
                      <coordinates>-96.75793934130733,32.80906248735413,90.21316077644252 -96.75793934130733,32.80906248735413,150.24316077644252 -96.75793934130733,32.80843430375773,150.24316077644252 -96.75793934130733,32.80843430375773,90.21316077644252</coordinates>
                    </LinearRing>
                  </outerBoundaryIs>
                </Polygon>
                <Polygon>
                  <altitudeMode>absolute</altitudeMode>
                  <outerBoundaryIs>
                    <LinearRing>
                      <coordinates>-96.75793934130733,32.80843430375773,90.21316077644252 -96.75793934130733,32.80843430375773,150.24316077644252 -96.75885635281706,32.80843430375773,150.24316077644252 -96.75885635281706,32.80843430375773,90.21316077644252</coordinates>
                    </LinearRing>
                  </outerBoundaryIs>
                </Polygon>
              </MultiGeometry>
            </Placemark>
          </Folder>
          <Folder>
            <name>E94: uss2_core astm.f3548.v21.uss.getOperationalIntentDetails</name>
            <Folder>
              <name>uss2's P0 Accepted 7d342ca8-156b-4eb4-8492-708bfb7511fc[1] @ iOepQvBRtBGuYQLXa3WO46ZGx9XRi0ipi7Gt1X8RUlc_</name>
              <Placemark>
                <name>Nominal volume 0</name>
                <styleUrl>#F3548v21Accepted</styleUrl>
                <TimeSpan>
                  <begin>2026-10-08T16:10:14.016553+00:00</begin>
                  <end>2026-10-08T16:55:13.997472+00:00</end>
                </TimeSpan>
                <MultiGeometry>
                  <Polygon>
                    <altitudeMode>absolute</altitudeMode>
                    <outerBoundaryIs>
                      <LinearRing>
                        <coordinates>-96.75864371115235,32.80843430375773,120.25322002249885 -96.75885635281706,32.808675256753716,120.25322002249885 -96.75823520315319,32.80906248735413,120.25322002249885 -96.75793934130733,32.80881116101377,120.25322002249885</coordinates>
                      </LinearRing>
                    </outerBoundaryIs>
                  </Polygon>
                  <Polygon>
                    <altitudeMode>absolute</altitudeMode>
                    <outerBoundaryIs>
                      <LinearRing>
                        <coordinates>-96.75864371115235,32.80843430375773,150.24322002249886 -96.75885635281706,32.808675256753716,150.24322002249886 -96.75823520315319,32.80906248735413,150.24322002249886 -96.75793934130733,32.80881116101377,150.24322002249886</coordinates>
                      </LinearRing>
                    </outerBoundaryIs>
                  </Polygon>
                  <Polygon>
                    <altitudeMode>absolute</altitudeMode>
                    <outerBoundaryIs>
                      <LinearRing>
                        <coordinates>-96.75864371115235,32.80843430375773,120.25322002249885 -96.75864371115235,32.80843430375773,150.24322002249886 -96.75885635281706,32.808675256753716,150.24322002249886 -96.75885635281706,32.808675256753716,120.25322002249885</coordinates>
                      </LinearRing>
                    </outerBoundaryIs>
                  </Polygon>
                  <Polygon>
                    <altitudeMode>absolute</altitudeMode>
                    <outerBoundaryIs>
                      <LinearRing>
                        <coordinates>-96.75885635281706,32.808675256753716,120.25322002249885 -96.75885635281706,32.808675256753716,150.24322002249886 -96.75823520315319,32.80906248735413,150.24322002249886 -96.75823520315319,32.80906248735413,120.25322002249885</coordinates>
                      </LinearRing>
                    </outerBoundaryIs>
                  </Polygon>
                  <Polygon>
                    <altitudeMode>absolute</altitudeMode>
                    <outerBoundaryIs>
                      <LinearRing>
                        <coordinates>-96.75823520315319,32.80906248735413,120.25322002249885 -96.75823520315319,32.80906248735413,150.24322002249886 -96.75793934130733,32.80881116101377,150.24322002249886 -96.75793934130733,32.80881116101377,120.25322002249885</coordinates>
                      </LinearRing>
                    </outerBoundaryIs>
                  </Polygon>
                  <Polygon>
                    <altitudeMode>absolute</altitudeMode>
                    <outerBoundaryIs>
                      <LinearRing>
                        <coordinates>-96.75793934130733,32.80881116101377,120.25322002249885 -96.75793934130733,32.80881116101377,150.24322002249886 -96.75864371115235,32.80843430375773,150.24322002249886 -96.75864371115235,32.80843430375773,120.25322002249885</coordinates>
                      </LinearRing>
                    </outerBoundaryIs>
                  </Polygon>
                </MultiGeometry>
              </Placemark>
            </Folder>
          </Folder>
        </Folder>
      </Folder>
      <Folder>
        <name>Attempt to activate flight in conflict</name>
        <Folder>
          <name>Attempt to activate conflicting Flight 1</name>
          <Folder>
            <name>E103: uss1_dss astm.f3548.v21.dss.queryOperationalIntentReferences</name>
            <Placemark>
              <name>area_of_interest</name>
              <styleUrl>#QueryArea</styleUrl>
              <description><![CDATA[<ul><li>uss1's Accepted 6994c341-a593-4a39-bd57-004b66d22f31[1]</li><li>uss2's Accepted 7d342ca8-156b-4eb4-8492-708bfb7511fc[1]</li></ul>]]></description>
              <TimeSpan>
                <begin>2026-10-08T16:10:13.404790+00:00</begin>
                <end>2026-10-08T16:55:14.404790+00:00</end>
              </TimeSpan>
              <MultiGeometry>
                <Polygon>
                  <altitudeMode>absolute</altitudeMode>
                  <outerBoundaryIs>
                    <LinearRing>
                      <coordinates>-96.75885635281706,32.80843430375773,120.25316077644253 -96.75885635281706,32.80906248735413,120.25316077644253 -96.75793934130733,32.80906248735413,120.25316077644253 -96.75793934130733,32.80843430375773,120.25316077644253</coordinates>
                    </LinearRing>
                  </outerBoundaryIs>
                </Polygon>
                <Polygon>
                  <altitudeMode>absolute</altitudeMode>
                  <outerBoundaryIs>
                    <LinearRing>
                      <coordinates>-96.75885635281706,32.80843430375773,150.24316077644252 -96.75885635281706,32.80906248735413,150.24316077644252 -96.75793934130733,32.80906248735413,150.24316077644252 -96.75793934130733,32.80843430375773,150.24316077644252</coordinates>
                    </LinearRing>
                  </outerBoundaryIs>
                </Polygon>
                <Polygon>
                  <altitudeMode>absolute</altitudeMode>
                  <outerBoundaryIs>
                    <LinearRing>
                      <coordinates>-96.75885635281706,32.80843430375773,120.25316077644253 -96.75885635281706,32.80843430375773,150.24316077644252 -96.75885635281706,32.80906248735413,150.24316077644252 -96.75885635281706,32.80906248735413,120.25316077644253</coordinates>
                    </LinearRing>
                  </outerBoundaryIs>
                </Polygon>
                <Polygon>
                  <altitudeMode>absolute</altitudeMode>
                  <outerBoundaryIs>
                    <LinearRing>
                      <coordinates>-96.75885635281706,32.80906248735413,120.25316077644253 -96.75885635281706,32.80906248735413,150.24316077644252 -96.75793934130733,32.80906248735413,150.24316077644252 -96.75793934130733,32.80906248735413,120.25316077644253</coordinates>
                    </LinearRing>
                  </outerBoundaryIs>
                </Polygon>
                <Polygon>
                  <altitudeMode>absolute</altitudeMode>
                  <outerBoundaryIs>
                    <LinearRing>
                      <coordinates>-96.75793934130733,32.80906248735413,120.25316077644253 -96.75793934130733,32.80906248735413,150.24316077644252 -96.75793934130733,32.80843430375773,150.24316077644252 -96.75793934130733,32.80843430375773,120.25316077644253</coordinates>
                    </LinearRing>
                  </outerBoundaryIs>
                </Polygon>
                <Polygon>
                  <altitudeMode>absolute</altitudeMode>
                  <outerBoundaryIs>
                    <LinearRing>
                      <coordinates>-96.75793934130733,32.80843430375773,120.25316077644253 -96.75793934130733,32.80843430375773,150.24316077644252 -96.75885635281706,32.80843430375773,150.24316077644252 -96.75885635281706,32.80843430375773,120.25316077644253</coordinates>
                    </LinearRing>
                  </outerBoundaryIs>
                </Polygon>
              </MultiGeometry>
            </Placemark>
          </Folder>
          <Folder>
            <name>E105: uss2_core interuss.automated_testing.flight_planning.v1.UpsertFlightPlan</name>
            <Folder>
              <name>Activity Rejected, flight Planned</name>
              <Placemark>
                <name>Volume 0</name>
                <styleUrl>#InUse_Nominal</styleUrl>
                <TimeSpan>
                  <begin>2026-10-08T16:10:13.404790+00:00</begin>
                  <end>2026-10-08T16:55:14.404790+00:00</end>
                </TimeSpan>
                <MultiGeometry>
                  <Polygon>
                    <altitudeMode>absolute</altitudeMode>
                    <outerBoundaryIs>
                      <LinearRing>
                        <coordinates>-96.75864371115235,32.80843430375773,120.26322002249884 -96.75885635281706,32.808675256753716,120.26322002249884 -96.75823520315319,32.80906248735413,120.26322002249884 -96.75793934130733,32.80881116101377,120.26322002249884</coordinates>
                      </LinearRing>
                    </outerBoundaryIs>
                  </Polygon>
                  <Polygon>
                    <altitudeMode>absolute</altitudeMode>
                    <outerBoundaryIs>
                      <LinearRing>
                        <coordinates>-96.75864371115235,32.80843430375773,150.24322002249886 -96.75885635281706,32.808675256753716,150.24322002249886 -96.75823520315319,32.80906248735413,150.24322002249886 -96.75793934130733,32.80881116101377,150.24322002249886</coordinates>
                      </LinearRing>
                    </outerBoundaryIs>
                  </Polygon>
                  <Polygon>
                    <altitudeMode>absolute</altitudeMode>
                    <outerBoundaryIs>
                      <LinearRing>
                        <coordinates>-96.75864371115235,32.80843430375773,120.26322002249884 -96.75864371115235,32.80843430375773,150.24322002249886 -96.75885635281706,32.808675256753716,150.24322002249886 -96.75885635281706,32.808675256753716,120.26322002249884</coordinates>
                      </LinearRing>
                    </outerBoundaryIs>
                  </Polygon>
                  <Polygon>
                    <altitudeMode>absolute</altitudeMode>
                    <outerBoundaryIs>
                      <LinearRing>
                        <coordinates>-96.75885635281706,32.808675256753716,120.26322002249884 -96.75885635281706,32.808675256753716,150.24322002249886 -96.75823520315319,32.80906248735413,150.24322002249886 -96.75823520315319,32.80906248735413,120.26322002249884</coordinates>
                      </LinearRing>
                    </outerBoundaryIs>
                  </Polygon>
                  <Polygon>
                    <altitudeMode>absolute</altitudeMode>
                    <outerBoundaryIs>
                      <LinearRing>
                        <coordinates>-96.75823520315319,32.80906248735413,120.26322002249884 -96.75823520315319,32.80906248735413,150.24322002249886 -96.75793934130733,32.80881116101377,150.24322002249886 -96.75793934130733,32.80881116101377,120.26322002249884</coordinates>
                      </LinearRing>
                    </outerBoundaryIs>
                  </Polygon>
                  <Polygon>
                    <altitudeMode>absolute</altitudeMode>
                    <outerBoundaryIs>
                      <LinearRing>
                        <coordinates>-96.75793934130733,32.80881116101377,120.26322002249884 -96.75793934130733,32.80881116101377,150.24322002249886 -96.75864371115235,32.80843430375773,150.24322002249886 -96.75864371115235,32.80843430375773,120.26322002249884</coordinates>
                      </LinearRing>
                    </outerBoundaryIs>
                  </Polygon>
                </MultiGeometry>
              </Placemark>
            </Folder>
          </Folder>
          <Folder>
            <name>E108: uss1_dss astm.f3548.v21.dss.queryOperationalIntentReferences</name>
            <Placemark>
              <name>area_of_interest</name>
              <styleUrl>#QueryArea</styleUrl>
              <description><![CDATA[<ul><li>uss1's Accepted 6994c341-a593-4a39-bd57-004b66d22f31[1]</li><li>uss2's Accepted 7d342ca8-156b-4eb4-8492-708bfb7511fc[1]</li></ul>]]></description>
              <TimeSpan>
                <begin>2026-10-08T16:10:13.404790+00:00</begin>
                <end>2026-10-08T16:55:14.404790+00:00</end>
              </TimeSpan>
              <MultiGeometry>
                <Polygon>
                  <altitudeMode>absolute</altitudeMode>
                  <outerBoundaryIs>
                    <LinearRing>
                      <coordinates>-96.75885635281706,32.80843430375773,120.25316077644253 -96.75885635281706,32.80906248735413,120.25316077644253 -96.75793934130733,32.80906248735413,120.25316077644253 -96.75793934130733,32.80843430375773,120.25316077644253</coordinates>
                    </LinearRing>
                  </outerBoundaryIs>
                </Polygon>
                <Polygon>
                  <altitudeMode>absolute</altitudeMode>
                  <outerBoundaryIs>
                    <LinearRing>
                      <coordinates>-96.75885635281706,32.80843430375773,150.24316077644252 -96.75885635281706,32.80906248735413,150.24316077644252 -96.75793934130733,32.80906248735413,150.24316077644252 -96.75793934130733,32.80843430375773,150.24316077644252</coordinates>
                    </LinearRing>
                  </outerBoundaryIs>
                </Polygon>
                <Polygon>
                  <altitudeMode>absolute</altitudeMode>
                  <outerBoundaryIs>
                    <LinearRing>
                      <coordinates>-96.75885635281706,32.80843430375773,120.25316077644253 -96.75885635281706,32.80843430375773,150.24316077644252 -96.75885635281706,32.80906248735413,150.24316077644252 -96.75885635281706,32.80906248735413,120.25316077644253</coordinates>
                    </LinearRing>
                  </outerBoundaryIs>
                </Polygon>
                <Polygon>
                  <altitudeMode>absolute</altitudeMode>
                  <outerBoundaryIs>
                    <LinearRing>
                      <coordinates>-96.75885635281706,32.80906248735413,120.25316077644253 -96.75885635281706,32.80906248735413,150.24316077644252 -96.75793934130733,32.80906248735413,150.24316077644252 -96.75793934130733,32.80906248735413,120.25316077644253</coordinates>
                    </LinearRing>
                  </outerBoundaryIs>
                </Polygon>
                <Polygon>
                  <altitudeMode>absolute</altitudeMode>
                  <outerBoundaryIs>
                    <LinearRing>
                      <coordinates>-96.75793934130733,32.80906248735413,120.25316077644253 -96.75793934130733,32.80906248735413,150.24316077644252 -96.75793934130733,32.80843430375773,150.24316077644252 -96.75793934130733,32.80843430375773,120.25316077644253</coordinates>
                    </LinearRing>
                  </outerBoundaryIs>
                </Polygon>
                <Polygon>
                  <altitudeMode>absolute</altitudeMode>
                  <outerBoundaryIs>
                    <LinearRing>
                      <coordinates>-96.75793934130733,32.80843430375773,120.25316077644253 -96.75793934130733,32.80843430375773,150.24316077644252 -96.75885635281706,32.80843430375773,150.24316077644252 -96.75885635281706,32.80843430375773,120.25316077644253</coordinates>
                    </LinearRing>
                  </outerBoundaryIs>
                </Polygon>
              </MultiGeometry>
            </Placemark>
          </Folder>
          <Folder>
            <name>E112: uss2_core astm.f3548.v21.uss.getOperationalIntentDetails</name>
            <Folder>
              <name>uss2's P0 Accepted 7d342ca8-156b-4eb4-8492-708bfb7511fc[1] @ iOepQvBRtBGuYQLXa3WO46ZGx9XRi0ipi7Gt1X8RUlc_</name>
              <Placemark>
                <name>Nominal volume 0</name>
                <styleUrl>#F3548v21Accepted</styleUrl>
                <TimeSpan>
                  <begin>2026-10-08T16:10:14.016553+00:00</begin>
                  <end>2026-10-08T16:55:13.997472+00:00</end>
                </TimeSpan>
                <MultiGeometry>
                  <Polygon>
                    <altitudeMode>absolute</altitudeMode>
                    <outerBoundaryIs>
                      <LinearRing>
                        <coordinates>-96.75864371115235,32.80843430375773,120.25322002249885 -96.75885635281706,32.808675256753716,120.25322002249885 -96.75823520315319,32.80906248735413,120.25322002249885 -96.75793934130733,32.80881116101377,120.25322002249885</coordinates>
                      </LinearRing>
                    </outerBoundaryIs>
                  </Polygon>
                  <Polygon>
                    <altitudeMode>absolute</altitudeMode>
                    <outerBoundaryIs>
                      <LinearRing>
                        <coordinates>-96.75864371115235,32.80843430375773,150.24322002249886 -96.75885635281706,32.808675256753716,150.24322002249886 -96.75823520315319,32.80906248735413,150.24322002249886 -96.75793934130733,32.80881116101377,150.24322002249886</coordinates>
                      </LinearRing>
                    </outerBoundaryIs>
                  </Polygon>
                  <Polygon>
                    <altitudeMode>absolute</altitudeMode>
                    <outerBoundaryIs>
                      <LinearRing>
                        <coordinates>-96.75864371115235,32.80843430375773,120.25322002249885 -96.75864371115235,32.80843430375773,150.24322002249886 -96.75885635281706,32.808675256753716,150.24322002249886 -96.75885635281706,32.808675256753716,120.25322002249885</coordinates>
                      </LinearRing>
                    </outerBoundaryIs>
                  </Polygon>
                  <Polygon>
                    <altitudeMode>absolute</altitudeMode>
                    <outerBoundaryIs>
                      <LinearRing>
                        <coordinates>-96.75885635281706,32.808675256753716,120.25322002249885 -96.75885635281706,32.808675256753716,150.24322002249886 -96.75823520315319,32.80906248735413,150.24322002249886 -96.75823520315319,32.80906248735413,120.25322002249885</coordinates>
                      </LinearRing>
                    </outerBoundaryIs>
                  </Polygon>
                  <Polygon>
                    <altitudeMode>absolute</altitudeMode>
                    <outerBoundaryIs>
                      <LinearRing>
                        <coordinates>-96.75823520315319,32.80906248735413,120.25322002249885 -96.75823520315319,32.80906248735413,150.24322002249886 -96.75793934130733,32.80881116101377,150.24322002249886 -96.75793934130733,32.80881116101377,120.25322002249885</coordinates>
                      </LinearRing>
                    </outerBoundaryIs>
                  </Polygon>
                  <Polygon>
                    <altitudeMode>absolute</altitudeMode>
                    <outerBoundaryIs>
                      <LinearRing>
                        <coordinates>-96.75793934130733,32.80881116101377,120.25322002249885 -96.75793934130733,32.80881116101377,150.24322002249886 -96.75864371115235,32.80843430375773,150.24322002249886 -96.75864371115235,32.80843430375773,120.25322002249885</coordinates>
                      </LinearRing>
                    </outerBoundaryIs>
                  </Polygon>
                </MultiGeometry>
              </Placemark>
            </Folder>
          </Folder>
        </Folder>
      </Folder>
      <Folder>
        <name>Modify activated flight with pre-existing conflict</name>
        <Folder>
          <name>Delete Flight 2</name>
        </Folder>
        <Folder>
          <name>Activate Flight 1</name>
          <Folder>
            <name>E123: uss1_dss astm.f3548.v21.dss.queryOperationalIntentReferences</name>
            <Placemark>
              <name>area_of_interest</name>
              <styleUrl>#QueryArea</styleUrl>
              <description><![CDATA[<ul><li>uss2's Accepted 7d342ca8-156b-4eb4-8492-708bfb7511fc[1]</li></ul>]]></description>
              <TimeSpan>
                <begin>2026-10-08T16:10:13.563054+00:00</begin>
                <end>2026-10-08T16:55:14.563054+00:00</end>
              </TimeSpan>
              <MultiGeometry>
                <Polygon>
                  <altitudeMode>absolute</altitudeMode>
                  <outerBoundaryIs>
                    <LinearRing>
                      <coordinates>-96.75885635281706,32.80843430375773,120.26316077644252 -96.75885635281706,32.80906248735413,120.26316077644252 -96.75793934130733,32.80906248735413,120.26316077644252 -96.75793934130733,32.80843430375773,120.26316077644252</coordinates>
                    </LinearRing>
                  </outerBoundaryIs>
                </Polygon>
                <Polygon>
                  <altitudeMode>absolute</altitudeMode>
                  <outerBoundaryIs>
                    <LinearRing>
                      <coordinates>-96.75885635281706,32.80843430375773,150.24316077644252 -96.75885635281706,32.80906248735413,150.24316077644252 -96.75793934130733,32.80906248735413,150.24316077644252 -96.75793934130733,32.80843430375773,150.24316077644252</coordinates>
                    </LinearRing>
                  </outerBoundaryIs>
                </Polygon>
                <Polygon>
                  <altitudeMode>absolute</altitudeMode>
                  <outerBoundaryIs>
                    <LinearRing>
                      <coordinates>-96.75885635281706,32.80843430375773,120.26316077644252 -96.75885635281706,32.80843430375773,150.24316077644252 -96.75885635281706,32.80906248735413,150.24316077644252 -96.75885635281706,32.80906248735413,120.26316077644252</coordinates>
                    </LinearRing>
                  </outerBoundaryIs>
                </Polygon>
                <Polygon>
                  <altitudeMode>absolute</altitudeMode>
                  <outerBoundaryIs>
                    <LinearRing>
                      <coordinates>-96.75885635281706,32.80906248735413,120.26316077644252 -96.75885635281706,32.80906248735413,150.24316077644252 -96.75793934130733,32.80906248735413,150.24316077644252 -96.75793934130733,32.80906248735413,120.26316077644252</coordinates>
                    </LinearRing>
                  </outerBoundaryIs>
                </Polygon>
                <Polygon>
                  <altitudeMode>absolute</altitudeMode>
                  <outerBoundaryIs>
                    <LinearRing>
                      <coordinates>-96.75793934130733,32.80906248735413,120.26316077644252 -96.75793934130733,32.80906248735413,150.24316077644252 -96.75793934130733,32.80843430375773,150.24316077644252 -96.75793934130733,32.80843430375773,120.26316077644252</coordinates>
                    </LinearRing>
                  </outerBoundaryIs>
                </Polygon>
                <Polygon>
                  <altitudeMode>absolute</altitudeMode>
                  <outerBoundaryIs>
                    <LinearRing>
                      <coordinates>-96.75793934130733,32.80843430375773,120.26316077644252 -96.75793934130733,32.80843430375773,150.24316077644252 -96.75885635281706,32.80843430375773,150.24316077644252 -96.75885635281706,32.80843430375773,120.26316077644252</coordinates>
                    </LinearRing>
                  </outerBoundaryIs>
                </Polygon>
              </MultiGeometry>
            </Placemark>
          </Folder>
          <Folder>
            <name>E125: uss2_core interuss.automated_testing.flight_planning.v1.UpsertFlightPlan</name>
            <Folder>
              <name>Activity Completed, flight OkToFly</name>
              <Placemark>
                <name>Volume 0</name>
                <styleUrl>#InUse_Nominal</styleUrl>
                <TimeSpan>
                  <begin>2026-10-08T16:10:13.563054+00:00</begin>
                  <end>2026-10-08T16:55:14.563054+00:00</end>
                </TimeSpan>
                <MultiGeometry>
                  <Polygon>
                    <altitudeMode>absolute</altitudeMode>
                    <outerBoundaryIs>
                      <LinearRing>
                        <coordinates>-96.75864371115235,32.80843430375773,120.26322002249884 -96.75885635281706,32.808675256753716,120.26322002249884 -96.75823520315319,32.80906248735413,120.26322002249884 -96.75793934130733,32.80881116101377,120.26322002249884</coordinates>
                      </LinearRing>
                    </outerBoundaryIs>
                  </Polygon>
                  <Polygon>
                    <altitudeMode>absolute</altitudeMode>
                    <outerBoundaryIs>
                      <LinearRing>
                        <coordinates>-96.75864371115235,32.80843430375773,150.24322002249886 -96.75885635281706,32.808675256753716,150.24322002249886 -96.75823520315319,32.80906248735413,150.24322002249886 -96.75793934130733,32.80881116101377,150.24322002249886</coordinates>
                      </LinearRing>
                    </outerBoundaryIs>
                  </Polygon>
                  <Polygon>
                    <altitudeMode>absolute</altitudeMode>
                    <outerBoundaryIs>
                      <LinearRing>
                        <coordinates>-96.75864371115235,32.80843430375773,120.26322002249884 -96.75864371115235,32.80843430375773,150.24322002249886 -96.75885635281706,32.808675256753716,150.24322002249886 -96.75885635281706,32.808675256753716,120.26322002249884</coordinates>
                      </LinearRing>
                    </outerBoundaryIs>
                  </Polygon>
                  <Polygon>
                    <altitudeMode>absolute</altitudeMode>
                    <outerBoundaryIs>
                      <LinearRing>
                        <coordinates>-96.75885635281706,32.808675256753716,120.26322002249884 -96.75885635281706,32.808675256753716,150.24322002249886 -96.75823520315319,32.80906248735413,150.24322002249886 -96.75823520315319,32.80906248735413,120.26322002249884</coordinates>
                      </LinearRing>
                    </outerBoundaryIs>
                  </Polygon>
                  <Polygon>
                    <altitudeMode>absolute</altitudeMode>
                    <outerBoundaryIs>
                      <LinearRing>
                        <coordinates>-96.75823520315319,32.80906248735413,120.26322002249884 -96.75823520315319,32.80906248735413,150.24322002249886 -96.75793934130733,32.80881116101377,150.24322002249886 -96.75793934130733,32.80881116101377,120.26322002249884</coordinates>
                      </LinearRing>
                    </outerBoundaryIs>
                  </Polygon>
                  <Polygon>
                    <altitudeMode>absolute</altitudeMode>
                    <outerBoundaryIs>
                      <LinearRing>
                        <coordinates>-96.75793934130733,32.80881116101377,120.26322002249884 -96.75793934130733,32.80881116101377,150.24322002249886 -96.75864371115235,32.80843430375773,150.24322002249886 -96.75864371115235,32.80843430375773,120.26322002249884</coordinates>
                      </LinearRing>
                    </outerBoundaryIs>
                  </Polygon>
                </MultiGeometry>
              </Placemark>
            </Folder>
          </Folder>
          <Folder>
            <name>E129: uss1_dss astm.f3548.v21.dss.queryOperationalIntentReferences</name>
            <Placemark>
              <name>area_of_interest</name>
              <styleUrl>#QueryArea</styleUrl>
              <description><![CDATA[<ul><li>uss2's Activated 7d342ca8-156b-4eb4-8492-708bfb7511fc[2]</li></ul>]]></description>
              <TimeSpan>
                <begin>2026-10-08T16:10:13.563054+00:00</begin>
                <end>2026-10-08T16:55:14.563054+00:00</end>
              </TimeSpan>
              <MultiGeometry>
                <Polygon>
                  <altitudeMode>absolute</altitudeMode>
                  <outerBoundaryIs>
                    <LinearRing>
                      <coordinates>-96.75885635281706,32.80843430375773,120.26316077644252 -96.75885635281706,32.80906248735413,120.26316077644252 -96.75793934130733,32.80906248735413,120.26316077644252 -96.75793934130733,32.80843430375773,120.26316077644252</coordinates>
                    </LinearRing>
                  </outerBoundaryIs>
                </Polygon>
                <Polygon>
                  <altitudeMode>absolute</altitudeMode>
                  <outerBoundaryIs>
                    <LinearRing>
                      <coordinates>-96.75885635281706,32.80843430375773,150.24316077644252 -96.75885635281706,32.80906248735413,150.24316077644252 -96.75793934130733,32.80906248735413,150.24316077644252 -96.75793934130733,32.80843430375773,150.24316077644252</coordinates>
                    </LinearRing>
                  </outerBoundaryIs>
                </Polygon>
                <Polygon>
                  <altitudeMode>absolute</altitudeMode>
                  <outerBoundaryIs>
                    <LinearRing>
                      <coordinates>-96.75885635281706,32.80843430375773,120.26316077644252 -96.75885635281706,32.80843430375773,150.24316077644252 -96.75885635281706,32.80906248735413,150.24316077644252 -96.75885635281706,32.80906248735413,120.26316077644252</coordinates>
                    </LinearRing>
                  </outerBoundaryIs>
                </Polygon>
                <Polygon>
                  <altitudeMode>absolute</altitudeMode>
                  <outerBoundaryIs>
                    <LinearRing>
                      <coordinates>-96.75885635281706,32.80906248735413,120.26316077644252 -96.75885635281706,32.80906248735413,150.24316077644252 -96.75793934130733,32.80906248735413,150.24316077644252 -96.75793934130733,32.80906248735413,120.26316077644252</coordinates>
                    </LinearRing>
                  </outerBoundaryIs>
                </Polygon>
                <Polygon>
                  <altitudeMode>absolute</altitudeMode>
                  <outerBoundaryIs>
                    <LinearRing>
                      <coordinates>-96.75793934130733,32.80906248735413,120.26316077644252 -96.75793934130733,32.80906248735413,150.24316077644252 -96.75793934130733,32.80843430375773,150.24316077644252 -96.75793934130733,32.80843430375773,120.26316077644252</coordinates>
                    </LinearRing>
                  </outerBoundaryIs>
                </Polygon>
                <Polygon>
                  <altitudeMode>absolute</altitudeMode>
                  <outerBoundaryIs>
                    <LinearRing>
                      <coordinates>-96.75793934130733,32.80843430375773,120.26316077644252 -96.75793934130733,32.80843430375773,150.24316077644252 -96.75885635281706,32.80843430375773,150.24316077644252 -96.75885635281706,32.80843430375773,120.26316077644252</coordinates>
                    </LinearRing>
                  </outerBoundaryIs>
                </Polygon>
              </MultiGeometry>
            </Placemark>
          </Folder>
          <Folder>
            <name>E134: uss2_core astm.f3548.v21.uss.getOperationalIntentDetails</name>
            <Folder>
              <name>uss2's P0 Activated 7d342ca8-156b-4eb4-8492-708bfb7511fc[2] @ JnSLOFt6wLXM-1GgrIwM.im0RlzGF1jQNGc2r3iri.E_</name>
              <Placemark>
                <name>Nominal volume 0</name>
                <styleUrl>#F3548v21Activated</styleUrl>
                <TimeSpan>
                  <begin>2026-10-08T16:10:14.584372+00:00</begin>
                  <end>2026-10-08T16:55:14.563054+00:00</end>
                </TimeSpan>
                <MultiGeometry>
                  <Polygon>
                    <altitudeMode>absolute</altitudeMode>
                    <outerBoundaryIs>
                      <LinearRing>
                        <coordinates>-96.75864371115235,32.80843430375773,120.26322002249884 -96.75885635281706,32.808675256753716,120.26322002249884 -96.75823520315319,32.80906248735413,120.26322002249884 -96.75793934130733,32.80881116101377,120.26322002249884</coordinates>
                      </LinearRing>
                    </outerBoundaryIs>
                  </Polygon>
                  <Polygon>
                    <altitudeMode>absolute</altitudeMode>
                    <outerBoundaryIs>
                      <LinearRing>
                        <coordinates>-96.75864371115235,32.80843430375773,150.24322002249886 -96.75885635281706,32.808675256753716,150.24322002249886 -96.75823520315319,32.80906248735413,150.24322002249886 -96.75793934130733,32.80881116101377,150.24322002249886</coordinates>
                      </LinearRing>
                    </outerBoundaryIs>
                  </Polygon>
                  <Polygon>
                    <altitudeMode>absolute</altitudeMode>
                    <outerBoundaryIs>
                      <LinearRing>
                        <coordinates>-96.75864371115235,32.80843430375773,120.26322002249884 -96.75864371115235,32.80843430375773,150.24322002249886 -96.75885635281706,32.808675256753716,150.24322002249886 -96.75885635281706,32.808675256753716,120.26322002249884</coordinates>
                      </LinearRing>
                    </outerBoundaryIs>
                  </Polygon>
                  <Polygon>
                    <altitudeMode>absolute</altitudeMode>
                    <outerBoundaryIs>
                      <LinearRing>
                        <coordinates>-96.75885635281706,32.808675256753716,120.26322002249884 -96.75885635281706,32.808675256753716,150.24322002249886 -96.75823520315319,32.80906248735413,150.24322002249886 -96.75823520315319,32.80906248735413,120.26322002249884</coordinates>
                      </LinearRing>
                    </outerBoundaryIs>
                  </Polygon>
                  <Polygon>
                    <altitudeMode>absolute</altitudeMode>
                    <outerBoundaryIs>
                      <LinearRing>
                        <coordinates>-96.75823520315319,32.80906248735413,120.26322002249884 -96.75823520315319,32.80906248735413,150.24322002249886 -96.75793934130733,32.80881116101377,150.24322002249886 -96.75793934130733,32.80881116101377,120.26322002249884</coordinates>
                      </LinearRing>
                    </outerBoundaryIs>
                  </Polygon>
                  <Polygon>
                    <altitudeMode>absolute</altitudeMode>
                    <outerBoundaryIs>
                      <LinearRing>
                        <coordinates>-96.75793934130733,32.80881116101377,120.26322002249884 -96.75793934130733,32.80881116101377,150.24322002249886 -96.75864371115235,32.80843430375773,150.24322002249886 -96.75864371115235,32.80843430375773,120.26322002249884</coordinates>
                      </LinearRing>
                    </outerBoundaryIs>
                  </Polygon>
                </MultiGeometry>
              </Placemark>
            </Folder>
          </Folder>
        </Folder>
        <Folder>
          <name>Plan Flight 2</name>
          <Folder>
            <name>E143: uss1_dss astm.f3548.v21.dss.queryOperationalIntentReferences</name>
            <Placemark>
              <name>area_of_interest</name>
              <styleUrl>#QueryArea</styleUrl>
              <description><![CDATA[<ul><li>uss2's Activated 7d342ca8-156b-4eb4-8492-708bfb7511fc[2]</li></ul>]]></description>
              <TimeSpan>
                <begin>2026-10-08T16:10:13.730998+00:00</begin>
                <end>2026-10-08T16:55:14.730998+00:00</end>
              </TimeSpan>
              <MultiGeometry>
                <Polygon>
                  <altitudeMode>absolute</altitudeMode>
                  <outerBoundaryIs>
                    <LinearRing>
                      <coordinates>-96.75899653484747,32.80848350578745,119.1740375475805 -96.75899653484747,32.80908588835897,119.1740375475805 -96.75846492944123,32.80908588835897,119.1740375475805 -96.75846492944123,32.80848350578745,119.1740375475805</coordinates>
                    </LinearRing>
                  </outerBoundaryIs>
                </Polygon>
                <Polygon>
                  <altitudeMode>absolute</altitudeMode>
                  <outerBoundaryIs>
                    <LinearRing>
                      <coordinates>-96.75899653484747,32.80848350578745,148.2440375475805 -96.75899653484747,32.80908588835897,148.2440375475805 -96.75846492944123,32.80908588835897,148.2440375475805 -96.75846492944123,32.80848350578745,148.2440375475805</coordinates>
                    </LinearRing>
                  </outerBoundaryIs>
                </Polygon>
                <Polygon>
                  <altitudeMode>absolute</altitudeMode>
                  <outerBoundaryIs>
                    <LinearRing>
                      <coordinates>-96.75899653484747,32.80848350578745,119.1740375475805 -96.75899653484747,32.80848350578745,148.2440375475805 -96.75899653484747,32.80908588835897,148.2440375475805 -96.75899653484747,32.80908588835897,119.1740375475805</coordinates>
                    </LinearRing>
                  </outerBoundaryIs>
                </Polygon>
                <Polygon>
                  <altitudeMode>absolute</altitudeMode>
                  <outerBoundaryIs>
                    <LinearRing>
                      <coordinates>-96.75899653484747,32.80908588835897,119.1740375475805 -96.75899653484747,32.80908588835897,148.2440375475805 -96.75846492944123,32.80908588835897,148.2440375475805 -96.75846492944123,32.80908588835897,119.1740375475805</coordinates>
                    </LinearRing>
                  </outerBoundaryIs>
                </Polygon>
                <Polygon>
                  <altitudeMode>absolute</altitudeMode>
                  <outerBoundaryIs>
                    <LinearRing>
                      <coordinates>-96.75846492944123,32.80908588835897,119.1740375475805 -96.75846492944123,32.80908588835897,148.2440375475805 -96.75846492944123,32.80848350578745,148.2440375475805 -96.75846492944123,32.80848350578745,119.1740375475805</coordinates>
                    </LinearRing>
                  </outerBoundaryIs>
                </Polygon>
                <Polygon>
                  <altitudeMode>absolute</altitudeMode>
                  <outerBoundaryIs>
                    <LinearRing>
                      <coordinates>-96.75846492944123,32.80848350578745,119.1740375475805 -96.75846492944123,32.80848350578745,148.2440375475805 -96.75899653484747,32.80848350578745,148.2440375475805 -96.75899653484747,32.80848350578745,119.1740375475805</coordinates>
                    </LinearRing>
                  </outerBoundaryIs>
                </Polygon>
              </MultiGeometry>
            </Placemark>
          </Folder>
          <Folder>
            <name>E145: uss1_core interuss.automated_testing.flight_planning.v1.UpsertFlightPlan</name>
            <Folder>
              <name>Activity Completed, flight Planned</name>
              <Placemark>
                <name>Volume 0</name>
                <styleUrl>#Planned_Nominal</styleUrl>
                <TimeSpan>
                  <begin>2026-10-08T16:10:13.730998+00:00</begin>
                  <end>2026-10-08T16:55:14.730998+00:00</end>
                </TimeSpan>
                <MultiGeometry>
                  <Polygon>
                    <altitudeMode>absolute</altitudeMode>
                    <outerBoundaryIs>
                      <LinearRing>
                        <coordinates>-96.7589750141668,32.808725787215984,119.17406758695155 -96.75846492944123,32.80848350578745,119.17406758695155 -96.7585573286076,32.80892392481156,119.17406758695155 -96.75899653484747,32.80908588835897,119.17406758695155</coordinates>
                      </LinearRing>
                    </outerBoundaryIs>
                  </Polygon>
                  <Polygon>
                    <altitudeMode>absolute</altitudeMode>
                    <outerBoundaryIs>
                      <LinearRing>
                        <coordinates>-96.7589750141668,32.808725787215984,148.24406758695153 -96.75846492944123,32.80848350578745,148.24406758695153 -96.7585573286076,32.80892392481156,148.24406758695153 -96.75899653484747,32.80908588835897,148.24406758695153</coordinates>
                      </LinearRing>
                    </outerBoundaryIs>
                  </Polygon>
                  <Polygon>
                    <altitudeMode>absolute</altitudeMode>
                    <outerBoundaryIs>
                      <LinearRing>
                        <coordinates>-96.7589750141668,32.808725787215984,119.17406758695155 -96.7589750141668,32.808725787215984,148.24406758695153 -96.75846492944123,32.80848350578745,148.24406758695153 -96.75846492944123,32.80848350578745,119.17406758695155</coordinates>
                      </LinearRing>
                    </outerBoundaryIs>
                  </Polygon>
                  <Polygon>
                    <altitudeMode>absolute</altitudeMode>
                    <outerBoundaryIs>
                      <LinearRing>
                        <coordinates>-96.75846492944123,32.80848350578745,119.17406758695155 -96.75846492944123,32.80848350578745,148.24406758695153 -96.7585573286076,32.80892392481156,148.24406758695153 -96.7585573286076,32.80892392481156,119.17406758695155</coordinates>
                      </LinearRing>
                    </outerBoundaryIs>
                  </Polygon>
                  <Polygon>
                    <altitudeMode>absolute</altitudeMode>
                    <outerBoundaryIs>
                      <LinearRing>
                        <coordinates>-96.7585573286076,32.80892392481156,119.17406758695155 -96.7585573286076,32.80892392481156,148.24406758695153 -96.75899653484747,32.80908588835897,148.24406758695153 -96.75899653484747,32.80908588835897,119.17406758695155</coordinates>
                      </LinearRing>
                    </outerBoundaryIs>
                  </Polygon>
                  <Polygon>
                    <altitudeMode>absolute</altitudeMode>
                    <outerBoundaryIs>
                      <LinearRing>
                        <coordinates>-96.75899653484747,32.80908588835897,119.17406758695155 -96.75899653484747,32.80908588835897,148.24406758695153 -96.7589750141668,32.808725787215984,148.24406758695153 -96.7589750141668,32.808725787215984,119.17406758695155</coordinates>
                      </LinearRing>
                    </outerBoundaryIs>
                  </Polygon>
                </MultiGeometry>
              </Placemark>
            </Folder>
          </Folder>
          <Folder>
            <name>E149: uss1_dss astm.f3548.v21.dss.queryOperationalIntentReferences</name>
            <Placemark>
              <name>area_of_interest</name>
              <styleUrl>#QueryArea</styleUrl>
              <description><![CDATA[<ul><li>uss2's Activated 7d342ca8-156b-4eb4-8492-708bfb7511fc[2]</li><li>uss1's Accepted cbf336db-9efb-4053-8e8a-736975c771cc[1]</li></ul>]]></description>
              <TimeSpan>
                <begin>2026-10-08T16:10:13.730998+00:00</begin>
                <end>2026-10-08T16:55:14.730998+00:00</end>
              </TimeSpan>
              <MultiGeometry>
                <Polygon>
                  <altitudeMode>absolute</altitudeMode>
                  <outerBoundaryIs>
                    <LinearRing>
                      <coordinates>-96.75899653484747,32.80848350578745,119.1740375475805 -96.75899653484747,32.80908588835897,119.1740375475805 -96.75846492944123,32.80908588835897,119.1740375475805 -96.75846492944123,32.80848350578745,119.1740375475805</coordinates>
                    </LinearRing>
                  </outerBoundaryIs>
                </Polygon>
                <Polygon>
                  <altitudeMode>absolute</altitudeMode>
                  <outerBoundaryIs>
                    <LinearRing>
                      <coordinates>-96.75899653484747,32.80848350578745,148.2440375475805 -96.75899653484747,32.80908588835897,148.2440375475805 -96.75846492944123,32.80908588835897,148.2440375475805 -96.75846492944123,32.80848350578745,148.2440375475805</coordinates>
                    </LinearRing>
                  </outerBoundaryIs>
                </Polygon>
                <Polygon>
                  <altitudeMode>absolute</altitudeMode>
                  <outerBoundaryIs>
                    <LinearRing>
                      <coordinates>-96.75899653484747,32.80848350578745,119.1740375475805 -96.75899653484747,32.80848350578745,148.2440375475805 -96.75899653484747,32.80908588835897,148.2440375475805 -96.75899653484747,32.80908588835897,119.1740375475805</coordinates>
                    </LinearRing>
                  </outerBoundaryIs>
                </Polygon>
                <Polygon>
                  <altitudeMode>absolute</altitudeMode>
                  <outerBoundaryIs>
                    <LinearRing>
                      <coordinates>-96.75899653484747,32.80908588835897,119.1740375475805 -96.75899653484747,32.80908588835897,148.2440375475805 -96.75846492944123,32.80908588835897,148.2440375475805 -96.75846492944123,32.80908588835897,119.1740375475805</coordinates>
                    </LinearRing>
                  </outerBoundaryIs>
                </Polygon>
                <Polygon>
                  <altitudeMode>absolute</altitudeMode>
                  <outerBoundaryIs>
                    <LinearRing>
                      <coordinates>-96.75846492944123,32.80908588835897,119.1740375475805 -96.75846492944123,32.80908588835897,148.2440375475805 -96.75846492944123,32.80848350578745,148.2440375475805 -96.75846492944123,32.80848350578745,119.1740375475805</coordinates>
                    </LinearRing>
                  </outerBoundaryIs>
                </Polygon>
                <Polygon>
                  <altitudeMode>absolute</altitudeMode>
                  <outerBoundaryIs>
                    <LinearRing>
                      <coordinates>-96.75846492944123,32.80848350578745,119.1740375475805 -96.75846492944123,32.80848350578745,148.2440375475805 -96.75899653484747,32.80848350578745,148.2440375475805 -96.75899653484747,32.80848350578745,119.1740375475805</coordinates>
                    </LinearRing>
                  </outerBoundaryIs>
                </Polygon>
              </MultiGeometry>
            </Placemark>
          </Folder>
          <Folder>
            <name>E153: uss1_core astm.f3548.v21.uss.getOperationalIntentDetails</name>
            <Folder>
              <name>uss1's P100 Accepted cbf336db-9efb-4053-8e8a-736975c771cc[1] @ qUZdFK3f7DwYTxz-ADkH5QEBuPX5FD1FEE7fK0.GJgI_</name>
              <Placemark>
                <name>Nominal volume 0</name>
                <styleUrl>#F3548v21Accepted</styleUrl>
                <TimeSpan>
                  <begin>2026-10-08T16:10:14.750819+00:00</begin>
                  <end>2026-10-08T16:55:14.730998+00:00</end>
                </TimeSpan>
                <MultiGeometry>
                  <Polygon>
                    <altitudeMode>absolute</altitudeMode>
                    <outerBoundaryIs>
                      <LinearRing>
                        <coordinates>-96.7589750141668,32.808725787215984,119.17406758695155 -96.75846492944123,32.80848350578745,119.17406758695155 -96.7585573286076,32.80892392481156,119.17406758695155 -96.75899653484747,32.80908588835897,119.17406758695155</coordinates>
                      </LinearRing>
                    </outerBoundaryIs>
                  </Polygon>
                  <Polygon>
                    <altitudeMode>absolute</altitudeMode>
                    <outerBoundaryIs>
                      <LinearRing>
                        <coordinates>-96.7589750141668,32.808725787215984,148.24406758695153 -96.75846492944123,32.80848350578745,148.24406758695153 -96.7585573286076,32.80892392481156,148.24406758695153 -96.75899653484747,32.80908588835897,148.24406758695153</coordinates>
                      </LinearRing>
                    </outerBoundaryIs>
                  </Polygon>
                  <Polygon>
                    <altitudeMode>absolute</altitudeMode>
                    <outerBoundaryIs>
                      <LinearRing>
                        <coordinates>-96.7589750141668,32.808725787215984,119.17406758695155 -96.7589750141668,32.808725787215984,148.24406758695153 -96.75846492944123,32.80848350578745,148.24406758695153 -96.75846492944123,32.80848350578745,119.17406758695155</coordinates>
                      </LinearRing>
                    </outerBoundaryIs>
                  </Polygon>
                  <Polygon>
                    <altitudeMode>absolute</altitudeMode>
                    <outerBoundaryIs>
                      <LinearRing>
                        <coordinates>-96.75846492944123,32.80848350578745,119.17406758695155 -96.75846492944123,32.80848350578745,148.24406758695153 -96.7585573286076,32.80892392481156,148.24406758695153 -96.7585573286076,32.80892392481156,119.17406758695155</coordinates>
                      </LinearRing>
                    </outerBoundaryIs>
                  </Polygon>
                  <Polygon>
                    <altitudeMode>absolute</altitudeMode>
                    <outerBoundaryIs>
                      <LinearRing>
                        <coordinates>-96.7585573286076,32.80892392481156,119.17406758695155 -96.7585573286076,32.80892392481156,148.24406758695153 -96.75899653484747,32.80908588835897,148.24406758695153 -96.75899653484747,32.80908588835897,119.17406758695155</coordinates>
                      </LinearRing>
                    </outerBoundaryIs>
                  </Polygon>
                  <Polygon>
                    <altitudeMode>absolute</altitudeMode>
                    <outerBoundaryIs>
                      <LinearRing>
                        <coordinates>-96.75899653484747,32.80908588835897,119.17406758695155 -96.75899653484747,32.80908588835897,148.24406758695153 -96.7589750141668,32.808725787215984,148.24406758695153 -96.7589750141668,32.808725787215984,119.17406758695155</coordinates>
                      </LinearRing>
                    </outerBoundaryIs>
                  </Polygon>
                </MultiGeometry>
              </Placemark>
            </Folder>
          </Folder>
        </Folder>
        <Folder>
          <name>Activate Flight 2</name>
          <Folder>
            <name>E166: uss1_dss astm.f3548.v21.dss.queryOperationalIntentReferences</name>
            <Placemark>
              <name>area_of_interest</name>
              <styleUrl>#QueryArea</styleUrl>
              <description><![CDATA[<ul><li>uss2's Activated 7d342ca8-156b-4eb4-8492-708bfb7511fc[2]</li><li>uss1's Accepted cbf336db-9efb-4053-8e8a-736975c771cc[1]</li></ul>]]></description>
              <TimeSpan>
                <begin>2026-10-08T16:10:13.911074+00:00</begin>
                <end>2026-10-08T16:55:14.911074+00:00</end>
              </TimeSpan>
              <MultiGeometry>
                <Polygon>
                  <altitudeMode>absolute</altitudeMode>
                  <outerBoundaryIs>
                    <LinearRing>
                      <coordinates>-96.75899653484747,32.80848350578745,120.32403754758049 -96.75899653484747,32.80908588835897,120.32403754758049 -96.75846492944123,32.80908588835897,120.32403754758049 -96.75846492944123,32.80848350578745,120.32403754758049</coordinates>
                    </LinearRing>
                  </outerBoundaryIs>
                </Polygon>
                <Polygon>
                  <altitudeMode>absolute</altitudeMode>
                  <outerBoundaryIs>
                    <LinearRing>
                      <coordinates>-96.75899653484747,32.80848350578745,148.2440375475805 -96.75899653484747,32.80908588835897,148.2440375475805 -96.75846492944123,32.80908588835897,148.2440375475805 -96.75846492944123,32.80848350578745,148.2440375475805</coordinates>
                    </LinearRing>
                  </outerBoundaryIs>
                </Polygon>
                <Polygon>
                  <altitudeMode>absolute</altitudeMode>
                  <outerBoundaryIs>
                    <LinearRing>
                      <coordinates>-96.75899653484747,32.80848350578745,120.32403754758049 -96.75899653484747,32.80848350578745,148.2440375475805 -96.75899653484747,32.80908588835897,148.2440375475805 -96.75899653484747,32.80908588835897,120.32403754758049</coordinates>
                    </LinearRing>
                  </outerBoundaryIs>
                </Polygon>
                <Polygon>
                  <altitudeMode>absolute</altitudeMode>
                  <outerBoundaryIs>
                    <LinearRing>
                      <coordinates>-96.75899653484747,32.80908588835897,120.32403754758049 -96.75899653484747,32.80908588835897,148.2440375475805 -96.75846492944123,32.80908588835897,148.2440375475805 -96.75846492944123,32.80908588835897,120.32403754758049</coordinates>
                    </LinearRing>
                  </outerBoundaryIs>
                </Polygon>
                <Polygon>
                  <altitudeMode>absolute</altitudeMode>
                  <outerBoundaryIs>
                    <LinearRing>
                      <coordinates>-96.75846492944123,32.80908588835897,120.32403754758049 -96.75846492944123,32.80908588835897,148.2440375475805 -96.75846492944123,32.80848350578745,148.2440375475805 -96.75846492944123,32.80848350578745,120.32403754758049</coordinates>
                    </LinearRing>
                  </outerBoundaryIs>
                </Polygon>
                <Polygon>
                  <altitudeMode>absolute</altitudeMode>
                  <outerBoundaryIs>
                    <LinearRing>
                      <coordinates>-96.75846492944123,32.80848350578745,120.32403754758049 -96.75846492944123,32.80848350578745,148.2440375475805 -96.75899653484747,32.80848350578745,148.2440375475805 -96.75899653484747,32.80848350578745,120.32403754758049</coordinates>
                    </LinearRing>
                  </outerBoundaryIs>
                </Polygon>
              </MultiGeometry>
            </Placemark>
          </Folder>
          <Folder>
            <name>E168: uss1_core interuss.automated_testing.flight_planning.v1.UpsertFlightPlan</name>
            <Folder>
              <name>Activity Completed, flight OkToFly</name>
              <Placemark>
                <name>Volume 0</name>
                <styleUrl>#InUse_Nominal</styleUrl>
                <TimeSpan>
                  <begin>2026-10-08T16:10:13.911074+00:00</begin>
                  <end>2026-10-08T16:55:14.911074+00:00</end>
                </TimeSpan>
                <MultiGeometry>
                  <Polygon>
                    <altitudeMode>absolute</altitudeMode>
                    <outerBoundaryIs>
                      <LinearRing>
                        <coordinates>-96.7589750141668,32.808725787215984,120.32406758695154 -96.75846492944123,32.80848350578745,120.32406758695154 -96.7585573286076,32.80892392481156,120.32406758695154 -96.75899653484747,32.80908588835897,120.32406758695154</coordinates>
                      </LinearRing>
                    </outerBoundaryIs>
                  </Polygon>
                  <Polygon>
                    <altitudeMode>absolute</altitudeMode>
                    <outerBoundaryIs>
                      <LinearRing>
                        <coordinates>-96.7589750141668,32.808725787215984,148.24406758695153 -96.75846492944123,32.80848350578745,148.24406758695153 -96.7585573286076,32.80892392481156,148.24406758695153 -96.75899653484747,32.80908588835897,148.24406758695153</coordinates>
                      </LinearRing>
                    </outerBoundaryIs>
                  </Polygon>
                  <Polygon>
                    <altitudeMode>absolute</altitudeMode>
                    <outerBoundaryIs>
                      <LinearRing>
                        <coordinates>-96.7589750141668,32.808725787215984,120.32406758695154 -96.7589750141668,32.808725787215984,148.24406758695153 -96.75846492944123,32.80848350578745,148.24406758695153 -96.75846492944123,32.80848350578745,120.32406758695154</coordinates>
                      </LinearRing>
                    </outerBoundaryIs>
                  </Polygon>
                  <Polygon>
                    <altitudeMode>absolute</altitudeMode>
                    <outerBoundaryIs>
                      <LinearRing>
                        <coordinates>-96.75846492944123,32.80848350578745,120.32406758695154 -96.75846492944123,32.80848350578745,148.24406758695153 -96.7585573286076,32.80892392481156,148.24406758695153 -96.7585573286076,32.80892392481156,120.32406758695154</coordinates>
                      </LinearRing>
                    </outerBoundaryIs>
                  </Polygon>
                  <Polygon>
                    <altitudeMode>absolute</altitudeMode>
                    <outerBoundaryIs>
                      <LinearRing>
                        <coordinates>-96.7585573286076,32.80892392481156,120.32406758695154 -96.7585573286076,32.80892392481156,148.24406758695153 -96.75899653484747,32.80908588835897,148.24406758695153 -96.75899653484747,32.80908588835897,120.32406758695154</coordinates>
                      </LinearRing>
                    </outerBoundaryIs>
                  </Polygon>
                  <Polygon>
                    <altitudeMode>absolute</altitudeMode>
                    <outerBoundaryIs>
                      <LinearRing>
                        <coordinates>-96.75899653484747,32.80908588835897,120.32406758695154 -96.75899653484747,32.80908588835897,148.24406758695153 -96.7589750141668,32.808725787215984,148.24406758695153 -96.7589750141668,32.808725787215984,120.32406758695154</coordinates>
                      </LinearRing>
                    </outerBoundaryIs>
                  </Polygon>
                </MultiGeometry>
              </Placemark>
            </Folder>
          </Folder>
          <Folder>
            <name>E172: uss1_dss astm.f3548.v21.dss.queryOperationalIntentReferences</name>
            <Placemark>
              <name>area_of_interest</name>
              <styleUrl>#QueryArea</styleUrl>
              <description><![CDATA[<ul><li>uss2's Activated 7d342ca8-156b-4eb4-8492-708bfb7511fc[2]</li><li>uss1's Activated cbf336db-9efb-4053-8e8a-736975c771cc[2]</li></ul>]]></description>
              <TimeSpan>
                <begin>2026-10-08T16:10:13.911074+00:00</begin>
                <end>2026-10-08T16:55:14.911074+00:00</end>
              </TimeSpan>
              <MultiGeometry>
                <Polygon>
                  <altitudeMode>absolute</altitudeMode>
                  <outerBoundaryIs>
                    <LinearRing>
                      <coordinates>-96.75899653484747,32.80848350578745,120.32403754758049 -96.75899653484747,32.80908588835897,120.32403754758049 -96.75846492944123,32.80908588835897,120.32403754758049 -96.75846492944123,32.80848350578745,120.32403754758049</coordinates>
                    </LinearRing>
                  </outerBoundaryIs>
                </Polygon>
                <Polygon>
                  <altitudeMode>absolute</altitudeMode>
                  <outerBoundaryIs>
                    <LinearRing>
                      <coordinates>-96.75899653484747,32.80848350578745,148.2440375475805 -96.75899653484747,32.80908588835897,148.2440375475805 -96.75846492944123,32.80908588835897,148.2440375475805 -96.75846492944123,32.80848350578745,148.2440375475805</coordinates>
                    </LinearRing>
                  </outerBoundaryIs>
                </Polygon>
                <Polygon>
                  <altitudeMode>absolute</altitudeMode>
                  <outerBoundaryIs>
                    <LinearRing>
                      <coordinates>-96.75899653484747,32.80848350578745,120.32403754758049 -96.75899653484747,32.80848350578745,148.2440375475805 -96.75899653484747,32.80908588835897,148.2440375475805 -96.75899653484747,32.80908588835897,120.32403754758049</coordinates>
                    </LinearRing>
                  </outerBoundaryIs>
                </Polygon>
                <Polygon>
                  <altitudeMode>absolute</altitudeMode>
                  <outerBoundaryIs>
                    <LinearRing>
                      <coordinates>-96.75899653484747,32.80908588835897,120.32403754758049 -96.75899653484747,32.80908588835897,148.2440375475805 -96.75846492944123,32.80908588835897,148.2440375475805 -96.75846492944123,32.80908588835897,120.32403754758049</coordinates>
                    </LinearRing>
                  </outerBoundaryIs>
                </Polygon>
                <Polygon>
                  <altitudeMode>absolute</altitudeMode>
                  <outerBoundaryIs>
                    <LinearRing>
                      <coordinates>-96.75846492944123,32.80908588835897,120.32403754758049 -96.75846492944123,32.80908588835897,148.2440375475805 -96.75846492944123,32.80848350578745,148.2440375475805 -96.75846492944123,32.80848350578745,120.32403754758049</coordinates>
                    </LinearRing>
                  </outerBoundaryIs>
                </Polygon>
                <Polygon>
                  <altitudeMode>absolute</altitudeMode>
                  <outerBoundaryIs>
                    <LinearRing>
                      <coordinates>-96.75846492944123,32.80848350578745,120.32403754758049 -96.75846492944123,32.80848350578745,148.2440375475805 -96.75899653484747,32.80848350578745,148.2440375475805 -96.75899653484747,32.80848350578745,120.32403754758049</coordinates>
                    </LinearRing>
                  </outerBoundaryIs>
                </Polygon>
              </MultiGeometry>
            </Placemark>
          </Folder>
          <Folder>
            <name>E177: uss1_core astm.f3548.v21.uss.getOperationalIntentDetails</name>
            <Folder>
              <name>uss1's P100 Activated cbf336db-9efb-4053-8e8a-736975c771cc[2] @ x-O-WaYwTm8jFJcfgLgnLpmXZHuPSvCL3sbDtTFjTpc_</name>
              <Placemark>
                <name>Nominal volume 0</name>
                <styleUrl>#F3548v21Activated</styleUrl>
                <TimeSpan>
                  <begin>2026-10-08T16:10:14.933491+00:00</begin>
                  <end>2026-10-08T16:55:14.911074+00:00</end>
                </TimeSpan>
                <MultiGeometry>
                  <Polygon>
                    <altitudeMode>absolute</altitudeMode>
                    <outerBoundaryIs>
                      <LinearRing>
                        <coordinates>-96.7589750141668,32.808725787215984,120.32406758695154 -96.75846492944123,32.80848350578745,120.32406758695154 -96.7585573286076,32.80892392481156,120.32406758695154 -96.75899653484747,32.80908588835897,120.32406758695154</coordinates>
                      </LinearRing>
                    </outerBoundaryIs>
                  </Polygon>
                  <Polygon>
                    <altitudeMode>absolute</altitudeMode>
                    <outerBoundaryIs>
                      <LinearRing>
                        <coordinates>-96.7589750141668,32.808725787215984,148.24406758695153 -96.75846492944123,32.80848350578745,148.24406758695153 -96.7585573286076,32.80892392481156,148.24406758695153 -96.75899653484747,32.80908588835897,148.24406758695153</coordinates>
                      </LinearRing>
                    </outerBoundaryIs>
                  </Polygon>
                  <Polygon>
                    <altitudeMode>absolute</altitudeMode>
                    <outerBoundaryIs>
                      <LinearRing>
                        <coordinates>-96.7589750141668,32.808725787215984,120.32406758695154 -96.7589750141668,32.808725787215984,148.24406758695153 -96.75846492944123,32.80848350578745,148.24406758695153 -96.75846492944123,32.80848350578745,120.32406758695154</coordinates>
                      </LinearRing>
                    </outerBoundaryIs>
                  </Polygon>
                  <Polygon>
                    <altitudeMode>absolute</altitudeMode>
                    <outerBoundaryIs>
                      <LinearRing>
                        <coordinates>-96.75846492944123,32.80848350578745,120.32406758695154 -96.75846492944123,32.80848350578745,148.24406758695153 -96.7585573286076,32.80892392481156,148.24406758695153 -96.7585573286076,32.80892392481156,120.32406758695154</coordinates>
                      </LinearRing>
                    </outerBoundaryIs>
                  </Polygon>
                  <Polygon>
                    <altitudeMode>absolute</altitudeMode>
                    <outerBoundaryIs>
                      <LinearRing>
                        <coordinates>-96.7585573286076,32.80892392481156,120.32406758695154 -96.7585573286076,32.80892392481156,148.24406758695153 -96.75899653484747,32.80908588835897,148.24406758695153 -96.75899653484747,32.80908588835897,120.32406758695154</coordinates>
                      </LinearRing>
                    </outerBoundaryIs>
                  </Polygon>
                  <Polygon>
                    <altitudeMode>absolute</altitudeMode>
                    <outerBoundaryIs>
                      <LinearRing>
                        <coordinates>-96.75899653484747,32.80908588835897,120.32406758695154 -96.75899653484747,32.80908588835897,148.24406758695153 -96.7589750141668,32.808725787215984,148.24406758695153 -96.7589750141668,32.808725787215984,120.32406758695154</coordinates>
                      </LinearRing>
                    </outerBoundaryIs>
                  </Polygon>
                </MultiGeometry>
              </Placemark>
            </Folder>
          </Folder>
        </Folder>
        <Folder>
          <name>Check for conflict notifications</name>
        </Folder>
        <Folder>
          <name>Modify activated Flight 1 in conflict with activated Flight 2</name>
          <Folder>
            <name>E194: uss1_dss astm.f3548.v21.dss.queryOperationalIntentReferences</name>
            <Placemark>
              <name>area_of_interest</name>
              <styleUrl>#QueryArea</styleUrl>
              <description><![CDATA[<ul><li>uss2's Activated 7d342ca8-156b-4eb4-8492-708bfb7511fc[2]</li><li>uss1's Activated cbf336db-9efb-4053-8e8a-736975c771cc[2]</li></ul>]]></description>
              <TimeSpan>
                <begin>2026-10-08T16:10:14.103173+00:00</begin>
                <end>2026-10-08T16:55:15.103173+00:00</end>
              </TimeSpan>
              <MultiGeometry>
                <Polygon>
                  <altitudeMode>absolute</altitudeMode>
                  <outerBoundaryIs>
                    <LinearRing>
                      <coordinates>-96.75885635281706,32.80843430375773,90.19316077644253 -96.75885635281706,32.80906248735413,90.19316077644253 -96.75793934130733,32.80906248735413,90.19316077644253 -96.75793934130733,32.80843430375773,90.19316077644253</coordinates>
                    </LinearRing>
                  </outerBoundaryIs>
                </Polygon>
                <Polygon>
                  <altitudeMode>absolute</altitudeMode>
                  <outerBoundaryIs>
                    <LinearRing>
                      <coordinates>-96.75885635281706,32.80843430375773,150.24316077644252 -96.75885635281706,32.80906248735413,150.24316077644252 -96.75793934130733,32.80906248735413,150.24316077644252 -96.75793934130733,32.80843430375773,150.24316077644252</coordinates>
                    </LinearRing>
                  </outerBoundaryIs>
                </Polygon>
                <Polygon>
                  <altitudeMode>absolute</altitudeMode>
                  <outerBoundaryIs>
                    <LinearRing>
                      <coordinates>-96.75885635281706,32.80843430375773,90.19316077644253 -96.75885635281706,32.80843430375773,150.24316077644252 -96.75885635281706,32.80906248735413,150.24316077644252 -96.75885635281706,32.80906248735413,90.19316077644253</coordinates>
                    </LinearRing>
                  </outerBoundaryIs>
                </Polygon>
                <Polygon>
                  <altitudeMode>absolute</altitudeMode>
                  <outerBoundaryIs>
                    <LinearRing>
                      <coordinates>-96.75885635281706,32.80906248735413,90.19316077644253 -96.75885635281706,32.80906248735413,150.24316077644252 -96.75793934130733,32.80906248735413,150.24316077644252 -96.75793934130733,32.80906248735413,90.19316077644253</coordinates>
                    </LinearRing>
                  </outerBoundaryIs>
                </Polygon>
                <Polygon>
                  <altitudeMode>absolute</altitudeMode>
                  <outerBoundaryIs>
                    <LinearRing>
                      <coordinates>-96.75793934130733,32.80906248735413,90.19316077644253 -96.75793934130733,32.80906248735413,150.24316077644252 -96.75793934130733,32.80843430375773,150.24316077644252 -96.75793934130733,32.80843430375773,90.19316077644253</coordinates>
                    </LinearRing>
                  </outerBoundaryIs>
                </Polygon>
                <Polygon>
                  <altitudeMode>absolute</altitudeMode>
                  <outerBoundaryIs>
                    <LinearRing>
                      <coordinates>-96.75793934130733,32.80843430375773,90.19316077644253 -96.75793934130733,32.80843430375773,150.24316077644252 -96.75885635281706,32.80843430375773,150.24316077644252 -96.75885635281706,32.80843430375773,90.19316077644253</coordinates>
                    </LinearRing>
                  </outerBoundaryIs>
                </Polygon>
              </MultiGeometry>
            </Placemark>
          </Folder>
          <Folder>
            <name>E196: uss2_core interuss.automated_testing.flight_planning.v1.UpsertFlightPlan</name>
            <Folder>
              <name>Activity Completed, flight OkToFly</name>
              <Placemark>
                <name>Volume 0</name>
                <styleUrl>#InUse_Nominal</styleUrl>
                <TimeSpan>
                  <begin>2026-10-08T16:10:14.103173+00:00</begin>
                  <end>2026-10-08T16:55:15.103173+00:00</end>
                </TimeSpan>
                <MultiGeometry>
                  <Polygon>
                    <altitudeMode>absolute</altitudeMode>
                    <outerBoundaryIs>
                      <LinearRing>
                        <coordinates>-96.75840480836739,32.80858323856318,90.19282529836677 -96.75861744974074,32.80882419196295,90.19282529836677 -96.75823520315319,32.80906248735413,90.19282529836677 -96.75793934130733,32.80881116101377,90.19282529836677</coordinates>
                      </LinearRing>
                    </outerBoundaryIs>
                  </Polygon>
                  <Polygon>
                    <altitudeMode>absolute</altitudeMode>
                    <outerBoundaryIs>
                      <LinearRing>
                        <coordinates>-96.75840480836739,32.80858323856318,150.24282529836677 -96.75861744974074,32.80882419196295,150.24282529836677 -96.75823520315319,32.80906248735413,150.24282529836677 -96.75793934130733,32.80881116101377,150.24282529836677</coordinates>
                      </LinearRing>
                    </outerBoundaryIs>
                  </Polygon>
                  <Polygon>
                    <altitudeMode>absolute</altitudeMode>
                    <outerBoundaryIs>
                      <LinearRing>
                        <coordinates>-96.75840480836739,32.80858323856318,90.19282529836677 -96.75840480836739,32.80858323856318,150.24282529836677 -96.75861744974074,32.80882419196295,150.24282529836677 -96.75861744974074,32.80882419196295,90.19282529836677</coordinates>
                      </LinearRing>
                    </outerBoundaryIs>
                  </Polygon>
                  <Polygon>
                    <altitudeMode>absolute</altitudeMode>
                    <outerBoundaryIs>
                      <LinearRing>
                        <coordinates>-96.75861744974074,32.80882419196295,90.19282529836677 -96.75861744974074,32.80882419196295,150.24282529836677 -96.75823520315319,32.80906248735413,150.24282529836677 -96.75823520315319,32.80906248735413,90.19282529836677</coordinates>
                      </LinearRing>
                    </outerBoundaryIs>
                  </Polygon>
                  <Polygon>
                    <altitudeMode>absolute</altitudeMode>
                    <outerBoundaryIs>
                      <LinearRing>
                        <coordinates>-96.75823520315319,32.80906248735413,90.19282529836677 -96.75823520315319,32.80906248735413,150.24282529836677 -96.75793934130733,32.80881116101377,150.24282529836677 -96.75793934130733,32.80881116101377,90.19282529836677</coordinates>
                      </LinearRing>
                    </outerBoundaryIs>
                  </Polygon>
                  <Polygon>
                    <altitudeMode>absolute</altitudeMode>
                    <outerBoundaryIs>
                      <LinearRing>
                        <coordinates>-96.75793934130733,32.80881116101377,90.19282529836677 -96.75793934130733,32.80881116101377,150.24282529836677 -96.75840480836739,32.80858323856318,150.24282529836677 -96.75840480836739,32.80858323856318,90.19282529836677</coordinates>
                      </LinearRing>
                    </outerBoundaryIs>
                  </Polygon>
                </MultiGeometry>
              </Placemark>
            </Folder>
          </Folder>
          <Folder>
            <name>E201: uss1_dss astm.f3548.v21.dss.queryOperationalIntentReferences</name>
            <Placemark>
              <name>area_of_interest</name>
              <styleUrl>#QueryArea</styleUrl>
              <description><![CDATA[<ul><li>uss2's Activated 7d342ca8-156b-4eb4-8492-708bfb7511fc[3]</li><li>uss1's Activated cbf336db-9efb-4053-8e8a-736975c771cc[2]</li></ul>]]></description>
              <TimeSpan>
                <begin>2026-10-08T16:10:14.103173+00:00</begin>
                <end>2026-10-08T16:55:15.103173+00:00</end>
              </TimeSpan>
              <MultiGeometry>
                <Polygon>
                  <altitudeMode>absolute</altitudeMode>
                  <outerBoundaryIs>
                    <LinearRing>
                      <coordinates>-96.75885635281706,32.80843430375773,90.19316077644253 -96.75885635281706,32.80906248735413,90.19316077644253 -96.75793934130733,32.80906248735413,90.19316077644253 -96.75793934130733,32.80843430375773,90.19316077644253</coordinates>
                    </LinearRing>
                  </outerBoundaryIs>
                </Polygon>
                <Polygon>
                  <altitudeMode>absolute</altitudeMode>
                  <outerBoundaryIs>
                    <LinearRing>
                      <coordinates>-96.75885635281706,32.80843430375773,150.24316077644252 -96.75885635281706,32.80906248735413,150.24316077644252 -96.75793934130733,32.80906248735413,150.24316077644252 -96.75793934130733,32.80843430375773,150.24316077644252</coordinates>
                    </LinearRing>
                  </outerBoundaryIs>
                </Polygon>
                <Polygon>
                  <altitudeMode>absolute</altitudeMode>
                  <outerBoundaryIs>
                    <LinearRing>
                      <coordinates>-96.75885635281706,32.80843430375773,90.19316077644253 -96.75885635281706,32.80843430375773,150.24316077644252 -96.75885635281706,32.80906248735413,150.24316077644252 -96.75885635281706,32.80906248735413,90.19316077644253</coordinates>
                    </LinearRing>
                  </outerBoundaryIs>
                </Polygon>
                <Polygon>
                  <altitudeMode>absolute</altitudeMode>
                  <outerBoundaryIs>
                    <LinearRing>
                      <coordinates>-96.75885635281706,32.80906248735413,90.19316077644253 -96.75885635281706,32.80906248735413,150.24316077644252 -96.75793934130733,32.80906248735413,150.24316077644252 -96.75793934130733,32.80906248735413,90.19316077644253</coordinates>
                    </LinearRing>
                  </outerBoundaryIs>
                </Polygon>
                <Polygon>
                  <altitudeMode>absolute</altitudeMode>
                  <outerBoundaryIs>
                    <LinearRing>
                      <coordinates>-96.75793934130733,32.80906248735413,90.19316077644253 -96.75793934130733,32.80906248735413,150.24316077644252 -96.75793934130733,32.80843430375773,150.24316077644252 -96.75793934130733,32.80843430375773,90.19316077644253</coordinates>
                    </LinearRing>
                  </outerBoundaryIs>
                </Polygon>
                <Polygon>
                  <altitudeMode>absolute</altitudeMode>
                  <outerBoundaryIs>
                    <LinearRing>
                      <coordinates>-96.75793934130733,32.80843430375773,90.19316077644253 -96.75793934130733,32.80843430375773,150.24316077644252 -96.75885635281706,32.80843430375773,150.24316077644252 -96.75885635281706,32.80843430375773,90.19316077644253</coordinates>
                    </LinearRing>
                  </outerBoundaryIs>
                </Polygon>
              </MultiGeometry>
            </Placemark>
          </Folder>
          <Folder>
            <name>E206: uss2_core astm.f3548.v21.uss.getOperationalIntentDetails</name>
            <Folder>
              <name>uss2's P0 Activated 7d342ca8-156b-4eb4-8492-708bfb7511fc[3] @ NW15lHHlHysKZIRloh4xIkFsNtJG8AZClsCcP-flRWM_</name>
              <Placemark>
                <name>Nominal volume 0</name>
                <styleUrl>#F3548v21Activated</styleUrl>
                <TimeSpan>
                  <begin>2026-10-08T16:10:15.126717+00:00</begin>
                  <end>2026-10-08T16:55:15.103173+00:00</end>
                </TimeSpan>
                <MultiGeometry>
                  <Polygon>
                    <altitudeMode>absolute</altitudeMode>
                    <outerBoundaryIs>
                      <LinearRing>
                        <coordinates>-96.75840480836739,32.80858323856318,90.19282529836677 -96.75861744974074,32.80882419196295,90.19282529836677 -96.75823520315319,32.80906248735413,90.19282529836677 -96.75793934130733,32.80881116101377,90.19282529836677</coordinates>
                      </LinearRing>
                    </outerBoundaryIs>
                  </Polygon>
                  <Polygon>
                    <altitudeMode>absolute</altitudeMode>
                    <outerBoundaryIs>
                      <LinearRing>
                        <coordinates>-96.75840480836739,32.80858323856318,150.24282529836677 -96.75861744974074,32.80882419196295,150.24282529836677 -96.75823520315319,32.80906248735413,150.24282529836677 -96.75793934130733,32.80881116101377,150.24282529836677</coordinates>
                      </LinearRing>
                    </outerBoundaryIs>
                  </Polygon>
                  <Polygon>
                    <altitudeMode>absolute</altitudeMode>
                    <outerBoundaryIs>
                      <LinearRing>
                        <coordinates>-96.75840480836739,32.80858323856318,90.19282529836677 -96.75840480836739,32.80858323856318,150.24282529836677 -96.75861744974074,32.80882419196295,150.24282529836677 -96.75861744974074,32.80882419196295,90.19282529836677</coordinates>
                      </LinearRing>
                    </outerBoundaryIs>
                  </Polygon>
                  <Polygon>
                    <altitudeMode>absolute</altitudeMode>
                    <outerBoundaryIs>
                      <LinearRing>
                        <coordinates>-96.75861744974074,32.80882419196295,90.19282529836677 -96.75861744974074,32.80882419196295,150.24282529836677 -96.75823520315319,32.80906248735413,150.24282529836677 -96.75823520315319,32.80906248735413,90.19282529836677</coordinates>
                      </LinearRing>
                    </outerBoundaryIs>
                  </Polygon>
                  <Polygon>
                    <altitudeMode>absolute</altitudeMode>
                    <outerBoundaryIs>
                      <LinearRing>
                        <coordinates>-96.75823520315319,32.80906248735413,90.19282529836677 -96.75823520315319,32.80906248735413,150.24282529836677 -96.75793934130733,32.80881116101377,150.24282529836677 -96.75793934130733,32.80881116101377,90.19282529836677</coordinates>
                      </LinearRing>
                    </outerBoundaryIs>
                  </Polygon>
                  <Polygon>
                    <altitudeMode>absolute</altitudeMode>
                    <outerBoundaryIs>
                      <LinearRing>
                        <coordinates>-96.75793934130733,32.80881116101377,90.19282529836677 -96.75793934130733,32.80881116101377,150.24282529836677 -96.75840480836739,32.80858323856318,150.24282529836677 -96.75840480836739,32.80858323856318,90.19282529836677</coordinates>
                      </LinearRing>
                    </outerBoundaryIs>
                  </Polygon>
                </MultiGeometry>
              </Placemark>
            </Folder>
          </Folder>
        </Folder>
      </Folder>
      <Folder>
        <name>Attempt to modify activated flight into conflict</name>
        <Folder>
          <name>Modify activated Flight 2 to not conflict with activated Flight 1</name>
          <Folder>
            <name>E215: uss1_dss astm.f3548.v21.dss.queryOperationalIntentReferences</name>
            <Placemark>
              <name>area_of_interest</name>
              <styleUrl>#QueryArea</styleUrl>
              <description><![CDATA[<ul><li>uss2's Activated 7d342ca8-156b-4eb4-8492-708bfb7511fc[3]</li><li>uss1's Activated cbf336db-9efb-4053-8e8a-736975c771cc[2]</li></ul>]]></description>
              <TimeSpan>
                <begin>2026-10-08T16:10:14.275491+00:00</begin>
                <end>2026-10-08T16:55:15.275491+00:00</end>
              </TimeSpan>
              <MultiGeometry>
                <Polygon>
                  <altitudeMode>absolute</altitudeMode>
                  <outerBoundaryIs>
                    <LinearRing>
                      <coordinates>-96.75899653484747,32.808725787215984,117.15379152581713 -96.75899653484747,32.80908588835897,117.15379152581713 -96.75836620527495,32.80908588835897,117.15379152581713 -96.75836620527495,32.808725787215984,117.15379152581713</coordinates>
                    </LinearRing>
                  </outerBoundaryIs>
                </Polygon>
                <Polygon>
                  <altitudeMode>absolute</altitudeMode>
                  <outerBoundaryIs>
                    <LinearRing>
                      <coordinates>-96.75899653484747,32.808725787215984,170.24379152581713 -96.75899653484747,32.80908588835897,170.24379152581713 -96.75836620527495,32.80908588835897,170.24379152581713 -96.75836620527495,32.808725787215984,170.24379152581713</coordinates>
                    </LinearRing>
                  </outerBoundaryIs>
                </Polygon>
                <Polygon>
                  <altitudeMode>absolute</altitudeMode>
                  <outerBoundaryIs>
                    <LinearRing>
                      <coordinates>-96.75899653484747,32.808725787215984,117.15379152581713 -96.75899653484747,32.808725787215984,170.24379152581713 -96.75899653484747,32.80908588835897,170.24379152581713 -96.75899653484747,32.80908588835897,117.15379152581713</coordinates>
                    </LinearRing>
                  </outerBoundaryIs>
                </Polygon>
                <Polygon>
                  <altitudeMode>absolute</altitudeMode>
                  <outerBoundaryIs>
                    <LinearRing>
                      <coordinates>-96.75899653484747,32.80908588835897,117.15379152581713 -96.75899653484747,32.80908588835897,170.24379152581713 -96.75836620527495,32.80908588835897,170.24379152581713 -96.75836620527495,32.80908588835897,117.15379152581713</coordinates>
                    </LinearRing>
                  </outerBoundaryIs>
                </Polygon>
                <Polygon>
                  <altitudeMode>absolute</altitudeMode>
                  <outerBoundaryIs>
                    <LinearRing>
                      <coordinates>-96.75836620527495,32.80908588835897,117.15379152581713 -96.75836620527495,32.80908588835897,170.24379152581713 -96.75836620527495,32.808725787215984,170.24379152581713 -96.75836620527495,32.808725787215984,117.15379152581713</coordinates>
                    </LinearRing>
                  </outerBoundaryIs>
                </Polygon>
                <Polygon>
                  <altitudeMode>absolute</altitudeMode>
                  <outerBoundaryIs>
                    <LinearRing>
                      <coordinates>-96.75836620527495,32.808725787215984,117.15379152581713 -96.75836620527495,32.808725787215984,170.24379152581713 -96.75899653484747,32.808725787215984,170.24379152581713 -96.75899653484747,32.808725787215984,117.15379152581713</coordinates>
                    </LinearRing>
                  </outerBoundaryIs>
                </Polygon>
              </MultiGeometry>
            </Placemark>
          </Folder>
          <Folder>
            <name>E217: uss1_core interuss.automated_testing.flight_planning.v1.UpsertFlightPlan</name>
            <Folder>
              <name>Activity Completed, flight OkToFly</name>
              <Placemark>
                <name>Volume 0</name>
                <styleUrl>#InUse_Nominal</styleUrl>
                <TimeSpan>
                  <begin>2026-10-08T16:10:14.275491+00:00</begin>
                  <end>2026-10-08T16:55:15.275491+00:00</end>
                </TimeSpan>
                <MultiGeometry>
                  <Polygon>
                    <altitudeMode>absolute</altitudeMode>
                    <outerBoundaryIs>
                      <LinearRing>
                        <coordinates>-96.7589750141668,32.808725787215984,117.15401717825205 -96.75836620527495,32.80904307256098,117.15401717825205 -96.75899653484747,32.80908588835897,117.15401717825205</coordinates>
                      </LinearRing>
                    </outerBoundaryIs>
                  </Polygon>
                  <Polygon>
                    <altitudeMode>absolute</altitudeMode>
                    <outerBoundaryIs>
                      <LinearRing>
                        <coordinates>-96.7589750141668,32.808725787215984,170.24401717825205 -96.75836620527495,32.80904307256098,170.24401717825205 -96.75899653484747,32.80908588835897,170.24401717825205</coordinates>
                      </LinearRing>
                    </outerBoundaryIs>
                  </Polygon>
                  <Polygon>
                    <altitudeMode>absolute</altitudeMode>
                    <outerBoundaryIs>
                      <LinearRing>
                        <coordinates>-96.7589750141668,32.808725787215984,117.15401717825205 -96.7589750141668,32.808725787215984,170.24401717825205 -96.75836620527495,32.80904307256098,170.24401717825205 -96.75836620527495,32.80904307256098,117.15401717825205</coordinates>
                      </LinearRing>
                    </outerBoundaryIs>
                  </Polygon>
                  <Polygon>
                    <altitudeMode>absolute</altitudeMode>
                    <outerBoundaryIs>
                      <LinearRing>
                        <coordinates>-96.75836620527495,32.80904307256098,117.15401717825205 -96.75836620527495,32.80904307256098,170.24401717825205 -96.75899653484747,32.80908588835897,170.24401717825205 -96.75899653484747,32.80908588835897,117.15401717825205</coordinates>
                      </LinearRing>
                    </outerBoundaryIs>
                  </Polygon>
                  <Polygon>
                    <altitudeMode>absolute</altitudeMode>
                    <outerBoundaryIs>
                      <LinearRing>
                        <coordinates>-96.75899653484747,32.80908588835897,117.15401717825205 -96.75899653484747,32.80908588835897,170.24401717825205 -96.7589750141668,32.808725787215984,170.24401717825205 -96.7589750141668,32.808725787215984,117.15401717825205</coordinates>
                      </LinearRing>
                    </outerBoundaryIs>
                  </Polygon>
                </MultiGeometry>
              </Placemark>
            </Folder>
          </Folder>
          <Folder>
            <name>E221: uss1_dss astm.f3548.v21.dss.queryOperationalIntentReferences</name>
            <Placemark>
              <name>area_of_interest</name>
              <styleUrl>#QueryArea</styleUrl>
              <description><![CDATA[<ul><li>uss2's Activated 7d342ca8-156b-4eb4-8492-708bfb7511fc[3]</li><li>uss1's Activated cbf336db-9efb-4053-8e8a-736975c771cc[3]</li></ul>]]></description>
              <TimeSpan>
                <begin>2026-10-08T16:10:14.275491+00:00</begin>
                <end>2026-10-08T16:55:15.275491+00:00</end>
              </TimeSpan>
              <MultiGeometry>
                <Polygon>
                  <altitudeMode>absolute</altitudeMode>
                  <outerBoundaryIs>
                    <LinearRing>
                      <coordinates>-96.75899653484747,32.808725787215984,117.15379152581713 -96.75899653484747,32.80908588835897,117.15379152581713 -96.75836620527495,32.80908588835897,117.15379152581713 -96.75836620527495,32.808725787215984,117.15379152581713</coordinates>
                    </LinearRing>
                  </outerBoundaryIs>
                </Polygon>
                <Polygon>
                  <altitudeMode>absolute</altitudeMode>
                  <outerBoundaryIs>
                    <LinearRing>
                      <coordinates>-96.75899653484747,32.808725787215984,170.24379152581713 -96.75899653484747,32.80908588835897,170.24379152581713 -96.75836620527495,32.80908588835897,170.24379152581713 -96.75836620527495,32.808725787215984,170.24379152581713</coordinates>
                    </LinearRing>
                  </outerBoundaryIs>
                </Polygon>
                <Polygon>
                  <altitudeMode>absolute</altitudeMode>
                  <outerBoundaryIs>
                    <LinearRing>
                      <coordinates>-96.75899653484747,32.808725787215984,117.15379152581713 -96.75899653484747,32.808725787215984,170.24379152581713 -96.75899653484747,32.80908588835897,170.24379152581713 -96.75899653484747,32.80908588835897,117.15379152581713</coordinates>
                    </LinearRing>
                  </outerBoundaryIs>
                </Polygon>
                <Polygon>
                  <altitudeMode>absolute</altitudeMode>
                  <outerBoundaryIs>
                    <LinearRing>
                      <coordinates>-96.75899653484747,32.80908588835897,117.15379152581713 -96.75899653484747,32.80908588835897,170.24379152581713 -96.75836620527495,32.80908588835897,170.24379152581713 -96.75836620527495,32.80908588835897,117.15379152581713</coordinates>
                    </LinearRing>
                  </outerBoundaryIs>
                </Polygon>
                <Polygon>
                  <altitudeMode>absolute</altitudeMode>
                  <outerBoundaryIs>
                    <LinearRing>
                      <coordinates>-96.75836620527495,32.80908588835897,117.15379152581713 -96.75836620527495,32.80908588835897,170.24379152581713 -96.75836620527495,32.808725787215984,170.24379152581713 -96.75836620527495,32.808725787215984,117.15379152581713</coordinates>
                    </LinearRing>
                  </outerBoundaryIs>
                </Polygon>
                <Polygon>
                  <altitudeMode>absolute</altitudeMode>
                  <outerBoundaryIs>
                    <LinearRing>
                      <coordinates>-96.75836620527495,32.808725787215984,117.15379152581713 -96.75836620527495,32.808725787215984,170.24379152581713 -96.75899653484747,32.808725787215984,170.24379152581713 -96.75899653484747,32.808725787215984,117.15379152581713</coordinates>
                    </LinearRing>
                  </outerBoundaryIs>
                </Polygon>
              </MultiGeometry>
            </Placemark>
          </Folder>
          <Folder>
            <name>E226: uss1_core astm.f3548.v21.uss.getOperationalIntentDetails</name>
            <Folder>
              <name>uss1's P100 Activated cbf336db-9efb-4053-8e8a-736975c771cc[3] @ miM2WkWJOZrWdEdmsi.ojWCSUVndbmyeNIWNDxgWs48_</name>
              <Placemark>
                <name>Nominal volume 0</name>
                <styleUrl>#F3548v21Activated</styleUrl>
                <TimeSpan>
                  <begin>2026-10-08T16:10:15.298094+00:00</begin>
                  <end>2026-10-08T16:55:15.275491+00:00</end>
                </TimeSpan>
                <MultiGeometry>
                  <Polygon>
                    <altitudeMode>absolute</altitudeMode>
                    <outerBoundaryIs>
                      <LinearRing>
                        <coordinates>-96.7589750141668,32.808725787215984,117.15401717825205 -96.75836620527495,32.80904307256098,117.15401717825205 -96.75899653484747,32.80908588835897,117.15401717825205</coordinates>
                      </LinearRing>
                    </outerBoundaryIs>
                  </Polygon>
                  <Polygon>
                    <altitudeMode>absolute</altitudeMode>
                    <outerBoundaryIs>
                      <LinearRing>
                        <coordinates>-96.7589750141668,32.808725787215984,170.24401717825205 -96.75836620527495,32.80904307256098,170.24401717825205 -96.75899653484747,32.80908588835897,170.24401717825205</coordinates>
                      </LinearRing>
                    </outerBoundaryIs>
                  </Polygon>
                  <Polygon>
                    <altitudeMode>absolute</altitudeMode>
                    <outerBoundaryIs>
                      <LinearRing>
                        <coordinates>-96.7589750141668,32.808725787215984,117.15401717825205 -96.7589750141668,32.808725787215984,170.24401717825205 -96.75836620527495,32.80904307256098,170.24401717825205 -96.75836620527495,32.80904307256098,117.15401717825205</coordinates>
                      </LinearRing>
                    </outerBoundaryIs>
                  </Polygon>
                  <Polygon>
                    <altitudeMode>absolute</altitudeMode>
                    <outerBoundaryIs>
                      <LinearRing>
                        <coordinates>-96.75836620527495,32.80904307256098,117.15401717825205 -96.75836620527495,32.80904307256098,170.24401717825205 -96.75899653484747,32.80908588835897,170.24401717825205 -96.75899653484747,32.80908588835897,117.15401717825205</coordinates>
                      </LinearRing>
                    </outerBoundaryIs>
                  </Polygon>
                  <Polygon>
                    <altitudeMode>absolute</altitudeMode>
                    <outerBoundaryIs>
                      <LinearRing>
                        <coordinates>-96.75899653484747,32.80908588835897,117.15401717825205 -96.75899653484747,32.80908588835897,170.24401717825205 -96.7589750141668,32.808725787215984,170.24401717825205 -96.7589750141668,32.808725787215984,117.15401717825205</coordinates>
                      </LinearRing>
                    </outerBoundaryIs>
                  </Polygon>
                </MultiGeometry>
              </Placemark>
            </Folder>
          </Folder>
        </Folder>
        <Folder>
          <name>Attempt to modify activated Flight 1 into conflict</name>
          <Folder>
            <name>E235: uss1_dss astm.f3548.v21.dss.queryOperationalIntentReferences</name>
            <Placemark>
              <name>area_of_interest</name>
              <styleUrl>#QueryArea</styleUrl>
              <description><![CDATA[<ul><li>uss2's Activated 7d342ca8-156b-4eb4-8492-708bfb7511fc[3]</li><li>uss1's Activated cbf336db-9efb-4053-8e8a-736975c771cc[3]</li></ul>]]></description>
              <TimeSpan>
                <begin>2026-10-08T16:10:14.500955+00:00</begin>
                <end>2026-10-08T16:55:15.500955+00:00</end>
              </TimeSpan>
              <MultiGeometry>
                <Polygon>
                  <altitudeMode>absolute</altitudeMode>
                  <outerBoundaryIs>
                    <LinearRing>
                      <coordinates>-96.75870985001711,32.80858323856318,90.19279972819312 -96.75870985001711,32.80926461087504,90.19279972819312 -96.75793934130733,32.80926461087504,90.19279972819312 -96.75793934130733,32.80858323856318,90.19279972819312</coordinates>
                    </LinearRing>
                  </outerBoundaryIs>
                </Polygon>
                <Polygon>
                  <altitudeMode>absolute</altitudeMode>
                  <outerBoundaryIs>
                    <LinearRing>
                      <coordinates>-96.75870985001711,32.80858323856318,155.24279972819312 -96.75870985001711,32.80926461087504,155.24279972819312 -96.75793934130733,32.80926461087504,155.24279972819312 -96.75793934130733,32.80858323856318,155.24279972819312</coordinates>
                    </LinearRing>
                  </outerBoundaryIs>
                </Polygon>
                <Polygon>
                  <altitudeMode>absolute</altitudeMode>
                  <outerBoundaryIs>
                    <LinearRing>
                      <coordinates>-96.75870985001711,32.80858323856318,90.19279972819312 -96.75870985001711,32.80858323856318,155.24279972819312 -96.75870985001711,32.80926461087504,155.24279972819312 -96.75870985001711,32.80926461087504,90.19279972819312</coordinates>
                    </LinearRing>
                  </outerBoundaryIs>
                </Polygon>
                <Polygon>
                  <altitudeMode>absolute</altitudeMode>
                  <outerBoundaryIs>
                    <LinearRing>
                      <coordinates>-96.75870985001711,32.80926461087504,90.19279972819312 -96.75870985001711,32.80926461087504,155.24279972819312 -96.75793934130733,32.80926461087504,155.24279972819312 -96.75793934130733,32.80926461087504,90.19279972819312</coordinates>
                    </LinearRing>
                  </outerBoundaryIs>
                </Polygon>
                <Polygon>
                  <altitudeMode>absolute</altitudeMode>
                  <outerBoundaryIs>
                    <LinearRing>
                      <coordinates>-96.75793934130733,32.80926461087504,90.19279972819312 -96.75793934130733,32.80926461087504,155.24279972819312 -96.75793934130733,32.80858323856318,155.24279972819312 -96.75793934130733,32.80858323856318,90.19279972819312</coordinates>
                    </LinearRing>
                  </outerBoundaryIs>
                </Polygon>
                <Polygon>
                  <altitudeMode>absolute</altitudeMode>
                  <outerBoundaryIs>
                    <LinearRing>
                      <coordinates>-96.75793934130733,32.80858323856318,90.19279972819312 -96.75793934130733,32.80858323856318,155.24279972819312 -96.75870985001711,32.80858323856318,155.24279972819312 -96.75870985001711,32.80858323856318,90.19279972819312</coordinates>
                    </LinearRing>
                  </outerBoundaryIs>
                </Polygon>
              </MultiGeometry>
            </Placemark>
          </Folder>
          <Folder>
            <name>E237: uss2_core interuss.automated_testing.flight_planning.v1.UpsertFlightPlan</name>
            <Folder>
              <name>Activity Rejected, flight OkToFly</name>
              <Placemark>
                <name>Volume 0</name>
                <styleUrl>#InUse_Nominal</styleUrl>
                <TimeSpan>
                  <begin>2026-10-08T16:10:14.500955+00:00</begin>
                  <end>2026-10-08T16:55:15.500955+00:00</end>
                </TimeSpan>
                <MultiGeometry>
                  <Polygon>
                    <altitudeMode>absolute</altitudeMode>
                    <outerBoundaryIs>
                      <LinearRing>
                        <coordinates>-96.75821368556292,32.80870238608093,120.30262966907942 -96.75870985001711,32.80926461087504,120.30262966907942 -96.75823520315319,32.80906248735413,120.30262966907942 -96.75793934130733,32.80881116101377,120.30262966907942</coordinates>
                      </LinearRing>
                    </outerBoundaryIs>
                  </Polygon>
                  <Polygon>
                    <altitudeMode>absolute</altitudeMode>
                    <outerBoundaryIs>
                      <LinearRing>
                        <coordinates>-96.75821368556292,32.80870238608093,155.2426296690794 -96.75870985001711,32.80926461087504,155.2426296690794 -96.75823520315319,32.80906248735413,155.2426296690794 -96.75793934130733,32.80881116101377,155.2426296690794</coordinates>
                      </LinearRing>
                    </outerBoundaryIs>
                  </Polygon>
                  <Polygon>
                    <altitudeMode>absolute</altitudeMode>
                    <outerBoundaryIs>
                      <LinearRing>
                        <coordinates>-96.75821368556292,32.80870238608093,120.30262966907942 -96.75821368556292,32.80870238608093,155.2426296690794 -96.75870985001711,32.80926461087504,155.2426296690794 -96.75870985001711,32.80926461087504,120.30262966907942</coordinates>
                      </LinearRing>
                    </outerBoundaryIs>
                  </Polygon>
                  <Polygon>
                    <altitudeMode>absolute</altitudeMode>
                    <outerBoundaryIs>
                      <LinearRing>
                        <coordinates>-96.75870985001711,32.80926461087504,120.30262966907942 -96.75870985001711,32.80926461087504,155.2426296690794 -96.75823520315319,32.80906248735413,155.2426296690794 -96.75823520315319,32.80906248735413,120.30262966907942</coordinates>
                      </LinearRing>
                    </outerBoundaryIs>
                  </Polygon>
                  <Polygon>
                    <altitudeMode>absolute</altitudeMode>
                    <outerBoundaryIs>
                      <LinearRing>
                        <coordinates>-96.75823520315319,32.80906248735413,120.30262966907942 -96.75823520315319,32.80906248735413,155.2426296690794 -96.75793934130733,32.80881116101377,155.2426296690794 -96.75793934130733,32.80881116101377,120.30262966907942</coordinates>
                      </LinearRing>
                    </outerBoundaryIs>
                  </Polygon>
                  <Polygon>
                    <altitudeMode>absolute</altitudeMode>
                    <outerBoundaryIs>
                      <LinearRing>
                        <coordinates>-96.75793934130733,32.80881116101377,120.30262966907942 -96.75793934130733,32.80881116101377,155.2426296690794 -96.75821368556292,32.80870238608093,155.2426296690794 -96.75821368556292,32.80870238608093,120.30262966907942</coordinates>
                      </LinearRing>
                    </outerBoundaryIs>
                  </Polygon>
                </MultiGeometry>
              </Placemark>
            </Folder>
          </Folder>
          <Folder>
            <name>E240: uss1_dss astm.f3548.v21.dss.queryOperationalIntentReferences</name>
            <Placemark>
              <name>area_of_interest</name>
              <styleUrl>#QueryArea</styleUrl>
              <description><![CDATA[<ul><li>uss2's Activated 7d342ca8-156b-4eb4-8492-708bfb7511fc[3]</li><li>uss1's Activated cbf336db-9efb-4053-8e8a-736975c771cc[3]</li></ul>]]></description>
              <TimeSpan>
                <begin>2026-10-08T16:10:14.500955+00:00</begin>
                <end>2026-10-08T16:55:15.500955+00:00</end>
              </TimeSpan>
              <MultiGeometry>
                <Polygon>
                  <altitudeMode>absolute</altitudeMode>
                  <outerBoundaryIs>
                    <LinearRing>
                      <coordinates>-96.75870985001711,32.80858323856318,90.19279972819312 -96.75870985001711,32.80926461087504,90.19279972819312 -96.75793934130733,32.80926461087504,90.19279972819312 -96.75793934130733,32.80858323856318,90.19279972819312</coordinates>
                    </LinearRing>
                  </outerBoundaryIs>
                </Polygon>
                <Polygon>
                  <altitudeMode>absolute</altitudeMode>
                  <outerBoundaryIs>
                    <LinearRing>
                      <coordinates>-96.75870985001711,32.80858323856318,155.24279972819312 -96.75870985001711,32.80926461087504,155.24279972819312 -96.75793934130733,32.80926461087504,155.24279972819312 -96.75793934130733,32.80858323856318,155.24279972819312</coordinates>
                    </LinearRing>
                  </outerBoundaryIs>
                </Polygon>
                <Polygon>
                  <altitudeMode>absolute</altitudeMode>
                  <outerBoundaryIs>
                    <LinearRing>
                      <coordinates>-96.75870985001711,32.80858323856318,90.19279972819312 -96.75870985001711,32.80858323856318,155.24279972819312 -96.75870985001711,32.80926461087504,155.24279972819312 -96.75870985001711,32.80926461087504,90.19279972819312</coordinates>
                    </LinearRing>
                  </outerBoundaryIs>
                </Polygon>
                <Polygon>
                  <altitudeMode>absolute</altitudeMode>
                  <outerBoundaryIs>
                    <LinearRing>
                      <coordinates>-96.75870985001711,32.80926461087504,90.19279972819312 -96.75870985001711,32.80926461087504,155.24279972819312 -96.75793934130733,32.80926461087504,155.24279972819312 -96.75793934130733,32.80926461087504,90.19279972819312</coordinates>
                    </LinearRing>
                  </outerBoundaryIs>
                </Polygon>
                <Polygon>
                  <altitudeMode>absolute</altitudeMode>
                  <outerBoundaryIs>
                    <LinearRing>
                      <coordinates>-96.75793934130733,32.80926461087504,90.19279972819312 -96.75793934130733,32.80926461087504,155.24279972819312 -96.75793934130733,32.80858323856318,155.24279972819312 -96.75793934130733,32.80858323856318,90.19279972819312</coordinates>
                    </LinearRing>
                  </outerBoundaryIs>
                </Polygon>
                <Polygon>
                  <altitudeMode>absolute</altitudeMode>
                  <outerBoundaryIs>
                    <LinearRing>
                      <coordinates>-96.75793934130733,32.80858323856318,90.19279972819312 -96.75793934130733,32.80858323856318,155.24279972819312 -96.75870985001711,32.80858323856318,155.24279972819312 -96.75870985001711,32.80858323856318,90.19279972819312</coordinates>
                    </LinearRing>
                  </outerBoundaryIs>
                </Polygon>
              </MultiGeometry>
            </Placemark>
          </Folder>
        </Folder>
      </Folder>
      <Folder>
        <name/>
        <Folder>
          <name>Cleanup</name>
        </Folder>
      </Folder>
    </Folder>
  </Document>
</kml>
