<kml xmlns="http://www.opengis.net/kml/2.2" xmlns:atom="http://www.w3.org/2005/Atom" xmlns:gx="http://www.google.com/kml/ext/2.2">
  <Document>
    <Style id="QueryArea">
      <LineStyle>
        <color>ffc0c000</color>
        <width>3</width>
      </LineStyle>
      <PolyStyle>
        <color>80ffffaa</color>
      </PolyStyle>
    </Style>
    <Style id="F3548v21Accepted">
      <LineStyle>
        <color>ff00c000</color>
        <width>3</width>
      </LineStyle>
      <PolyStyle>
        <color>80c0c0c0</color>
      </PolyStyle>
    </Style>
    <Style id="F3548v21Activated">
      <LineStyle>
        <color>ff00c000</color>
        <width>3</width>
      </LineStyle>
      <PolyStyle>
        <color>8000ff00</color>
      </PolyStyle>
    </Style>
    <Style id="F3548v21Nonconforming">
      <LineStyle>
        <color>ff00ffff</color>
        <width>5</width>
      </LineStyle>
      <PolyStyle>
        <color>8000ffff</color>
      </PolyStyle>
    </Style>
    <Style id="F3548v21Contingent">
      <LineStyle>
        <color>ff0000ff</color>
        <width>5</width>
      </LineStyle>
      <PolyStyle>
        <color>80ff0000ff</color>
      </PolyStyle>
    </Style>
    <Style id="F3548v21AcceptedFuture">
      <LineStyle>
        <color>80c0c0c0</color>
        <width>1</width>
      </LineStyle>
      <PolyStyle>
        <color>00000000</color>
      </PolyStyle>
    </Style>
    <Style id="F3548v21ActivatedFuture">
      <LineStyle>
        <color>8040c040</color>
        <width>1</width>
      </LineStyle>
      <PolyStyle>
        <color>00000000</color>
      </PolyStyle>
    </Style>
    <Style id="F3548v21NonconformingFuture">
      <LineStyle>
        <color>8000ffff</color>
        <width>1</width>
      </LineStyle>
      <PolyStyle>
        <color>00000000</color>
      </PolyStyle>
    </Style>
    <Style id="F3548v21ContingentFuture">
      <LineStyle>
        <color>80ff0000ff</color>
        <width>1</width>
      </LineStyle>
      <PolyStyle>
        <color>00000000</color>
      </PolyStyle>
    </Style>
    <Style id="Planned_Nominal">
      <LineStyle>
        <color>ff00c000</color>
        <width>3</width>
      </LineStyle>
      <PolyStyle>
        <color>80808080</color>
      </PolyStyle>
    </Style>
    <Style id="InUse_Nominal">
      <LineStyle>
        <color>ff00c000</color>
        <width>3</width>
      </LineStyle>
      <PolyStyle>
        <color>8000ff00</color>
      </PolyStyle>
    </Style>
    <Style id="InUse_OffNominal">
      <LineStyle>
        <color>ff00ffff</color>
        <width>5</width>
      </LineStyle>
      <PolyStyle>
        <color>8000ff00</color>
      </PolyStyle>
    </Style>
    <Style id="InUse_Contingent">
      <LineStyle>
        <color>ff0000ff</color>
        <width>5</width>
      </LineStyle>
      <PolyStyle>
        <color>8000ff00</color>
      </PolyStyle>
    </Style>
    <Style id="unmodifiedtelemetry">
      <IconStyle>
        <scale>1.4</scale>
        <Icon>
          <href>http://maps.google.com/mapfiles/kml/shapes/placemark_circle.png</href>
        </Icon>
      </IconStyle>
    </Style>
    <Style id="modifiedtelemetry">
      <IconStyle>
        <scale>1.4</scale>
        <Icon>
          <href>http://maps.google.com/mapfiles/kml/shapes/placemark_square.png</href>
        </Icon>
      </IconStyle>
    </Style>
    <Style id="aircraft">
      <IconStyle>
        <scale>1.4</scale>
        <Icon>
          <href>http://maps.google.com/mapfiles/kml/shapes/airports.png</href>
        </Icon>
      </IconStyle>
    </Style>
    <Folder>
      <name>Nominal planning: conflict with higher priority</name>
      <Folder>
        <name>Prerequisites check</name>
        <Folder>
          <name>Verify area is clear</name>
          <Folder>
            <name>E3: uss1_dss astm.f3548.v21.dss.queryOperationalIntentReferences</name>
            <Placemark>
              <name>area_of_interest</name>
              <styleUrl>#QueryArea</styleUrl>
              <description><![CDATA[(no operational intent references found)]]></description>
              <TimeSpan>
                <begin>2026-10-08T16:10:14.637171+00:00</begin>
                <end>2026-10-08T17:40:15.637171+00:00</end>
              </TimeSpan>
              <MultiGeometry>
                <Polygon>
                  <altitudeMode>absolute</altitudeMode>
                  <outerBoundaryIs>
                    <LinearRing>
                      <coordinates>-96.54333904130766,32.717772598729226,89.72916591619237 -96.54333904130766,32.71860301721923,89.72916591619237 -96.54228359029405,32.71860301721923,89.72916591619237 -96.54228359029405,32.717772598729226,89.72916591619237</coordinates>
                    </LinearRing>
                  </outerBoundaryIs>
                </Polygon>
                <Polygon>
                  <altitudeMode>absolute</altitudeMode>
                  <outerBoundaryIs>
                    <LinearRing>
                      <coordinates>-96.54333904130766,32.717772598729226,169.77916591619237 -96.54333904130766,32.71860301721923,169.77916591619237 -96.54228359029405,32.71860301721923,169.77916591619237 -96.54228359029405,32.717772598729226,169.77916591619237</coordinates>
                    </LinearRing>
                  </outerBoundaryIs>
                </Polygon>
                <Polygon>
                  <altitudeMode>absolute</altitudeMode>
                  <outerBoundaryIs>
                    <LinearRing>
                      <coordinates>-96.54333904130766,32.717772598729226,89.72916591619237 -96.54333904130766,32.717772598729226,169.77916591619237 -96.54333904130766,32.71860301721923,169.77916591619237 -96.54333904130766,32.71860301721923,89.72916591619237</coordinates>
                    </LinearRing>
                  </outerBoundaryIs>
                </Polygon>
                <Polygon>
                  <altitudeMode>absolute</altitudeMode>
                  <outerBoundaryIs>
                    <LinearRing>
                      <coordinates>-96.54333904130766,32.71860301721923,89.72916591619237 -96.54333904130766,32.71860301721923,169.77916591619237 -96.54228359029405,32.71860301721923,169.77916591619237 -96.54228359029405,32.71860301721923,89.72916591619237</coordinates>
                    </LinearRing>
                  </outerBoundaryIs>
                </Polygon>
                <Polygon>
                  <altitudeMode>absolute</altitudeMode>
                  <outerBoundaryIs>
                    <LinearRing>
                      <coordinates>-96.54228359029405,32.71860301721923,89.72916591619237 -96.54228359029405,32.71860301721923,169.77916591619237 -96.54228359029405,32.717772598729226,169.77916591619237 -96.54228359029405,32.717772598729226,89.72916591619237</coordinates>
                    </LinearRing>
                  </outerBoundaryIs>
                </Polygon>
                <Polygon>
                  <altitudeMode>absolute</altitudeMode>
                  <outerBoundaryIs>
                    <LinearRing>
                      <coordinates>-96.54228359029405,32.717772598729226,89.72916591619237 -96.54228359029405,32.717772598729226,169.77916591619237 -96.54333904130766,32.717772598729226,169.77916591619237 -96.54333904130766,32.717772598729226,89.72916591619237</coordinates>
                    </LinearRing>
                  </outerBoundaryIs>
                </Polygon>
              </MultiGeometry>
            </Placemark>
          </Folder>
        </Folder>
      </Folder>
      <Folder>
        <name>Attempt to plan flight in conflict</name>
        <Folder>
          <name>Plan Flight 2</name>
          <Folder>
            <name>E6: uss1_dss astm.f3548.v21.dss.queryOperationalIntentReferences</name>
            <Placemark>
              <name>area_of_interest</name>
              <styleUrl>#QueryArea</styleUrl>
              <description><![CDATA[(no operational intent references found)]]></description>
              <TimeSpan>
                <begin>2026-10-08T16:10:14.689093+00:00</begin>
                <end>2026-10-08T16:55:15.689093+00:00</end>
              </TimeSpan>
              <MultiGeometry>
                <Polygon>
                  <altitudeMode>absolute</altitudeMode>
                  <outerBoundaryIs>
                    <LinearRing>
                      <coordinates>-96.54333904130766,32.71782149495856,118.70973943738716 -96.54333904130766,32.71842478527735,118.70973943738716 -96.54280943468076,32.71842478527735,118.70973943738716 -96.54280943468076,32.71782149495856,118.70973943738716</coordinates>
                    </LinearRing>
                  </outerBoundaryIs>
                </Polygon>
                <Polygon>
                  <altitudeMode>absolute</altitudeMode>
                  <outerBoundaryIs>
                    <LinearRing>
                      <coordinates>-96.54333904130766,32.71782149495856,147.77973943738715 -96.54333904130766,32.71842478527735,147.77973943738715 -96.54280943468076,32.71842478527735,147.77973943738715 -96.54280943468076,32.71782149495856,147.77973943738715</coordinates>
                    </LinearRing>
                  </outerBoundaryIs>
                </Polygon>
                <Polygon>
                  <altitudeMode>absolute</altitudeMode>
                  <outerBoundaryIs>
                    <LinearRing>
                      <coordinates>-96.54333904130766,32.71782149495856,118.70973943738716 -96.54333904130766,32.71782149495856,147.77973943738715 -96.54333904130766,32.71842478527735,147.77973943738715 -96.54333904130766,32.71842478527735,118.70973943738716</coordinates>
                    </LinearRing>
                  </outerBoundaryIs>
                </Polygon>
                <Polygon>
                  <altitudeMode>absolute</altitudeMode>
                  <outerBoundaryIs>
                    <LinearRing>
                      <coordinates>-96.54333904130766,32.71842478527735,118.70973943738716 -96.54333904130766,32.71842478527735,147.77973943738715 -96.54280943468076,32.71842478527735,147.77973943738715 -96.54280943468076,32.71842478527735,118.70973943738716</coordinates>
                    </LinearRing>
                  </outerBoundaryIs>
                </Polygon>
                <Polygon>
                  <altitudeMode>absolute</altitudeMode>
                  <outerBoundaryIs>
                    <LinearRing>
                      <coordinates>-96.54280943468076,32.71842478527735,118.70973943738716 -96.54280943468076,32.71842478527735,147.77973943738715 -96.54280943468076,32.71782149495856,147.77973943738715 -96.54280943468076,32.71782149495856,118.70973943738716</coordinates>
                    </LinearRing>
                  </outerBoundaryIs>
                </Polygon>
                <Polygon>
                  <altitudeMode>absolute</altitudeMode>
                  <outerBoundaryIs>
                    <LinearRing>
                      <coordinates>-96.54280943468076,32.71782149495856,118.70973943738716 -96.54280943468076,32.71782149495856,147.77973943738715 -96.54333904130766,32.71782149495856,147.77973943738715 -96.54333904130766,32.71782149495856,118.70973943738716</coordinates>
                    </LinearRing>
                  </outerBoundaryIs>
                </Polygon>
              </MultiGeometry>
            </Placemark>
          </Folder>
          <Folder>
            <name>E8: uss2_core interuss.automated_testing.flight_planning.v1.UpsertFlightPlan</name>
            <Folder>
              <name>Activity Completed, flight Planned</name>
              <Placemark>
                <name>Volume 0</name>
                <styleUrl>#Planned_Nominal</styleUrl>
                <TimeSpan>
                  <begin>2026-10-08T16:10:14.689093+00:00</begin>
                  <end>2026-10-08T16:55:15.689093+00:00</end>
                </TimeSpan>
                <MultiGeometry>
                  <Polygon>
                    <altitudeMode>absolute</altitudeMode>
                    <outerBoundaryIs>
                      <LinearRing>
                        <coordinates>-96.5433184133351,32.71806464808114,118.70976468151365 -96.54280943468076,32.71782149495855,118.70976468151365 -96.54290067464845,32.71826207106433,118.70976468151365 -96.54333904130766,32.71842478527735,118.70976468151365</coordinates>
                      </LinearRing>
                    </outerBoundaryIs>
                  </Polygon>
                  <Polygon>
                    <altitudeMode>absolute</altitudeMode>
                    <outerBoundaryIs>
                      <LinearRing>
                        <coordinates>-96.5433184133351,32.71806464808114,147.77976468151365 -96.54280943468076,32.71782149495855,147.77976468151365 -96.54290067464845,32.71826207106433,147.77976468151365 -96.54333904130766,32.71842478527735,147.77976468151365</coordinates>
                      </LinearRing>
                    </outerBoundaryIs>
                  </Polygon>
                  <Polygon>
                    <altitudeMode>absolute</altitudeMode>
                    <outerBoundaryIs>
                      <LinearRing>
                        <coordinates>-96.5433184133351,32.71806464808114,118.70976468151365 -96.5433184133351,32.71806464808114,147.77976468151365 -96.54280943468076,32.71782149495855,147.77976468151365 -96.54280943468076,32.71782149495855,118.70976468151365</coordinates>
                      </LinearRing>
                    </outerBoundaryIs>
                  </Polygon>
                  <Polygon>
                    <altitudeMode>absolute</altitudeMode>
                    <outerBoundaryIs>
                      <LinearRing>
                        <coordinates>-96.54280943468076,32.71782149495855,118.70976468151365 -96.54280943468076,32.71782149495855,147.77976468151365 -96.54290067464845,32.71826207106433,147.77976468151365 -96.54290067464845,32.71826207106433,118.70976468151365</coordinates>
                      </LinearRing>
                    </outerBoundaryIs>
                  </Polygon>
                  <Polygon>
                    <altitudeMode>absolute</altitudeMode>
                    <outerBoundaryIs>
                      <LinearRing>
                        <coordinates>-96.54290067464845,32.71826207106433,118.70976468151365 -96.54290067464845,32.71826207106433,147.77976468151365 -96.54333904130766,32.71842478527735,147.77976468151365 -96.54333904130766,32.71842478527735,118.70976468151365</coordinates>
                      </LinearRing>
                    </outerBoundaryIs>
                  </Polygon>
                  <Polygon>
                    <altitudeMode>absolute</altitudeMode>
                    <outerBoundaryIs>
                      <LinearRing>
                        <coordinates>-96.54333904130766,32.71842478527735,118.70976468151365 -96.54333904130766,32.71842478527735,147.77976468151365 -96.5433184133351,32.71806464808114,147.77976468151365 -96.5433184133351,32.71806464808114,118.70976468151365</coordinates>
                      </LinearRing>
                    </outerBoundaryIs>
                  </Polygon>
                </MultiGeometry>
              </Placemark>
            </Folder>
          </Folder>
          <Folder>
            <name>E12: uss1_dss astm.f3548.v21.dss.queryOperationalIntentReferences</name>
            <Placemark>
              <name>area_of_interest</name>
              <styleUrl>#QueryArea</styleUrl>
              <description><![CDATA[<ul><li>uss2's Accepted 17b26ec5-0cba-4b8d-968e-0a3afcc6a952[1]</li></ul>]]></description>
              <TimeSpan>
                <begin>2026-10-08T16:10:14.689093+00:00</begin>
                <end>2026-10-08T16:55:15.689093+00:00</end>
              </TimeSpan>
              <MultiGeometry>
                <Polygon>
                  <altitudeMode>absolute</altitudeMode>
                  <outerBoundaryIs>
                    <LinearRing>
                      <coordinates>-96.54333904130766,32.71782149495856,118.70973943738716 -96.54333904130766,32.71842478527735,118.70973943738716 -96.54280943468076,32.71842478527735,118.70973943738716 -96.54280943468076,32.71782149495856,118.70973943738716</coordinates>
                    </LinearRing>
                  </outerBoundaryIs>
                </Polygon>
                <Polygon>
                  <altitudeMode>absolute</altitudeMode>
                  <outerBoundaryIs>
                    <LinearRing>
                      <coordinates>-96.54333904130766,32.71782149495856,147.77973943738715 -96.54333904130766,32.71842478527735,147.77973943738715 -96.54280943468076,32.71842478527735,147.77973943738715 -96.54280943468076,32.71782149495856,147.77973943738715</coordinates>
                    </LinearRing>
                  </outerBoundaryIs>
                </Polygon>
                <Polygon>
                  <altitudeMode>absolute</altitudeMode>
                  <outerBoundaryIs>
                    <LinearRing>
                      <coordinates>-96.54333904130766,32.71782149495856,118.70973943738716 -96.54333904130766,32.71782149495856,147.77973943738715 -96.54333904130766,32.71842478527735,147.77973943738715 -96.54333904130766,32.71842478527735,118.70973943738716</coordinates>
                    </LinearRing>
                  </outerBoundaryIs>
                </Polygon>
                <Polygon>
                  <altitudeMode>absolute</altitudeMode>
                  <outerBoundaryIs>
                    <LinearRing>
                      <coordinates>-96.54333904130766,32.71842478527735,118.70973943738716 -96.54333904130766,32.71842478527735,147.77973943738715 -96.54280943468076,32.71842478527735,147.77973943738715 -96.54280943468076,32.71842478527735,118.70973943738716</coordinates>
                    </LinearRing>
                  </outerBoundaryIs>
                </Polygon>
                <Polygon>
                  <altitudeMode>absolute</altitudeMode>
                  <outerBoundaryIs>
                    <LinearRing>
                      <coordinates>-96.54280943468076,32.71842478527735,118.70973943738716 -96.54280943468076,32.71842478527735,147.77973943738715 -96.54280943468076,32.71782149495856,147.77973943738715 -96.54280943468076,32.71782149495856,118.70973943738716</coordinates>
                    </LinearRing>
                  </outerBoundaryIs>
                </Polygon>
                <Polygon>
                  <altitudeMode>absolute</altitudeMode>
                  <outerBoundaryIs>
                    <LinearRing>
                      <coordinates>-96.54280943468076,32.71782149495856,118.70973943738716 -96.54280943468076,32.71782149495856,147.77973943738715 -96.54333904130766,32.71782149495856,147.77973943738715 -96.54333904130766,32.71782149495856,118.70973943738716</coordinates>
                    </LinearRing>
                  </outerBoundaryIs>
                </Polygon>
              </MultiGeometry>
            </Placemark>
          </Folder>
          <Folder>
            <name>E16: uss2_core astm.f3548.v21.uss.getOperationalIntentDetails</name>
            <Folder>
              <name>uss2's P100 Accepted 17b26ec5-0cba-4b8d-968e-0a3afcc6a952[1] @ ryROI2NP00T8D700rU31EUexgvlexnmLryC-DzqMk9I_</name>
              <Placemark>
                <name>Nominal volume 0</name>
                <styleUrl>#F3548v21Accepted</styleUrl>
                <TimeSpan>
                  <begin>2026-10-08T16:10:15.707898+00:00</begin>
                  <end>2026-10-08T16:55:15.689093+00:00</end>
                </TimeSpan>
                <MultiGeometry>
                  <Polygon>
                    <altitudeMode>absolute</altitudeMode>
                    <outerBoundaryIs>
                      <LinearRing>
                        <coordinates>-96.5433184133351,32.71806464808114,118.70976468151365 -96.54280943468076,32.71782149495855,118.70976468151365 -96.54290067464845,32.71826207106433,118.70976468151365 -96.54333904130766,32.71842478527735,118.70976468151365</coordinates>
                      </LinearRing>
                    </outerBoundaryIs>
                  </Polygon>
                  <Polygon>
                    <altitudeMode>absolute</altitudeMode>
                    <outerBoundaryIs>
                      <LinearRing>
                        <coordinates>-96.5433184133351,32.71806464808114,147.77976468151365 -96.54280943468076,32.71782149495855,147.77976468151365 -96.54290067464845,32.71826207106433,147.77976468151365 -96.54333904130766,32.71842478527735,147.77976468151365</coordinates>
                      </LinearRing>
                    </outerBoundaryIs>
                  </Polygon>
                  <Polygon>
                    <altitudeMode>absolute</altitudeMode>
                    <outerBoundaryIs>
                      <LinearRing>
                        <coordinates>-96.5433184133351,32.71806464808114,118.70976468151365 -96.5433184133351,32.71806464808114,147.77976468151365 -96.54280943468076,32.71782149495855,147.77976468151365 -96.54280943468076,32.71782149495855,118.70976468151365</coordinates>
                      </LinearRing>
                    </outerBoundaryIs>
                  </Polygon>
                  <Polygon>
                    <altitudeMode>absolute</altitudeMode>
                    <outerBoundaryIs>
                      <LinearRing>
                        <coordinates>-96.54280943468076,32.71782149495855,118.70976468151365 -96.54280943468076,32.71782149495855,147.77976468151365 -96.54290067464845,32.71826207106433,147.77976468151365 -96.54290067464845,32.71826207106433,118.70976468151365</coordinates>
                      </LinearRing>
                    </outerBoundaryIs>
                  </Polygon>
                  <Polygon>
                    <altitudeMode>absolute</altitudeMode>
                    <outerBoundaryIs>
                      <LinearRing>
                        <coordinates>-96.54290067464845,32.71826207106433,118.70976468151365 -96.54290067464845,32.71826207106433,147.77976468151365 -96.54333904130766,32.71842478527735,147.77976468151365 -96.54333904130766,32.71842478527735,118.70976468151365</coordinates>
                      </LinearRing>
                    </outerBoundaryIs>
                  </Polygon>
                  <Polygon>
                    <altitudeMode>absolute</altitudeMode>
                    <outerBoundaryIs>
                      <LinearRing>
                        <coordinates>-96.54333904130766,32.71842478527735,118.70976468151365 -96.54333904130766,32.71842478527735,147.77976468151365 -96.5433184133351,32.71806464808114,147.77976468151365 -96.5433184133351,32.71806464808114,118.70976468151365</coordinates>
                      </LinearRing>
                    </outerBoundaryIs>
                  </Polygon>
                </MultiGeometry>
              </Placemark>
            </Folder>
          </Folder>
        </Folder>
        <Folder>
          <name>Attempt to plan Flight 1</name>
          <Folder>
            <name>E25: uss1_dss astm.f3548.v21.dss.queryOperationalIntentReferences</name>
            <Placemark>
              <name>area_of_interest</name>
              <styleUrl>#QueryArea</styleUrl>
              <description><![CDATA[<ul><li>uss2's Accepted 17b26ec5-0cba-4b8d-968e-0a3afcc6a952[1]</li></ul>]]></description>
              <TimeSpan>
                <begin>2026-10-08T16:10:14.791476+00:00</begin>
                <end>2026-10-08T16:55:15.791476+00:00</end>
              </TimeSpan>
              <MultiGeometry>
                <Polygon>
                  <altitudeMode>absolute</altitudeMode>
                  <outerBoundaryIs>
                    <LinearRing>
                      <coordinates>-96.54319999519082,32.717772598729226,119.78907867636025 -96.54319999519082,32.718400082519715,119.78907867636025 -96.54228359029405,32.718400082519715,119.78907867636025 -96.54228359029405,32.717772598729226,119.78907867636025</coordinates>
                    </LinearRing>
                  </outerBoundaryIs>
                </Polygon>
                <Polygon>
                  <altitudeMode>absolute</altitudeMode>
                  <outerBoundaryIs>
                    <LinearRing>
                      <coordinates>-96.54319999519082,32.717772598729226,149.77907867636026 -96.54319999519082,32.718400082519715,149.77907867636026 -96.54228359029405,32.718400082519715,149.77907867636026 -96.54228359029405,32.717772598729226,149.77907867636026</coordinates>
                    </LinearRing>
                  </outerBoundaryIs>
                </Polygon>
                <Polygon>
                  <altitudeMode>absolute</altitudeMode>
                  <outerBoundaryIs>
                    <LinearRing>
                      <coordinates>-96.54319999519082,32.717772598729226,119.78907867636025 -96.54319999519082,32.717772598729226,149.77907867636026 -96.54319999519082,32.718400082519715,149.77907867636026 -96.54319999519082,32.718400082519715,119.78907867636025</coordinates>
                    </LinearRing>
                  </outerBoundaryIs>
                </Polygon>
                <Polygon>
                  <altitudeMode>absolute</altitudeMode>
                  <outerBoundaryIs>
                    <LinearRing>
                      <coordinates>-96.54319999519082,32.718400082519715,119.78907867636025 -96.54319999519082,32.718400082519715,149.77907867636026 -96.54228359029405,32.718400082519715,149.77907867636026 -96.54228359029405,32.718400082519715,119.78907867636025</coordinates>
                    </LinearRing>
                  </outerBoundaryIs>
                </Polygon>
                <Polygon>
                  <altitudeMode>absolute</altitudeMode>
                  <outerBoundaryIs>
                    <LinearRing>
                      <coordinates>-96.54228359029405,32.718400082519715,119.78907867636025 -96.54228359029405,32.718400082519715,149.77907867636026 -96.54228359029405,32.717772598729226,149.77907867636026 -96.54228359029405,32.717772598729226,119.78907867636025</coordinates>
                    </LinearRing>
                  </outerBoundaryIs>
                </Polygon>
                <Polygon>
                  <altitudeMode>absolute</altitudeMode>
                  <outerBoundaryIs>
                    <LinearRing>
                      <coordinates>-96.54228359029405,32.717772598729226,119.78907867636025 -96.54228359029405,32.717772598729226,149.77907867636026 -96.54319999519082,32.717772598729226,149.77907867636026 -96.54319999519082,32.717772598729226,119.78907867636025</coordinates>
                    </LinearRing>
                  </outerBoundaryIs>
                </Polygon>
              </MultiGeometry>
            </Placemark>
          </Folder>
          <Folder>
            <name>E27: uss2_core interuss.automated_testing.flight_planning.v1.UpsertFlightPlan</name>
            <Folder>
              <name>Activity Rejected, flight NotPlanned</name>
              <Placemark>
                <name>Volume 0</name>
                <styleUrl>#Planned_Nominal</styleUrl>
                <TimeSpan>
                  <begin>2026-10-08T16:10:14.791476+00:00</begin>
                  <end>2026-10-08T16:55:15.791476+00:00</end>
                </TimeSpan>
                <MultiGeometry>
                  <Polygon>
                    <altitudeMode>absolute</altitudeMode>
                    <outerBoundaryIs>
                      <LinearRing>
                        <coordinates>-96.54298815303244,32.717772598729226,119.78912263213095 -96.54319999519082,32.71801391482339,119.78912263213095 -96.5425785426701,32.718400082519715,119.78912263213095 -96.54228359029405,32.718148250809556,119.78912263213095</coordinates>
                      </LinearRing>
                    </outerBoundaryIs>
                  </Polygon>
                  <Polygon>
                    <altitudeMode>absolute</altitudeMode>
                    <outerBoundaryIs>
                      <LinearRing>
                        <coordinates>-96.54298815303244,32.717772598729226,149.77912263213096 -96.54319999519082,32.71801391482339,149.77912263213096 -96.5425785426701,32.718400082519715,149.77912263213096 -96.54228359029405,32.718148250809556,149.77912263213096</coordinates>
                      </LinearRing>
                    </outerBoundaryIs>
                  </Polygon>
                  <Polygon>
                    <altitudeMode>absolute</altitudeMode>
                    <outerBoundaryIs>
                      <LinearRing>
                        <coordinates>-96.54298815303244,32.717772598729226,119.78912263213095 -96.54298815303244,32.717772598729226,149.77912263213096 -96.54319999519082,32.71801391482339,149.77912263213096 -96.54319999519082,32.71801391482339,119.78912263213095</coordinates>
                      </LinearRing>
                    </outerBoundaryIs>
                  </Polygon>
                  <Polygon>
                    <altitudeMode>absolute</altitudeMode>
                    <outerBoundaryIs>
                      <LinearRing>
                        <coordinates>-96.54319999519082,32.71801391482339,119.78912263213095 -96.54319999519082,32.71801391482339,149.77912263213096 -96.5425785426701,32.718400082519715,149.77912263213096 -96.5425785426701,32.718400082519715,119.78912263213095</coordinates>
                      </LinearRing>
                    </outerBoundaryIs>
                  </Polygon>
                  <Polygon>
                    <altitudeMode>absolute</altitudeMode>
                    <outerBoundaryIs>
                      <LinearRing>
                        <coordinates>-96.5425785426701,32.718400082519715,119.78912263213095 -96.5425785426701,32.718400082519715,149.77912263213096 -96.54228359029405,32.718148250809556,149.77912263213096 -96.54228359029405,32.718148250809556,119.78912263213095</coordinates>
                      </LinearRing>
                    </outerBoundaryIs>
                  </Polygon>
                  <Polygon>
                    <altitudeMode>absolute</altitudeMode>
                    <outerBoundaryIs>
                      <LinearRing>
                        <coordinates>-96.54228359029405,32.718148250809556,119.78912263213095 -96.54228359029405,32.718148250809556,149.77912263213096 -96.54298815303244,32.717772598729226,149.77912263213096 -96.54298815303244,32.717772598729226,119.78912263213095</coordinates>
                      </LinearRing>
                    </outerBoundaryIs>
                  </Polygon>
                </MultiGeometry>
              </Placemark>
            </Folder>
          </Folder>
          <Folder>
            <name>E30: uss1_dss astm.f3548.v21.dss.queryOperationalIntentReferences</name>
            <Placemark>
              <name>area_of_interest</name>
              <styleUrl>#QueryArea</styleUrl>
              <description><![CDATA[<ul><li>uss2's Accepted 17b26ec5-0cba-4b8d-968e-0a3afcc6a952[1]</li></ul>]]></description>
              <TimeSpan>
                <begin>2026-10-08T16:10:14.791476+00:00</begin>
                <end>2026-10-08T16:55:15.791476+00:00</end>
              </TimeSpan>
              <MultiGeometry>
                <Polygon>
                  <altitudeMode>absolute</altitudeMode>
                  <outerBoundaryIs>
                    <LinearRing>
                      <coordinates>-96.54319999519082,32.717772598729226,119.78907867636025 -96.54319999519082,32.718400082519715,119.78907867636025 -96.54228359029405,32.718400082519715,119.78907867636025 -96.54228359029405,32.717772598729226,119.78907867636025</coordinates>
                    </LinearRing>
                  </outerBoundaryIs>
                </Polygon>
                <Polygon>
                  <altitudeMode>absolute</altitudeMode>
                  <outerBoundaryIs>
                    <LinearRing>
                      <coordinates>-96.54319999519082,32.717772598729226,149.77907867636026 -96.54319999519082,32.718400082519715,149.77907867636026 -96.54228359029405,32.718400082519715,149.77907867636026 -96.54228359029405,32.717772598729226,149.77907867636026</coordinates>
                    </LinearRing>
                  </outerBoundaryIs>
                </Polygon>
                <Polygon>
                  <altitudeMode>absolute</altitudeMode>
                  <outerBoundaryIs>
                    <LinearRing>
                      <coordinates>-96.54319999519082,32.717772598729226,119.78907867636025 -96.54319999519082,32.717772598729226,149.77907867636026 -96.54319999519082,32.718400082519715,149.77907867636026 -96.54319999519082,32.718400082519715,119.78907867636025</coordinates>
                    </LinearRing>
                  </outerBoundaryIs>
                </Polygon>
                <Polygon>
                  <altitudeMode>absolute</altitudeMode>
                  <outerBoundaryIs>
                    <LinearRing>
                      <coordinates>-96.54319999519082,32.718400082519715,119.78907867636025 -96.54319999519082,32.718400082519715,149.77907867636026 -96.54228359029405,32.718400082519715,149.77907867636026 -96.54228359029405,32.718400082519715,119.78907867636025</coordinates>
                    </LinearRing>
                  </outerBoundaryIs>
                </Polygon>
                <Polygon>
                  <altitudeMode>absolute</altitudeMode>
                  <outerBoundaryIs>
                    <LinearRing>
                      <coordinates>-96.54228359029405,32.718400082519715,119.78907867636025 -96.54228359029405,32.718400082519715,149.77907867636026 -96.54228359029405,32.717772598729226,149.77907867636026 -96.54228359029405,32.717772598729226,119.78907867636025</coordinates>
                    </LinearRing>
                  </outerBoundaryIs>
                </Polygon>
                <Polygon>
                  <altitudeMode>absolute</altitudeMode>
                  <outerBoundaryIs>
                    <LinearRing>
                      <coordinates>-96.54228359029405,32.717772598729226,119.78907867636025 -96.54228359029405,32.717772598729226,149.77907867636026 -96.54319999519082,32.717772598729226,149.77907867636026 -96.54319999519082,32.717772598729226,119.78907867636025</coordinates>
                    </LinearRing>
                  </outerBoundaryIs>
                </Polygon>
              </MultiGeometry>
            </Placemark>
          </Folder>
        </Folder>
        <Folder>
          <name>Delete Flight 2</name>
        </Folder>
      </Folder>
      <Folder>
        <name>Attempt to modify planned flight in conflict</name>
        <Folder>
          <name>Plan Flight 1</name>
          <Folder>
            <name>E35: uss1_dss astm.f3548.v21.dss.queryOperationalIntentReferences</name>
            <Placemark>
              <name>area_of_interest</name>
              <styleUrl>#QueryArea</styleUrl>
              <description><![CDATA[(no operational intent references found)]]></description>
              <TimeSpan>
                <begin>2026-10-08T16:10:14.896150+00:00</begin>
                <end>2026-10-08T16:55:15.896150+00:00</end>
              </TimeSpan>
              <MultiGeometry>
                <Polygon>
                  <altitudeMode>absolute</altitudeMode>
                  <outerBoundaryIs>
                    <LinearRing>
                      <coordinates>-96.54319999519082,32.717772598729226,119.78907867636025 -96.54319999519082,32.718400082519715,119.78907867636025 -96.54228359029405,32.718400082519715,119.78907867636025 -96.54228359029405,32.717772598729226,119.78907867636025</coordinates>
                    </LinearRing>
                  </outerBoundaryIs>
                </Polygon>
                <Polygon>
                  <altitudeMode>absolute</altitudeMode>
                  <outerBoundaryIs>
                    <LinearRing>
                      <coordinates>-96.54319999519082,32.717772598729226,149.77907867636026 -96.54319999519082,32.718400082519715,149.77907867636026 -96.54228359029405,32.718400082519715,149.77907867636026 -96.54228359029405,32.717772598729226,149.77907867636026</coordinates>
                    </LinearRing>
                  </outerBoundaryIs>
                </Polygon>
                <Polygon>
                  <altitudeMode>absolute</altitudeMode>
                  <outerBoundaryIs>
                    <LinearRing>
                      <coordinates>-96.54319999519082,32.717772598729226,119.78907867636025 -96.54319999519082,32.717772598729226,149.77907867636026 -96.54319999519082,32.718400082519715,149.77907867636026 -96.54319999519082,32.718400082519715,119.78907867636025</coordinates>
                    </LinearRing>
                  </outerBoundaryIs>
                </Polygon>
                <Polygon>
                  <altitudeMode>absolute</altitudeMode>
                  <outerBoundaryIs>
                    <LinearRing>
                      <coordinates>-96.54319999519082,32.718400082519715,119.78907867636025 -96.54319999519082,32.718400082519715,149.77907867636026 -96.54228359029405,32.718400082519715,149.77907867636026 -96.54228359029405,32.718400082519715,119.78907867636025</coordinates>
                    </LinearRing>
                  </outerBoundaryIs>
                </Polygon>
                <Polygon>
                  <altitudeMode>absolute</altitudeMode>
                  <outerBoundaryIs>
                    <LinearRing>
                      <coordinates>-96.54228359029405,32.718400082519715,119.78907867636025 -96.54228359029405,32.718400082519715,149.77907867636026 -96.54228359029405,32.717772598729226,149.77907867636026 -96.54228359029405,32.717772598729226,119.78907867636025</coordinates>
                    </LinearRing>
                  </outerBoundaryIs>
                </Polygon>
                <Polygon>
                  <altitudeMode>absolute</altitudeMode>
                  <outerBoundaryIs>
                    <LinearRing>
                      <coordinates>-96.54228359029405,32.717772598729226,119.78907867636025 -96.54228359029405,32.717772598729226,149.77907867636026 -96.54319999519082,32.717772598729226,149.77907867636026 -96.54319999519082,32.717772598729226,119.78907867636025</coordinates>
                    </LinearRing>
                  </outerBoundaryIs>
                </Polygon>
              </MultiGeometry>
            </Placemark>
          </Folder>
          <Folder>
            <name>E37: uss2_core interuss.automated_testing.flight_planning.v1.UpsertFlightPlan</name>
            <Folder>
              <name>Activity Completed, flight Planned</name>
              <Placemark>
                <name>Volume 0</name>
                <styleUrl>#Planned_Nominal</styleUrl>
                <TimeSpan>
                  <begin>2026-10-08T16:10:14.896150+00:00</begin>
                  <end>2026-10-08T16:55:15.896150+00:00</end>
                </TimeSpan>
                <MultiGeometry>
                  <Polygon>
                    <altitudeMode>absolute</altitudeMode>
                    <outerBoundaryIs>
                      <LinearRing>
                        <coordinates>-96.54298815303244,32.717772598729226,119.78912263213095 -96.54319999519082,32.71801391482339,119.78912263213095 -96.5425785426701,32.718400082519715,119.78912263213095 -96.54228359029405,32.718148250809556,119.78912263213095</coordinates>
                      </LinearRing>
                    </outerBoundaryIs>
                  </Polygon>
                  <Polygon>
                    <altitudeMode>absolute</altitudeMode>
                    <outerBoundaryIs>
                      <LinearRing>
                        <coordinates>-96.54298815303244,32.717772598729226,149.77912263213096 -96.54319999519082,32.71801391482339,149.77912263213096 -96.5425785426701,32.718400082519715,149.77912263213096 -96.54228359029405,32.718148250809556,149.77912263213096</coordinates>
                      </LinearRing>
                    </outerBoundaryIs>
                  </Polygon>
                  <Polygon>
                    <altitudeMode>absolute</altitudeMode>
                    <outerBoundaryIs>
                      <LinearRing>
                        <coordinates>-96.54298815303244,32.717772598729226,119.78912263213095 -96.54298815303244,32.717772598729226,149.77912263213096 -96.54319999519082,32.71801391482339,149.77912263213096 -96.54319999519082,32.71801391482339,119.78912263213095</coordinates>
                      </LinearRing>
                    </outerBoundaryIs>
                  </Polygon>
                  <Polygon>
                    <altitudeMode>absolute</altitudeMode>
                    <outerBoundaryIs>
                      <LinearRing>
                        <coordinates>-96.54319999519082,32.71801391482339,119.78912263213095 -96.54319999519082,32.71801391482339,149.77912263213096 -96.5425785426701,32.718400082519715,149.77912263213096 -96.5425785426701,32.718400082519715,119.78912263213095</coordinates>
                      </LinearRing>
                    </outerBoundaryIs>
                  </Polygon>
                  <Polygon>
                    <altitudeMode>absolute</altitudeMode>
                    <outerBoundaryIs>
                      <LinearRing>
                        <coordinates>-96.5425785426701,32.718400082519715,119.78912263213095 -96.5425785426701,32.718400082519715,149.77912263213096 -96.54228359029405,32.718148250809556,149.77912263213096 -96.54228359029405,32.718148250809556,119.78912263213095</coordinates>
                      </LinearRing>
                    </outerBoundaryIs>
                  </Polygon>
                  <Polygon>
                    <altitudeMode>absolute</altitudeMode>
                    <outerBoundaryIs>
                      <LinearRing>
                        <coordinates>-96.54228359029405,32.718148250809556,119.78912263213095 -96.54228359029405,32.718148250809556,149.77912263213096 -96.54298815303244,32.717772598729226,149.77912263213096 -96.54298815303244,32.717772598729226,119.78912263213095</coordinates>
                      </LinearRing>
                    </outerBoundaryIs>
                  </Polygon>
                </MultiGeometry>
              </Placemark>
            </Folder>
          </Folder>
          <Folder>
            <name>E41: uss1_dss astm.f3548.v21.dss.queryOperationalIntentReferences</name>
            <Placemark>
              <name>area_of_interest</name>
              <styleUrl>#QueryArea</styleUrl>
              <description><![CDATA[<ul><li>uss2's Accepted 6f1caf0c-9fb3-4f5c-83fe-dde7c9eb1ff7[1]</li></ul>]]></description>
              <TimeSpan>
                <begin>2026-10-08T16:10:14.896150+00:00</begin>
                <end>2026-10-08T16:55:15.896150+00:00</end>
              </TimeSpan>
              <MultiGeometry>
                <Polygon>
                  <altitudeMode>absolute</altitudeMode>
                  <outerBoundaryIs>
                    <LinearRing>
                      <coordinates>-96.54319999519082,32.717772598729226,119.78907867636025 -96.54319999519082,32.718400082519715,119.78907867636025 -96.54228359029405,32.718400082519715,119.78907867636025 -96.54228359029405,32.717772598729226,119.78907867636025</coordinates>
                    </LinearRing>
                  </outerBoundaryIs>
                </Polygon>
                <Polygon>
                  <altitudeMode>absolute</altitudeMode>
                  <outerBoundaryIs>
                    <LinearRing>
                      <coordinates>-96.54319999519082,32.717772598729226,149.77907867636026 -96.54319999519082,32.718400082519715,149.77907867636026 -96.54228359029405,32.718400082519715,149.77907867636026 -96.54228359029405,32.717772598729226,149.77907867636026</coordinates>
                    </LinearRing>
                  </outerBoundaryIs>
                </Polygon>
                <Polygon>
                  <altitudeMode>absolute</altitudeMode>
                  <outerBoundaryIs>
                    <LinearRing>
                      <coordinates>-96.54319999519082,32.717772598729226,119.78907867636025 -96.54319999519082,32.717772598729226,149.77907867636026 -96.54319999519082,32.718400082519715,149.77907867636026 -96.54319999519082,32.718400082519715,119.78907867636025</coordinates>
                    </LinearRing>
                  </outerBoundaryIs>
                </Polygon>
                <Polygon>
                  <altitudeMode>absolute</altitudeMode>
                  <outerBoundaryIs>
                    <LinearRing>
                      <coordinates>-96.54319999519082,32.718400082519715,119.78907867636025 -96.54319999519082,32.718400082519715,149.77907867636026 -96.54228359029405,32.718400082519715,149.77907867636026 -96.54228359029405,32.718400082519715,119.78907867636025</coordinates>
                    </LinearRing>
                  </outerBoundaryIs>
                </Polygon>
                <Polygon>
                  <altitudeMode>absolute</altitudeMode>
                  <outerBoundaryIs>
                    <LinearRing>
                      <coordinates>-96.54228359029405,32.718400082519715,119.78907867636025 -96.54228359029405,32.718400082519715,149.77907867636026 -96.54228359029405,32.717772598729226,149.77907867636026 -96.54228359029405,32.717772598729226,119.78907867636025</coordinates>
                    </LinearRing>
                  </outerBoundaryIs>
                </Polygon>
                <Polygon>
                  <altitudeMode>absolute</altitudeMode>
                  <outerBoundaryIs>
                    <LinearRing>
                      <coordinates>-96.54228359029405,32.717772598729226,119.78907867636025 -96.54228359029405,32.717772598729226,149.77907867636026 -96.54319999519082,32.717772598729226,149.77907867636026 -96.54319999519082,32.717772598729226,119.78907867636025</coordinates>
                    </LinearRing>
                  </outerBoundaryIs>
                </Polygon>
              </MultiGeometry>
            </Placemark>
          </Folder>
          <Folder>
            <name>E45: uss2_core astm.f3548.v21.uss.getOperationalIntentDetails</name>
            <Folder>
              <name>uss2's P0 Accepted 6f1caf0c-9fb3-4f5c-83fe-dde7c9eb1ff7[1] @ GBEzJrdU.bi-Qsm86uxJleXPEeHNIGSGHHiv258g98Q_</name>
              <Placemark>
                <name>Nominal volume 0</name>
                <styleUrl>#F3548v21Accepted</styleUrl>
                <TimeSpan>
                  <begin>2026-10-08T16:10:15.928803+00:00</begin>
                  <end>2026-10-08T16:55:15.896150+00:00</end>
                </TimeSpan>
                <MultiGeometry>
                  <Polygon>
                    <altitudeMode>absolute</altitudeMode>
                    <outerBoundaryIs>
                      <LinearRing>
                        <coordinates>-96.54298815303244,32.717772598729226,119.78912263213095 -96.54319999519082,32.71801391482339,119.78912263213095 -96.5425785426701,32.718400082519715,119.78912263213095 -96.54228359029405,32.718148250809556,119.78912263213095</coordinates>
                      </LinearRing>
                    </outerBoundaryIs>
                  </Polygon>
                  <Polygon>
                    <altitudeMode>absolute</altitudeMode>
                    <outerBoundaryIs>
                      <LinearRing>
                        <coordinates>-96.54298815303244,32.717772598729226,149.77912263213096 -96.54319999519082,32.71801391482339,149.77912263213096 -96.5425785426701,32.718400082519715,149.77912263213096 -96.54228359029405,32.718148250809556,149.77912263213096</coordinates>
                      </LinearRing>
                    </outerBoundaryIs>
                  </Polygon>
                  <Polygon>
                    <altitudeMode>absolute</altitudeMode>
                    <outerBoundaryIs>
                      <LinearRing>
                        <coordinates>-96.54298815303244,32.717772598729226,119.78912263213095 -96.54298815303244,32.717772598729226,149.77912263213096 -96.54319999519082,32.71801391482339,149.77912263213096 -96.54319999519082,32.71801391482339,119.78912263213095</coordinates>
                      </LinearRing>
                    </outerBoundaryIs>
                  </Polygon>
                  <Polygon>
                    <altitudeMode>absolute</altitudeMode>
                    <outerBoundaryIs>
                      <LinearRing>
                        <coordinates>-96.54319999519082,32.71801391482339,119.78912263213095 -96.54319999519082,32.71801391482339,149.77912263213096 -96.5425785426701,32.718400082519715,149.77912263213096 -96.5425785426701,32.718400082519715,119.78912263213095</coordinates>
                      </LinearRing>
                    </outerBoundaryIs>
                  </Polygon>
                  <Polygon>
                    <altitudeMode>absolute</altitudeMode>
                    <outerBoundaryIs>
                      <LinearRing>
                        <coordinates>-96.5425785426701,32.718400082519715,119.78912263213095 -96.5425785426701,32.718400082519715,149.77912263213096 -96.54228359029405,32.718148250809556,149.77912263213096 -96.54228359029405,32.718148250809556,119.78912263213095</coordinates>
                      </LinearRing>
                    </outerBoundaryIs>
                  </Polygon>
                  <Polygon>
                    <altitudeMode>absolute</altitudeMode>
                    <outerBoundaryIs>
                      <LinearRing>
                        <coordinates>-96.54228359029405,32.718148250809556,119.78912263213095 -96.54228359029405,32.718148250809556,149.77912263213096 -96.54298815303244,32.717772598729226,149.77912263213096 -96.54298815303244,32.717772598729226,119.78912263213095</coordinates>
                      </LinearRing>
                    </outerBoundaryIs>
                  </Polygon>
                </MultiGeometry>
              </Placemark>
            </Folder>
          </Folder>
        </Folder>
        <Folder>
          <name>Plan Flight 2</name>
          <Folder>
            <name>E58: uss1_dss astm.f3548.v21.dss.queryOperationalIntentReferences</name>
            <Placemark>
              <name>area_of_interest</name>
              <styleUrl>#QueryArea</styleUrl>
              <description><![CDATA[<ul><li>uss2's Accepted 6f1caf0c-9fb3-4f5c-83fe-dde7c9eb1ff7[1]</li></ul>]]></description>
              <TimeSpan>
                <begin>2026-10-08T16:10:15.053897+00:00</begin>
                <end>2026-10-08T16:55:16.053897+00:00</end>
              </TimeSpan>
              <MultiGeometry>
                <Polygon>
                  <altitudeMode>absolute</altitudeMode>
                  <outerBoundaryIs>
                    <LinearRing>
                      <coordinates>-96.54333904130766,32.71782149495856,118.70973943738716 -96.54333904130766,32.71842478527735,118.70973943738716 -96.54280943468076,32.71842478527735,118.70973943738716 -96.54280943468076,32.71782149495856,118.70973943738716</coordinates>
                    </LinearRing>
                  </outerBoundaryIs>
                </Polygon>
                <Polygon>
                  <altitudeMode>absolute</altitudeMode>
                  <outerBoundaryIs>
                    <LinearRing>
                      <coordinates>-96.54333904130766,32.71782149495856,147.77973943738715 -96.54333904130766,32.71842478527735,147.77973943738715 -96.54280943468076,32.71842478527735,147.77973943738715 -96.54280943468076,32.71782149495856,147.77973943738715</coordinates>
                    </LinearRing>
                  </outerBoundaryIs>
                </Polygon>
                <Polygon>
                  <altitudeMode>absolute</altitudeMode>
                  <outerBoundaryIs>
                    <LinearRing>
                      <coordinates>-96.54333904130766,32.71782149495856,118.70973943738716 -96.54333904130766,32.71782149495856,147.77973943738715 -96.54333904130766,32.71842478527735,147.77973943738715 -96.54333904130766,32.71842478527735,118.70973943738716</coordinates>
                    </LinearRing>
                  </outerBoundaryIs>
                </Polygon>
                <Polygon>
                  <altitudeMode>absolute</altitudeMode>
                  <outerBoundaryIs>
                    <LinearRing>
                      <coordinates>-96.54333904130766,32.71842478527735,118.70973943738716 -96.54333904130766,32.71842478527735,147.77973943738715 -96.54280943468076,32.71842478527735,147.77973943738715 -96.54280943468076,32.71842478527735,118.70973943738716</coordinates>
                    </LinearRing>
                  </outerBoundaryIs>
                </Polygon>
                <Polygon>
                  <altitudeMode>absolute</altitudeMode>
                  <outerBoundaryIs>
                    <LinearRing>
                      <coordinates>-96.54280943468076,32.71842478527735,118.70973943738716 -96.54280943468076,32.71842478527735,147.77973943738715 -96.54280943468076,32.71782149495856,147.77973943738715 -96.54280943468076,32.71782149495856,118.70973943738716</coordinates>
                    </LinearRing>
                  </outerBoundaryIs>
                </Polygon>
                <Polygon>
                  <altitudeMode>absolute</altitudeMode>
                  <outerBoundaryIs>
                    <LinearRing>
                      <coordinates>-96.54280943468076,32.71782149495856,118.70973943738716 -96.54280943468076,32.71782149495856,147.77973943738715 -96.54333904130766,32.71782149495856,147.77973943738715 -96.54333904130766,32.71782149495856,118.70973943738716</coordinates>
                    </LinearRing>
                  </outerBoundaryIs>
                </Polygon>
              </MultiGeometry>
            </Placemark>
          </Folder>
          <Folder>
            <name>E60: uss2_core interuss.automated_testing.flight_planning.v1.UpsertFlightPlan</name>
            <Folder>
              <name>Activity Completed, flight Planned</name>
              <Placemark>
                <name>Volume 0</name>
                <styleUrl>#Planned_Nominal</styleUrl>
                <TimeSpan>
                  <begin>2026-10-08T16:10:15.053897+00:00</begin>
                  <end>2026-10-08T16:55:16.053897+00:00</end>
                </TimeSpan>
                <MultiGeometry>
                  <Polygon>
                    <altitudeMode>absolute</altitudeMode>
                    <outerBoundaryIs>
                      <LinearRing>
                        <coordinates>-96.5433184133351,32.71806464808114,118.70976468151365 -96.54280943468076,32.71782149495855,118.70976468151365 -96.54290067464845,32.71826207106433,118.70976468151365 -96.54333904130766,32.71842478527735,118.70976468151365</coordinates>
                      </LinearRing>
                    </outerBoundaryIs>
                  </Polygon>
                  <Polygon>
                    <altitudeMode>absolute</altitudeMode>
                    <outerBoundaryIs>
                      <LinearRing>
                        <coordinates>-96.5433184133351,32.71806464808114,147.77976468151365 -96.54280943468076,32.71782149495855,147.77976468151365 -96.54290067464845,32.71826207106433,147.77976468151365 -96.54333904130766,32.71842478527735,147.77976468151365</coordinates>
                      </LinearRing>
                    </outerBoundaryIs>
                  </Polygon>
                  <Polygon>
                    <altitudeMode>absolute</altitudeMode>
                    <outerBoundaryIs>
                      <LinearRing>
                        <coordinates>-96.5433184133351,32.71806464808114,118.70976468151365 -96.5433184133351,32.71806464808114,147.77976468151365 -96.54280943468076,32.71782149495855,147.77976468151365 -96.54280943468076,32.71782149495855,118.70976468151365</coordinates>
                      </LinearRing>
                    </outerBoundaryIs>
                  </Polygon>
                  <Polygon>
                    <altitudeMode>absolute</altitudeMode>
                    <outerBoundaryIs>
                      <LinearRing>
                        <coordinates>-96.54280943468076,32.71782149495855,118.70976468151365 -96.54280943468076,32.71782149495855,147.77976468151365 -96.54290067464845,32.71826207106433,147.77976468151365 -96.54290067464845,32.71826207106433,118.70976468151365</coordinates>
                      </LinearRing>
                    </outerBoundaryIs>
                  </Polygon>
                  <Polygon>
                    <altitudeMode>absolute</altitudeMode>
                    <outerBoundaryIs>
                      <LinearRing>
                        <coordinates>-96.54290067464845,32.71826207106433,118.70976468151365 -96.54290067464845,32.71826207106433,147.77976468151365 -96.54333904130766,32.71842478527735,147.77976468151365 -96.54333904130766,32.71842478527735,118.70976468151365</coordinates>
                      </LinearRing>
                    </outerBoundaryIs>
                  </Polygon>
                  <Polygon>
                    <altitudeMode>absolute</altitudeMode>
                    <outerBoundaryIs>
                      <LinearRing>
                        <coordinates>-96.54333904130766,32.71842478527735,118.70976468151365 -96.54333904130766,32.71842478527735,147.77976468151365 -96.5433184133351,32.71806464808114,147.77976468151365 -96.5433184133351,32.71806464808114,118.70976468151365</coordinates>
                      </LinearRing>
                    </outerBoundaryIs>
                  </Polygon>
                </MultiGeometry>
              </Placemark>
            </Folder>
          </Folder>
          <Folder>
            <name>E64: uss1_dss astm.f3548.v21.dss.queryOperationalIntentReferences</name>
            <Placemark>
              <name>area_of_interest</name>
              <styleUrl>#QueryArea</styleUrl>
              <description><![CDATA[<ul><li>uss2's Accepted 6f1caf0c-9fb3-4f5c-83fe-dde7c9eb1ff7[1]</li><li>uss2's Accepted d20a3a4d-4f0b-4d19-a8bd-dc045f5d10c8[1]</li></ul>]]></description>
              <TimeSpan>
                <begin>2026-10-08T16:10:15.053897+00:00</begin>
                <end>2026-10-08T16:55:16.053897+00:00</end>
              </TimeSpan>
              <MultiGeometry>
                <Polygon>
                  <altitudeMode>absolute</altitudeMode>
                  <outerBoundaryIs>
                    <LinearRing>
                      <coordinates>-96.54333904130766,32.71782149495856,118.70973943738716 -96.54333904130766,32.71842478527735,118.70973943738716 -96.54280943468076,32.71842478527735,118.70973943738716 -96.54280943468076,32.71782149495856,118.70973943738716</coordinates>
                    </LinearRing>
                  </outerBoundaryIs>
                </Polygon>
                <Polygon>
                  <altitudeMode>absolute</altitudeMode>
                  <outerBoundaryIs>
                    <LinearRing>
                      <coordinates>-96.54333904130766,32.71782149495856,147.77973943738715 -96.54333904130766,32.71842478527735,147.77973943738715 -96.54280943468076,32.71842478527735,147.77973943738715 -96.54280943468076,32.71782149495856,147.77973943738715</coordinates>
                    </LinearRing>
                  </outerBoundaryIs>
                </Polygon>
                <Polygon>
                  <altitudeMode>absolute</altitudeMode>
                  <outerBoundaryIs>
                    <LinearRing>
                      <coordinates>-96.54333904130766,32.71782149495856,118.70973943738716 -96.54333904130766,32.71782149495856,147.77973943738715 -96.54333904130766,32.71842478527735,147.77973943738715 -96.54333904130766,32.71842478527735,118.70973943738716</coordinates>
                    </LinearRing>
                  </outerBoundaryIs>
                </Polygon>
                <Polygon>
                  <altitudeMode>absolute</altitudeMode>
                  <outerBoundaryIs>
                    <LinearRing>
                      <coordinates>-96.54333904130766,32.71842478527735,118.70973943738716 -96.54333904130766,32.71842478527735,147.77973943738715 -96.54280943468076,32.71842478527735,147.77973943738715 -96.54280943468076,32.71842478527735,118.70973943738716</coordinates>
                    </LinearRing>
                  </outerBoundaryIs>
                </Polygon>
                <Polygon>
                  <altitudeMode>absolute</altitudeMode>
                  <outerBoundaryIs>
                    <LinearRing>
                      <coordinates>-96.54280943468076,32.71842478527735,118.70973943738716 -96.54280943468076,32.71842478527735,147.77973943738715 -96.54280943468076,32.71782149495856,147.77973943738715 -96.54280943468076,32.71782149495856,118.70973943738716</coordinates>
                    </LinearRing>
                  </outerBoundaryIs>
                </Polygon>
                <Polygon>
                  <altitudeMode>absolute</altitudeMode>
                  <outerBoundaryIs>
                    <LinearRing>
                      <coordinates>-96.54280943468076,32.71782149495856,118.70973943738716 -96.54280943468076,32.71782149495856,147.77973943738715 -96.54333904130766,32.71782149495856,147.77973943738715 -96.54333904130766,32.71782149495856,118.70973943738716</coordinates>
                    </LinearRing>
                  </outerBoundaryIs>
                </Polygon>
              </MultiGeometry>
            </Placemark>
          </Folder>
          <Folder>
            <name>E68: uss2_core astm.f3548.v21.uss.getOperationalIntentDetails</name>
            <Folder>
              <name>uss2's P100 Accepted d20a3a4d-4f0b-4d19-a8bd-dc045f5d10c8[1] @ QNM0tGYX6Saq55Zr7dyyFeyg0C4bNGuHMIJhiKRlM80_</name>
              <Placemark>
                <name>Nominal volume 0</name>
                <styleUrl>#F3548v21Accepted</styleUrl>
                <TimeSpan>
                  <begin>2026-10-08T16:10:16.075873+00:00</begin>
                  <end>2026-10-08T16:55:16.053897+00:00</end>
                </TimeSpan>
                <MultiGeometry>
                  <Polygon>
                    <altitudeMode>absolute</altitudeMode>
                    <outerBoundaryIs>
                      <LinearRing>
                        <coordinates>-96.5433184133351,32.71806464808114,118.70976468151365 -96.54280943468076,32.71782149495855,118.70976468151365 -96.54290067464845,32.71826207106433,118.70976468151365 -96.54333904130766,32.71842478527735,118.70976468151365</coordinates>
                      </LinearRing>
                    </outerBoundaryIs>
                  </Polygon>
                  <Polygon>
                    <altitudeMode>absolute</altitudeMode>
                    <outerBoundaryIs>
                      <LinearRing>
                        <coordinates>-96.5433184133351,32.71806464808114,147.77976468151365 -96.54280943468076,32.71782149495855,147.77976468151365 -96.54290067464845,32.71826207106433,147.77976468151365 -96.54333904130766,32.71842478527735,147.77976468151365</coordinates>
                      </LinearRing>
                    </outerBoundaryIs>
                  </Polygon>
                  <Polygon>
                    <altitudeMode>absolute</altitudeMode>
                    <outerBoundaryIs>
                      <LinearRing>
                        <coordinates>-96.5433184133351,32.71806464808114,118.70976468151365 -96.5433184133351,32.71806464808114,147.77976468151365 -96.54280943468076,32.71782149495855,147.77976468151365 -96.54280943468076,32.71782149495855,118.70976468151365</coordinates>
                      </LinearRing>
                    </outerBoundaryIs>
                  </Polygon>
                  <Polygon>
                    <altitudeMode>absolute</altitudeMode>
                    <outerBoundaryIs>
                      <LinearRing>
                        <coordinates>-96.54280943468076,32.71782149495855,118.70976468151365 -96.54280943468076,32.71782149495855,147.77976468151365 -96.54290067464845,32.71826207106433,147.77976468151365 -96.54290067464845,32.71826207106433,118.70976468151365</coordinates>
                      </LinearRing>
                    </outerBoundaryIs>
                  </Polygon>
                  <Polygon>
                    <altitudeMode>absolute</altitudeMode>
                    <outerBoundaryIs>
                      <LinearRing>
                        <coordinates>-96.54290067464845,32.71826207106433,118.70976468151365 -96.54290067464845,32.71826207106433,147.77976468151365 -96.54333904130766,32.71842478527735,147.77976468151365 -96.54333904130766,32.71842478527735,118.70976468151365</coordinates>
                      </LinearRing>
                    </outerBoundaryIs>
                  </Polygon>
                  <Polygon>
                    <altitudeMode>absolute</altitudeMode>
                    <outerBoundaryIs>
                      <LinearRing>
                        <coordinates>-96.54333904130766,32.71842478527735,118.70976468151365 -96.54333904130766,32.71842478527735,147.77976468151365 -96.5433184133351,32.71806464808114,147.77976468151365 -96.5433184133351,32.71806464808114,118.70976468151365</coordinates>
                      </LinearRing>
                    </outerBoundaryIs>
                  </Polygon>
                </MultiGeometry>
              </Placemark>
            </Folder>
          </Folder>
        </Folder>
        <Folder>
          <name>Check for conflict notifications</name>
        </Folder>
        <Folder>
          <name>Attempt to modify planned Flight 1 in conflict</name>
          <Folder>
            <name>E83: uss1_dss astm.f3548.v21.dss.queryOperationalIntentReferences</name>
            <Placemark>
              <name>area_of_interest</name>
              <styleUrl>#QueryArea</styleUrl>
              <description><![CDATA[<ul><li>uss2's Accepted 6f1caf0c-9fb3-4f5c-83fe-dde7c9eb1ff7[1]</li><li>uss2's Accepted d20a3a4d-4f0b-4d19-a8bd-dc045f5d10c8[1]</li></ul>]]></description>
              <TimeSpan>
                <begin>2026-10-08T16:10:15.202851+00:00</begin>
                <end>2026-10-08T16:55:16.202851+00:00</end>
              </TimeSpan>
              <MultiGeometry>
                <Polygon>
                  <altitudeMode>absolute</altitudeMode>
                  <outerBoundaryIs>
                    <LinearRing>
                      <coordinates>-96.54319999519082,32.717772598729226,89.74907867636026 -96.54319999519082,32.718400082519715,89.74907867636026 -96.54228359029405,32.718400082519715,89.74907867636026 -96.54228359029405,32.717772598729226,89.74907867636026</coordinates>
                    </LinearRing>
                  </outerBoundaryIs>
                </Polygon>
                <Polygon>
                  <altitudeMode>absolute</altitudeMode>
                  <outerBoundaryIs>
                    <LinearRing>
                      <coordinates>-96.54319999519082,32.717772598729226,149.77907867636026 -96.54319999519082,32.718400082519715,149.77907867636026 -96.54228359029405,32.718400082519715,149.77907867636026 -96.54228359029405,32.717772598729226,149.77907867636026</coordinates>
                    </LinearRing>
                  </outerBoundaryIs>
                </Polygon>
                <Polygon>
                  <altitudeMode>absolute</altitudeMode>
                  <outerBoundaryIs>
                    <LinearRing>
                      <coordinates>-96.54319999519082,32.717772598729226,89.74907867636026 -96.54319999519082,32.717772598729226,149.77907867636026 -96.54319999519082,32.718400082519715,149.77907867636026 -96.54319999519082,32.718400082519715,89.74907867636026</coordinates>
                    </LinearRing>
                  </outerBoundaryIs>
                </Polygon>
                <Polygon>
                  <altitudeMode>absolute</altitudeMode>
                  <outerBoundaryIs>
                    <LinearRing>
                      <coordinates>-96.54319999519082,32.718400082519715,89.74907867636026 -96.54319999519082,32.718400082519715,149.77907867636026 -96.54228359029405,32.718400082519715,149.77907867636026 -96.54228359029405,32.718400082519715,89.74907867636026</coordinates>
                    </LinearRing>
                  </outerBoundaryIs>
                </Polygon>
                <Polygon>
                  <altitudeMode>absolute</altitudeMode>
                  <outerBoundaryIs>
                    <LinearRing>
                      <coordinates>-96.54228359029405,32.718400082519715,89.74907867636026 -96.54228359029405,32.718400082519715,149.77907867636026 -96.54228359029405,32.717772598729226,149.77907867636026 -96.54228359029405,32.717772598729226,89.74907867636026</coordinates>
                    </LinearRing>
                  </outerBoundaryIs>
                </Polygon>
                <Polygon>
                  <altitudeMode>absolute</altitudeMode>
                  <outerBoundaryIs>
                    <LinearRing>
                      <coordinates>-96.54228359029405,32.717772598729226,89.74907867636026 -96.54228359029405,32.717772598729226,149.77907867636026 -96.54319999519082,32.717772598729226,149.77907867636026 -96.54319999519082,32.717772598729226,89.74907867636026</coordinates>
                    </LinearRing>
                  </outerBoundaryIs>
                </Polygon>
              </MultiGeometry>
            </Placemark>
          </Folder>
          <Folder>
            <name>E85: uss2_core interuss.automated_testing.flight_planning.v1.UpsertFlightPlan</name>
            <Folder>
              <name>Activity Rejected, flight Planned</name>
              <Placemark>
                <name>Volume 0</name>
                <styleUrl>#Planned_Nominal</styleUrl>
                <TimeSpan>
                  <begin>2026-10-08T16:10:15.202851+00:00</begin>
                  <end>2026-10-08T16:55:16.202851+00:00</end>
                </TimeSpan>
                <MultiGeometry>
                  <Polygon>
                    <altitudeMode>absolute</altitudeMode>
                    <outerBoundaryIs>
                      <LinearRing>
                        <coordinates>-96.542749133763,32.717921124727155,89.74883774244172 -96.54296097562744,32.7181624412232,89.74883774244172 -96.5425785426701,32.718400082519715,89.74883774244172 -96.54228359029405,32.718148250809556,89.74883774244172</coordinates>
                      </LinearRing>
                    </outerBoundaryIs>
                  </Polygon>
                  <Polygon>
                    <altitudeMode>absolute</altitudeMode>
                    <outerBoundaryIs>
                      <LinearRing>
                        <coordinates>-96.542749133763,32.717921124727155,149.77883774244174 -96.54296097562744,32.7181624412232,149.77883774244174 -96.5425785426701,32.718400082519715,149.77883774244174 -96.54228359029405,32.718148250809556,149.77883774244174</coordinates>
                      </LinearRing>
                    </outerBoundaryIs>
                  </Polygon>
                  <Polygon>
                    <altitudeMode>absolute</altitudeMode>
                    <outerBoundaryIs>
                      <LinearRing>
                        <coordinates>-96.542749133763,32.717921124727155,89.74883774244172 -96.542749133763,32.717921124727155,149.77883774244174 -96.54296097562744,32.7181624412232,149.77883774244174 -96.54296097562744,32.7181624412232,89.74883774244172</coordinates>
                      </LinearRing>
                    </outerBoundaryIs>
                  </Polygon>
                  <Polygon>
                    <altitudeMode>absolute</altitudeMode>
                    <outerBoundaryIs>
                      <LinearRing>
                        <coordinates>-96.54296097562744,32.7181624412232,89.74883774244172 -96.54296097562744,32.7181624412232,149.77883774244174 -96.5425785426701,32.718400082519715,149.77883774244174 -96.5425785426701,32.718400082519715,89.74883774244172</coordinates>
                      </LinearRing>
                    </outerBoundaryIs>
                  </Polygon>
                  <Polygon>
                    <altitudeMode>absolute</altitudeMode>
                    <outerBoundaryIs>
                      <LinearRing>
                        <coordinates>-96.5425785426701,32.718400082519715,89.74883774244172 -96.5425785426701,32.718400082519715,149.77883774244174 -96.54228359029405,32.718148250809556,149.77883774244174 -96.54228359029405,32.718148250809556,89.74883774244172</coordinates>
                      </LinearRing>
                    </outerBoundaryIs>
                  </Polygon>
                  <Polygon>
                    <altitudeMode>absolute</altitudeMode>
                    <outerBoundaryIs>
                      <LinearRing>
                        <coordinates>-96.54228359029405,32.718148250809556,89.74883774244172 -96.54228359029405,32.718148250809556,149.77883774244174 -96.542749133763,32.717921124727155,149.77883774244174 -96.542749133763,32.717921124727155,89.74883774244172</coordinates>
                      </LinearRing>
                    </outerBoundaryIs>
                  </Polygon>
                </MultiGeometry>
              </Placemark>
            </Folder>
          </Folder>
          <Folder>
            <name>E88: uss1_dss astm.f3548.v21.dss.queryOperationalIntentReferences</name>
            <Placemark>
              <name>area_of_interest</name>
              <styleUrl>#QueryArea</styleUrl>
              <description><![CDATA[<ul><li>uss2's Accepted 6f1caf0c-9fb3-4f5c-83fe-dde7c9eb1ff7[1]</li><li>uss2's Accepted d20a3a4d-4f0b-4d19-a8bd-dc045f5d10c8[1]</li></ul>]]></description>
              <TimeSpan>
                <begin>2026-10-08T16:10:15.202851+00:00</begin>
                <end>2026-10-08T16:55:16.202851+00:00</end>
              </TimeSpan>
              <MultiGeometry>
                <Polygon>
                  <altitudeMode>absolute</altitudeMode>
                  <outerBoundaryIs>
                    <LinearRing>
                      <coordinates>-96.54319999519082,32.717772598729226,89.74907867636026 -96.54319999519082,32.718400082519715,89.74907867636026 -96.54228359029405,32.718400082519715,89.74907867636026 -96.54228359029405,32.717772598729226,89.74907867636026</coordinates>
                    </LinearRing>
                  </outerBoundaryIs>
                </Polygon>
                <Polygon>
                  <altitudeMode>absolute</altitudeMode>
                  <outerBoundaryIs>
                    <LinearRing>
                      <coordinates>-96.54319999519082,32.717772598729226,149.77907867636026 -96.54319999519082,32.718400082519715,149.77907867636026 -96.54228359029405,32.718400082519715,149.77907867636026 -96.54228359029405,32.717772598729226,149.77907867636026</coordinates>
                    </LinearRing>
                  </outerBoundaryIs>
                </Polygon>
                <Polygon>
                  <altitudeMode>absolute</altitudeMode>
                  <outerBoundaryIs>
                    <LinearRing>
                      <coordinates>-96.54319999519082,32.717772598729226,89.74907867636026 -96.54319999519082,32.717772598729226,149.77907867636026 -96.54319999519082,32.718400082519715,149.77907867636026 -96.54319999519082,32.718400082519715,89.74907867636026</coordinates>
                    </LinearRing>
                  </outerBoundaryIs>
                </Polygon>
                <Polygon>
                  <altitudeMode>absolute</altitudeMode>
                  <outerBoundaryIs>
                    <LinearRing>
                      <coordinates>-96.54319999519082,32.718400082519715,89.74907867636026 -96.54319999519082,32.718400082519715,149.77907867636026 -96.54228359029405,32.718400082519715,149.77907867636026 -96.54228359029405,32.718400082519715,89.74907867636026</coordinates>
                    </LinearRing>
                  </outerBoundaryIs>
                </Polygon>
                <Polygon>
                  <altitudeMode>absolute</altitudeMode>
                  <outerBoundaryIs>
                    <LinearRing>
                      <coordinates>-96.54228359029405,32.718400082519715,89.74907867636026 -96.54228359029405,32.718400082519715,149.77907867636026 -96.54228359029405,32.717772598729226,149.77907867636026 -96.54228359029405,32.717772598729226,89.74907867636026</coordinates>
                    </LinearRing>
                  </outerBoundaryIs>
                </Polygon>
                <Polygon>
                  <altitudeMode>absolute</altitudeMode>
                  <outerBoundaryIs>
                    <LinearRing>
                      <coordinates>-96.54228359029405,32.717772598729226,89.74907867636026 -96.54228359029405,32.717772598729226,149.77907867636026 -96.54319999519082,32.717772598729226,149.77907867636026 -96.54319999519082,32.717772598729226,89.74907867636026</coordinates>
                    </LinearRing>
                  </outerBoundaryIs>
                </Polygon>
              </MultiGeometry>
            </Placemark>
          </Folder>
          <Folder>
            <name>E92: uss2_core astm.f3548.v21.uss.getOperationalIntentDetails</name>
            <Folder>
              <name>uss2's P0 Accepted 6f1caf0c-9fb3-4f5c-83fe-dde7c9eb1ff7[1] @ GBEzJrdU.bi-Qsm86uxJleXPEeHNIGSGHHiv258g98Q_</name>
              <Placemark>
                <name>Nominal volume 0</name>
                <styleUrl>#F3548v21Accepted</styleUrl>
                <TimeSpan>
                  <begin>2026-10-08T16:10:15.928803+00:00</begin>
                  <end>2026-10-08T16:55:15.896150+00:00</end>
                </TimeSpan>
                <MultiGeometry>
                  <Polygon>
                    <altitudeMode>absolute</altitudeMode>
                    <outerBoundaryIs>
                      <LinearRing>
                        <coordinates>-96.54298815303244,32.717772598729226,119.78912263213095 -96.54319999519082,32.71801391482339,119.78912263213095 -96.5425785426701,32.718400082519715,119.78912263213095 -96.54228359029405,32.718148250809556,119.78912263213095</coordinates>
                      </LinearRing>
                    </outerBoundaryIs>
                  </Polygon>
                  <Polygon>
                    <altitudeMode>absolute</altitudeMode>
                    <outerBoundaryIs>
                      <LinearRing>
                        <coordinates>-96.54298815303244,32.717772598729226,149.77912263213096 -96.54319999519082,32.71801391482339,149.77912263213096 -96.5425785426701,32.718400082519715,149.77912263213096 -96.54228359029405,32.718148250809556,149.77912263213096</coordinates>
                      </LinearRing>
                    </outerBoundaryIs>
                  </Polygon>
                  <Polygon>
                    <altitudeMode>absolute</altitudeMode>
                    <outerBoundaryIs>
                      <LinearRing>
                        <coordinates>-96.54298815303244,32.717772598729226,119.78912263213095 -96.54298815303244,32.717772598729226,149.77912263213096 -96.54319999519082,32.71801391482339,149.77912263213096 -96.54319999519082,32.71801391482339,119.78912263213095</coordinates>
                      </LinearRing>
                    </outerBoundaryIs>
                  </Polygon>
                  <Polygon>
                    <altitudeMode>absolute</altitudeMode>
                    <outerBoundaryIs>
                      <LinearRing>
                        <coordinates>-96.54319999519082,32.71801391482339,119.78912263213095 -96.54319999519082,32.71801391482339,149.77912263213096 -96.5425785426701,32.718400082519715,149.77912263213096 -96.5425785426701,32.718400082519715,119.78912263213095</coordinates>
                      </LinearRing>
                    </outerBoundaryIs>
                  </Polygon>
                  <Polygon>
                    <altitudeMode>absolute</altitudeMode>
                    <outerBoundaryIs>
                      <LinearRing>
                        <coordinates>-96.5425785426701,32.718400082519715,119.78912263213095 -96.5425785426701,32.718400082519715,149.77912263213096 -96.54228359029405,32.718148250809556,149.77912263213096 -96.54228359029405,32.718148250809556,119.78912263213095</coordinates>
                      </LinearRing>
                    </outerBoundaryIs>
                  </Polygon>
                  <Polygon>
                    <altitudeMode>absolute</altitudeMode>
                    <outerBoundaryIs>
                      <LinearRing>
                        <coordinates>-96.54228359029405,32.718148250809556,119.78912263213095 -96.54228359029405,32.718148250809556,149.77912263213096 -96.54298815303244,32.717772598729226,149.77912263213096 -96.54298815303244,32.717772598729226,119.78912263213095</coordinates>
                      </LinearRing>
                    </outerBoundaryIs>
                  </Polygon>
                </MultiGeometry>
              </Placemark>
            </Folder>
          </Folder>
        </Folder>
      </Folder>
      <Folder>
        <name>Attempt to activate flight in conflict</name>
        <Folder>
          <name>Attempt to activate conflicting Flight 1</name>
          <Folder>
            <name>E101: uss1_dss astm.f3548.v21.dss.queryOperationalIntentReferences</name>
            <Placemark>
              <name>area_of_interest</name>
              <styleUrl>#QueryArea</styleUrl>
              <description><![CDATA[<ul><li>uss2's Accepted 6f1caf0c-9fb3-4f5c-83fe-dde7c9eb1ff7[1]</li><li>uss2's Accepted d20a3a4d-4f0b-4d19-a8bd-dc045f5d10c8[1]</li></ul>]]></description>
              <TimeSpan>
                <begin>2026-10-08T16:10:15.293772+00:00</begin>
                <end>2026-10-08T16:55:16.293772+00:00</end>
              </TimeSpan>
              <MultiGeometry>
                <Polygon>
                  <altitudeMode>absolute</altitudeMode>
                  <outerBoundaryIs>
                    <LinearRing>
                      <coordinates>-96.54319999519082,32.717772598729226,119.78907867636025 -96.54319999519082,32.718400082519715,119.78907867636025 -96.54228359029405,32.718400082519715,119.78907867636025 -96.54228359029405,32.717772598729226,119.78907867636025</coordinates>
                    </LinearRing>
                  </outerBoundaryIs>
                </Polygon>
                <Polygon>
                  <altitudeMode>absolute</altitudeMode>
                  <outerBoundaryIs>
                    <LinearRing>
                      <coordinates>-96.54319999519082,32.717772598729226,149.77907867636026 -96.54319999519082,32.718400082519715,149.77907867636026 -96.54228359029405,32.718400082519715,149.77907867636026 -96.54228359029405,32.717772598729226,149.77907867636026</coordinates>
                    </LinearRing>
                  </outerBoundaryIs>
                </Polygon>
                <Polygon>
                  <altitudeMode>absolute</altitudeMode>
                  <outerBoundaryIs>
                    <LinearRing>
                      <coordinates>-96.54319999519082,32.717772598729226,119.78907867636025 -96.54319999519082,32.717772598729226,149.77907867636026 -96.54319999519082,32.718400082519715,149.77907867636026 -96.54319999519082,32.718400082519715,119.78907867636025</coordinates>
                    </LinearRing>
                  </outerBoundaryIs>
                </Polygon>
                <Polygon>
                  <altitudeMode>absolute</altitudeMode>
                  <outerBoundaryIs>
                    <LinearRing>
                      <coordinates>-96.54319999519082,32.718400082519715,119.78907867636025 -96.54319999519082,32.718400082519715,149.77907867636026 -96.54228359029405,32.718400082519715,149.77907867636026 -96.54228359029405,32.718400082519715,119.78907867636025</coordinates>
                    </LinearRing>
                  </outerBoundaryIs>
                </Polygon>
                <Polygon>
                  <altitudeMode>absolute</altitudeMode>
                  <outerBoundaryIs>
                    <LinearRing>
                      <coordinates>-96.54228359029405,32.718400082519715,119.78907867636025 -96.54228359029405,32.718400082519715,149.77907867636026 -96.54228359029405,32.717772598729226,149.77907867636026 -96.54228359029405,32.717772598729226,119.78907867636025</coordinates>
                    </LinearRing>
                  </outerBoundaryIs>
                </Polygon>
                <Polygon>
                  <altitudeMode>absolute</altitudeMode>
                  <outerBoundaryIs>
                    <LinearRing>
                      <coordinates>-96.54228359029405,32.717772598729226,119.78907867636025 -96.54228359029405,32.717772598729226,149.77907867636026 -96.54319999519082,32.717772598729226,149.77907867636026 -96.54319999519082,32.717772598729226,119.78907867636025</coordinates>
                    </LinearRing>
                  </outerBoundaryIs>
                </Polygon>
              </MultiGeometry>
            </Placemark>
          </Folder>
          <Folder>
            <name>E103: uss2_core interuss.automated_testing.flight_planning.v1.UpsertFlightPlan</name>
            <Folder>
              <name>Activity Rejected, flight Planned</name>
              <Placemark>
                <name>Volume 0</name>
                <styleUrl>#InUse_Nominal</styleUrl>
                <TimeSpan>
                  <begin>2026-10-08T16:10:15.293772+00:00</begin>
                  <end>2026-10-08T16:55:16.293772+00:00</end>
                </TimeSpan>
                <MultiGeometry>
                  <Polygon>
                    <altitudeMode>absolute</altitudeMode>
                    <outerBoundaryIs>
                      <LinearRing>
                        <coordinates>-96.54298815303244,32.717772598729226,119.79912263213095 -96.54319999519082,32.71801391482339,119.79912263213095 -96.5425785426701,32.718400082519715,119.79912263213095 -96.54228359029405,32.718148250809556,119.79912263213095</coordinates>
                      </LinearRing>
                    </outerBoundaryIs>
                  </Polygon>
                  <Polygon>
                    <altitudeMode>absolute</altitudeMode>
                    <outerBoundaryIs>
                      <LinearRing>
                        <coordinates>-96.54298815303244,32.717772598729226,149.77912263213096 -96.54319999519082,32.71801391482339,149.77912263213096 -96.5425785426701,32.718400082519715,149.77912263213096 -96.54228359029405,32.718148250809556,149.77912263213096</coordinates>
                      </LinearRing>
                    </outerBoundaryIs>
                  </Polygon>
                  <Polygon>
                    <altitudeMode>absolute</altitudeMode>
                    <outerBoundaryIs>
                      <LinearRing>
                        <coordinates>-96.54298815303244,32.717772598729226,119.79912263213095 -96.54298815303244,32.717772598729226,149.77912263213096 -96.54319999519082,32.71801391482339,149.77912263213096 -96.54319999519082,32.71801391482339,119.79912263213095</coordinates>
                      </LinearRing>
                    </outerBoundaryIs>
                  </Polygon>
                  <Polygon>
                    <altitudeMode>absolute</altitudeMode>
                    <outerBoundaryIs>
                      <LinearRing>
                        <coordinates>-96.54319999519082,32.71801391482339,119.79912263213095 -96.54319999519082,32.71801391482339,149.77912263213096 -96.5425785426701,32.718400082519715,149.77912263213096 -96.5425785426701,32.718400082519715,119.79912263213095</coordinates>
                      </LinearRing>
                    </outerBoundaryIs>
                  </Polygon>
                  <Polygon>
                    <altitudeMode>absolute</altitudeMode>
                    <outerBoundaryIs>
                      <LinearRing>
                        <coordinates>-96.5425785426701,32.718400082519715,119.79912263213095 -96.5425785426701,32.718400082519715,149.77912263213096 -96.54228359029405,32.718148250809556,149.77912263213096 -96.54228359029405,32.718148250809556,119.79912263213095</coordinates>
                      </LinearRing>
                    </outerBoundaryIs>
                  </Polygon>
                  <Polygon>
                    <altitudeMode>absolute</altitudeMode>
                    <outerBoundaryIs>
                      <LinearRing>
                        <coordinates>-96.54228359029405,32.718148250809556,119.79912263213095 -96.54228359029405,32.718148250809556,149.77912263213096 -96.54298815303244,32.717772598729226,149.77912263213096 -96.54298815303244,32.717772598729226,119.79912263213095</coordinates>
                      </LinearRing>
                    </outerBoundaryIs>
                  </Polygon>
                </MultiGeometry>
              </Placemark>
            </Folder>
          </Folder>
          <Folder>
            <name>E106: uss1_dss astm.f3548.v21.dss.queryOperationalIntentReferences</name>
            <Placemark>
              <name>area_of_interest</name>
              <styleUrl>#QueryArea</styleUrl>
              <description><![CDATA[<ul><li>uss2's Accepted 6f1caf0c-9fb3-4f5c-83fe-dde7c9eb1ff7[1]</li><li>uss2's Accepted d20a3a4d-4f0b-4d19-a8bd-dc045f5d10c8[1]</li></ul>]]></description>
              <TimeSpan>
                <begin>2026-10-08T16:10:15.293772+00:00</begin>
                <end>2026-10-08T16:55:16.293772+00:00</end>
              </TimeSpan>
              <MultiGeometry>
                <Polygon>
                  <altitudeMode>absolute</altitudeMode>
                  <outerBoundaryIs>
                    <LinearRing>
                      <coordinates>-96.54319999519082,32.717772598729226,119.78907867636025 -96.54319999519082,32.718400082519715,119.78907867636025 -96.54228359029405,32.718400082519715,119.78907867636025 -96.54228359029405,32.717772598729226,119.78907867636025</coordinates>
                    </LinearRing>
                  </outerBoundaryIs>
                </Polygon>
                <Polygon>
                  <altitudeMode>absolute</altitudeMode>
                  <outerBoundaryIs>
                    <LinearRing>
                      <coordinates>-96.54319999519082,32.717772598729226,149.77907867636026 -96.54319999519082,32.718400082519715,149.77907867636026 -96.54228359029405,32.718400082519715,149.77907867636026 -96.54228359029405,32.717772598729226,149.77907867636026</coordinates>
                    </LinearRing>
                  </outerBoundaryIs>
                </Polygon>
                <Polygon>
                  <altitudeMode>absolute</altitudeMode>
                  <outerBoundaryIs>
                    <LinearRing>
                      <coordinates>-96.54319999519082,32.717772598729226,119.78907867636025 -96.54319999519082,32.717772598729226,149.77907867636026 -96.54319999519082,32.718400082519715,149.77907867636026 -96.54319999519082,32.718400082519715,119.78907867636025</coordinates>
                    </LinearRing>
                  </outerBoundaryIs>
                </Polygon>
                <Polygon>
                  <altitudeMode>absolute</altitudeMode>
                  <outerBoundaryIs>
                    <LinearRing>
                      <coordinates>-96.54319999519082,32.718400082519715,119.78907867636025 -96.54319999519082,32.718400082519715,149.77907867636026 -96.54228359029405,32.718400082519715,149.77907867636026 -96.54228359029405,32.718400082519715,119.78907867636025</coordinates>
                    </LinearRing>
                  </outerBoundaryIs>
                </Polygon>
                <Polygon>
                  <altitudeMode>absolute</altitudeMode>
                  <outerBoundaryIs>
                    <LinearRing>
                      <coordinates>-96.54228359029405,32.718400082519715,119.78907867636025 -96.54228359029405,32.718400082519715,149.77907867636026 -96.54228359029405,32.717772598729226,149.77907867636026 -96.54228359029405,32.717772598729226,119.78907867636025</coordinates>
                    </LinearRing>
                  </outerBoundaryIs>
                </Polygon>
                <Polygon>
                  <altitudeMode>absolute</altitudeMode>
                  <outerBoundaryIs>
                    <LinearRing>
                      <coordinates>-96.54228359029405,32.717772598729226,119.78907867636025 -96.54228359029405,32.717772598729226,149.77907867636026 -96.54319999519082,32.717772598729226,149.77907867636026 -96.54319999519082,32.717772598729226,119.78907867636025</coordinates>
                    </LinearRing>
                  </outerBoundaryIs>
                </Polygon>
              </MultiGeometry>
            </Placemark>
          </Folder>
          <Folder>
            <name>E110: uss2_core astm.f3548.v21.uss.getOperationalIntentDetails</name>
            <Folder>
              <name>uss2's P0 Accepted 6f1caf0c-9fb3-4f5c-83fe-dde7c9eb1ff7[1] @ GBEzJrdU.bi-Qsm86uxJleXPEeHNIGSGHHiv258g98Q_</name>
              <Placemark>
                <name>Nominal volume 0</name>
                <styleUrl>#F3548v21Accepted</styleUrl>
                <TimeSpan>
                  <begin>2026-10-08T16:10:15.928803+00:00</begin>
                  <end>2026-10-08T16:55:15.896150+00:00</end>
                </TimeSpan>
                <MultiGeometry>
                  <Polygon>
                    <altitudeMode>absolute</altitudeMode>
                    <outerBoundaryIs>
                      <LinearRing>
                        <coordinates>-96.54298815303244,32.717772598729226,119.78912263213095 -96.54319999519082,32.71801391482339,119.78912263213095 -96.5425785426701,32.718400082519715,119.78912263213095 -96.54228359029405,32.718148250809556,119.78912263213095</coordinates>
                      </LinearRing>
                    </outerBoundaryIs>
                  </Polygon>
                  <Polygon>
                    <altitudeMode>absolute</altitudeMode>
                    <outerBoundaryIs>
                      <LinearRing>
                        <coordinates>-96.54298815303244,32.717772598729226,149.77912263213096 -96.54319999519082,32.71801391482339,149.77912263213096 -96.5425785426701,32.718400082519715,149.77912263213096 -96.54228359029405,32.718148250809556,149.77912263213096</coordinates>
                      </LinearRing>
                    </outerBoundaryIs>
                  </Polygon>
                  <Polygon>
                    <altitudeMode>absolute</altitudeMode>
                    <outerBoundaryIs>
                      <LinearRing>
                        <coordinates>-96.54298815303244,32.717772598729226,119.78912263213095 -96.54298815303244,32.717772598729226,149.77912263213096 -96.54319999519082,32.71801391482339,149.77912263213096 -96.54319999519082,32.71801391482339,119.78912263213095</coordinates>
                      </LinearRing>
                    </outerBoundaryIs>
                  </Polygon>
                  <Polygon>
                    <altitudeMode>absolute</altitudeMode>
                    <outerBoundaryIs>
                      <LinearRing>
                        <coordinates>-96.54319999519082,32.71801391482339,119.78912263213095 -96.54319999519082,32.71801391482339,149.77912263213096 -96.5425785426701,32.718400082519715,149.77912263213096 -96.5425785426701,32.718400082519715,119.78912263213095</coordinates>
                      </LinearRing>
                    </outerBoundaryIs>
                  </Polygon>
                  <Polygon>
                    <altitudeMode>absolute</altitudeMode>
                    <outerBoundaryIs>
                      <LinearRing>
                        <coordinates>-96.5425785426701,32.718400082519715,119.78912263213095 -96.5425785426701,32.718400082519715,149.77912263213096 -96.54228359029405,32.718148250809556,149.77912263213096 -96.54228359029405,32.718148250809556,119.78912263213095</coordinates>
                      </LinearRing>
                    </outerBoundaryIs>
                  </Polygon>
                  <Polygon>
                    <altitudeMode>absolute</altitudeMode>
                    <outerBoundaryIs>
                      <LinearRing>
                        <coordinates>-96.54228359029405,32.718148250809556,119.78912263213095 -96.54228359029405,32.718148250809556,149.77912263213096 -96.54298815303244,32.717772598729226,149.77912263213096 -96.54298815303244,32.717772598729226,119.78912263213095</coordinates>
                      </LinearRing>
                    </outerBoundaryIs>
                  </Polygon>
                </MultiGeometry>
              </Placemark>
            </Folder>
          </Folder>
        </Folder>
      </Folder>
      <Folder>
        <name>Modify activated flight with pre-existing conflict</name>
        <Folder>
          <name>Delete Flight 2</name>
        </Folder>
        <Folder>
          <name>Activate Flight 1</name>
          <Folder>
            <name>E121: uss1_dss astm.f3548.v21.dss.queryOperationalIntentReferences</name>
            <Placemark>
              <name>area_of_interest</name>
              <styleUrl>#QueryArea</styleUrl>
              <description><![CDATA[<ul><li>uss2's Accepted 6f1caf0c-9fb3-4f5c-83fe-dde7c9eb1ff7[1]</li></ul>]]></description>
              <TimeSpan>
                <begin>2026-10-08T16:10:15.439171+00:00</begin>
                <end>2026-10-08T16:55:16.439171+00:00</end>
              </TimeSpan>
              <MultiGeometry>
                <Polygon>
                  <altitudeMode>absolute</altitudeMode>
                  <outerBoundaryIs>
                    <LinearRing>
                      <coordinates>-96.54319999519082,32.717772598729226,119.79907867636024 -96.54319999519082,32.718400082519715,119.79907867636024 -96.54228359029405,32.718400082519715,119.79907867636024 -96.54228359029405,32.717772598729226,119.79907867636024</coordinates>
                    </LinearRing>
                  </outerBoundaryIs>
                </Polygon>
                <Polygon>
                  <altitudeMode>absolute</altitudeMode>
                  <outerBoundaryIs>
                    <LinearRing>
                      <coordinates>-96.54319999519082,32.717772598729226,149.77907867636026 -96.54319999519082,32.718400082519715,149.77907867636026 -96.54228359029405,32.718400082519715,149.77907867636026 -96.54228359029405,32.717772598729226,149.77907867636026</coordinates>
                    </LinearRing>
                  </outerBoundaryIs>
                </Polygon>
                <Polygon>
                  <altitudeMode>absolute</altitudeMode>
                  <outerBoundaryIs>
                    <LinearRing>
                      <coordinates>-96.54319999519082,32.717772598729226,119.79907867636024 -96.54319999519082,32.717772598729226,149.77907867636026 -96.54319999519082,32.718400082519715,149.77907867636026 -96.54319999519082,32.718400082519715,119.79907867636024</coordinates>
                    </LinearRing>
                  </outerBoundaryIs>
                </Polygon>
                <Polygon>
                  <altitudeMode>absolute</altitudeMode>
                  <outerBoundaryIs>
                    <LinearRing>
                      <coordinates>-96.54319999519082,32.718400082519715,119.79907867636024 -96.54319999519082,32.718400082519715,149.77907867636026 -96.54228359029405,32.718400082519715,149.77907867636026 -96.54228359029405,32.718400082519715,119.79907867636024</coordinates>
                    </LinearRing>
                  </outerBoundaryIs>
                </Polygon>
                <Polygon>
                  <altitudeMode>absolute</altitudeMode>
                  <outerBoundaryIs>
                    <LinearRing>
                      <coordinates>-96.54228359029405,32.718400082519715,119.79907867636024 -96.54228359029405,32.718400082519715,149.77907867636026 -96.54228359029405,32.717772598729226,149.77907867636026 -96.54228359029405,32.717772598729226,119.79907867636024</coordinates>
                    </LinearRing>
                  </outerBoundaryIs>
                </Polygon>
                <Polygon>
                  <altitudeMode>absolute</altitudeMode>
                  <outerBoundaryIs>
                    <LinearRing>
                      <coordinates>-96.54228359029405,32.717772598729226,119.79907867636024 -96.54228359029405,32.717772598729226,149.77907867636026 -96.54319999519082,32.717772598729226,149.77907867636026 -96.54319999519082,32.717772598729226,119.79907867636024</coordinates>
                    </LinearRing>
                  </outerBoundaryIs>
                </Polygon>
              </MultiGeometry>
            </Placemark>
          </Folder>
          <Folder>
            <name>E123: uss2_core interuss.automated_testing.flight_planning.v1.UpsertFlightPlan</name>
            <Folder>
              <name>Activity Completed, flight OkToFly</name>
              <Placemark>
                <name>Volume 0</name>
                <styleUrl>#InUse_Nominal</styleUrl>
                <TimeSpan>
                  <begin>2026-10-08T16:10:15.439171+00:00</begin>
                  <end>2026-10-08T16:55:16.439171+00:00</end>
                </TimeSpan>
                <MultiGeometry>
                  <Polygon>
                    <altitudeMode>absolute</altitudeMode>
                    <outerBoundaryIs>
                      <LinearRing>
                        <coordinates>-96.54298815303244,32.717772598729226,119.79912263213095 -96.54319999519082,32.71801391482339,119.79912263213095 -96.5425785426701,32.718400082519715,119.79912263213095 -96.54228359029405,32.718148250809556,119.79912263213095</coordinates>
                      </LinearRing>
                    </outerBoundaryIs>
                  </Polygon>
                  <Polygon>
                    <altitudeMode>absolute</altitudeMode>
                    <outerBoundaryIs>
                      <LinearRing>
                        <coordinates>-96.54298815303244,32.717772598729226,149.77912263213096 -96.54319999519082,32.71801391482339,149.77912263213096 -96.5425785426701,32.718400082519715,149.77912263213096 -96.54228359029405,32.718148250809556,149.77912263213096</coordinates>
                      </LinearRing>
                    </outerBoundaryIs>
                  </Polygon>
                  <Polygon>
                    <altitudeMode>absolute</altitudeMode>
                    <outerBoundaryIs>
                      <LinearRing>
                        <coordinates>-96.54298815303244,32.717772598729226,119.79912263213095 -96.54298815303244,32.717772598729226,149.77912263213096 -96.54319999519082,32.71801391482339,149.77912263213096 -96.54319999519082,32.71801391482339,119.79912263213095</coordinates>
                      </LinearRing>
                    </outerBoundaryIs>
                  </Polygon>
                  <Polygon>
                    <altitudeMode>absolute</altitudeMode>
                    <outerBoundaryIs>
                      <LinearRing>
                        <coordinates>-96.54319999519082,32.71801391482339,119.79912263213095 -96.54319999519082,32.71801391482339,149.77912263213096 -96.5425785426701,32.718400082519715,149.77912263213096 -96.5425785426701,32.718400082519715,119.79912263213095</coordinates>
                      </LinearRing>
                    </outerBoundaryIs>
                  </Polygon>
                  <Polygon>
                    <altitudeMode>absolute</altitudeMode>
                    <outerBoundaryIs>
                      <LinearRing>
                        <coordinates>-96.5425785426701,32.718400082519715,119.79912263213095 -96.5425785426701,32.718400082519715,149.77912263213096 -96.54228359029405,32.718148250809556,149.77912263213096 -96.54228359029405,32.718148250809556,119.79912263213095</coordinates>
                      </LinearRing>
                    </outerBoundaryIs>
                  </Polygon>
                  <Polygon>
                    <altitudeMode>absolute</altitudeMode>
                    <outerBoundaryIs>
                      <LinearRing>
                        <coordinates>-96.54228359029405,32.718148250809556,119.79912263213095 -96.54228359029405,32.718148250809556,149.77912263213096 -96.54298815303244,32.717772598729226,149.77912263213096 -96.54298815303244,32.717772598729226,119.79912263213095</coordinates>
                      </LinearRing>
                    </outerBoundaryIs>
                  </Polygon>
                </MultiGeometry>
              </Placemark>
            </Folder>
          </Folder>
          <Folder>
            <name>E127: uss1_dss astm.f3548.v21.dss.queryOperationalIntentReferences</name>
            <Placemark>
              <name>area_of_interest</name>
              <styleUrl>#QueryArea</styleUrl>
              <description><![CDATA[<ul><li>uss2's Activated 6f1caf0c-9fb3-4f5c-83fe-dde7c9eb1ff7[2]</li></ul>]]></description>
              <TimeSpan>
                <begin>2026-10-08T16:10:15.439171+00:00</begin>
                <end>2026-10-08T16:55:16.439171+00:00</end>
              </TimeSpan>
              <MultiGeometry>
                <Polygon>
                  <altitudeMode>absolute</altitudeMode>
                  <outerBoundaryIs>
                    <LinearRing>
                      <coordinates>-96.54319999519082,32.717772598729226,119.79907867636024 -96.54319999519082,32.718400082519715,119.79907867636024 -96.54228359029405,32.718400082519715,119.79907867636024 -96.54228359029405,32.717772598729226,119.79907867636024</coordinates>
                    </LinearRing>
                  </outerBoundaryIs>
                </Polygon>
                <Polygon>
                  <altitudeMode>absolute</altitudeMode>
                  <outerBoundaryIs>
                    <LinearRing>
                      <coordinates>-96.54319999519082,32.717772598729226,149.77907867636026 -96.54319999519082,32.718400082519715,149.77907867636026 -96.54228359029405,32.718400082519715,149.77907867636026 -96.54228359029405,32.717772598729226,149.77907867636026</coordinates>
                    </LinearRing>
                  </outerBoundaryIs>
                </Polygon>
                <Polygon>
                  <altitudeMode>absolute</altitudeMode>
                  <outerBoundaryIs>
                    <LinearRing>
                      <coordinates>-96.54319999519082,32.717772598729226,119.79907867636024 -96.54319999519082,32.717772598729226,149.77907867636026 -96.54319999519082,32.718400082519715,149.77907867636026 -96.54319999519082,32.718400082519715,119.79907867636024</coordinates>
                    </LinearRing>
                  </outerBoundaryIs>
                </Polygon>
                <Polygon>
                  <altitudeMode>absolute</altitudeMode>
                  <outerBoundaryIs>
                    <LinearRing>
                      <coordinates>-96.54319999519082,32.718400082519715,119.79907867636024 -96.54319999519082,32.718400082519715,149.77907867636026 -96.54228359029405,32.718400082519715,149.77907867636026 -96.54228359029405,32.718400082519715,119.79907867636024</coordinates>
                    </LinearRing>
                  </outerBoundaryIs>
                </Polygon>
                <Polygon>
                  <altitudeMode>absolute</altitudeMode>
                  <outerBoundaryIs>
                    <LinearRing>
                      <coordinates>-96.54228359029405,32.718400082519715,119.79907867636024 -96.54228359029405,32.718400082519715,149.77907867636026 -96.54228359029405,32.717772598729226,149.77907867636026 -96.54228359029405,32.717772598729226,119.79907867636024</coordinates>
                    </LinearRing>
                  </outerBoundaryIs>
                </Polygon>
                <Polygon>
                  <altitudeMode>absolute</altitudeMode>
                  <outerBoundaryIs>
                    <LinearRing>
                      <coordinates>-96.54228359029405,32.717772598729226,119.79907867636024 -96.54228359029405,32.717772598729226,149.77907867636026 -96.54319999519082,32.717772598729226,149.77907867636026 -96.54319999519082,32.717772598729226,119.79907867636024</coordinates>
                    </LinearRing>
                  </outerBoundaryIs>
                </Polygon>
              </MultiGeometry>
            </Placemark>
          </Folder>
          <Folder>
            <name>E132: uss2_core astm.f3548.v21.uss.getOperationalIntentDetails</name>
            <Folder>
              <name>uss2's P0 Activated 6f1caf0c-9fb3-4f5c-83fe-dde7c9eb1ff7[2] @ .Sys3bUvk4RKPwEyI7LrZtRUDRHB041R3uSgNyvzOPg_</name>
              <Placemark>
                <name>Nominal volume 0</name>
                <styleUrl>#F3548v21Activated</styleUrl>
                <TimeSpan>
                  <begin>2026-10-08T16:10:16.462028+00:00</begin>
                  <end>2026-10-08T16:55:16.439171+00:00</end>
                </TimeSpan>
                <MultiGeometry>
                  <Polygon>
                    <altitudeMode>absolute</altitudeMode>
                    <outerBoundaryIs>
                      <LinearRing>
                        <coordinates>-96.54298815303244,32.717772598729226,119.79912263213095 -96.54319999519082,32.71801391482339,119.79912263213095 -96.5425785426701,32.718400082519715,119.79912263213095 -96.54228359029405,32.718148250809556,119.79912263213095</coordinates>
                      </LinearRing>
                    </outerBoundaryIs>
                  </Polygon>
                  <Polygon>
                    <altitudeMode>absolute</altitudeMode>
                    <outerBoundaryIs>
                      <LinearRing>
                        <coordinates>-96.54298815303244,32.717772598729226,149.77912263213096 -96.54319999519082,32.71801391482339,149.77912263213096 -96.5425785426701,32.718400082519715,149.77912263213096 -96.54228359029405,32.718148250809556,149.77912263213096</coordinates>
                      </LinearRing>
                    </outerBoundaryIs>
                  </Polygon>
                  <Polygon>
                    <altitudeMode>absolute</altitudeMode>
                    <outerBoundaryIs>
                      <LinearRing>
                        <coordinates>-96.54298815303244,32.717772598729226,119.79912263213095 -96.54298815303244,32.717772598729226,149.77912263213096 -96.54319999519082,32.71801391482339,149.77912263213096 -96.54319999519082,32.71801391482339,119.79912263213095</coordinates>
                      </LinearRing>
                    </outerBoundaryIs>
                  </Polygon>
                  <Polygon>
                    <altitudeMode>absolute</altitudeMode>
                    <outerBoundaryIs>
                      <LinearRing>
                        <coordinates>-96.54319999519082,32.71801391482339,119.79912263213095 -96.54319999519082,32.71801391482339,149.77912263213096 -96.5425785426701,32.718400082519715,149.77912263213096 -96.5425785426701,32.718400082519715,119.79912263213095</coordinates>
                      </LinearRing>
                    </outerBoundaryIs>
                  </Polygon>
                  <Polygon>
                    <altitudeMode>absolute</altitudeMode>
                    <outerBoundaryIs>
                      <LinearRing>
                        <coordinates>-96.5425785426701,32.718400082519715,119.79912263213095 -96.5425785426701,32.718400082519715,149.77912263213096 -96.54228359029405,32.718148250809556,149.77912263213096 -96.54228359029405,32.718148250809556,119.79912263213095</coordinates>
                      </LinearRing>
                    </outerBoundaryIs>
                  </Polygon>
                  <Polygon>
                    <altitudeMode>absolute</altitudeMode>
                    <outerBoundaryIs>
                      <LinearRing>
                        <coordinates>-96.54228359029405,32.718148250809556,119.79912263213095 -96.54228359029405,32.718148250809556,149.77912263213096 -96.54298815303244,32.717772598729226,149.77912263213096 -96.54298815303244,32.717772598729226,119.79912263213095</coordinates>
                      </LinearRing>
                    </outerBoundaryIs>
                  </Polygon>
                </MultiGeometry>
              </Placemark>
            </Folder>
          </Folder>
        </Folder>
        <Folder>
          <name>Plan Flight 2</name>
          <Folder>
            <name>E141: uss1_dss astm.f3548.v21.dss.queryOperationalIntentReferences</name>
            <Placemark>
              <name>area_of_interest</name>
              <styleUrl>#QueryArea</styleUrl>
              <description><![CDATA[<ul><li>uss2's Activated 6f1caf0c-9fb3-4f5c-83fe-dde7c9eb1ff7[2]</li></ul>]]></description>
              <TimeSpan>
                <begin>2026-10-08T16:10:15.586024+00:00</begin>
                <end>2026-10-08T16:55:16.586024+00:00</end>
              </TimeSpan>
              <MultiGeometry>
                <Polygon>
                  <altitudeMode>absolute</altitudeMode>
                  <outerBoundaryIs>
                    <LinearRing>
                      <coordinates>-96.54333904130766,32.71782149495856,118.70973943738716 -96.54333904130766,32.71842478527735,118.70973943738716 -96.54280943468076,32.71842478527735,118.70973943738716 -96.54280943468076,32.71782149495856,118.70973943738716</coordinates>
                    </LinearRing>
                  </outerBoundaryIs>
                </Polygon>
                <Polygon>
                  <altitudeMode>absolute</altitudeMode>
                  <outerBoundaryIs>
                    <LinearRing>
                      <coordinates>-96.54333904130766,32.71782149495856,147.77973943738715 -96.54333904130766,32.71842478527735,147.77973943738715 -96.54280943468076,32.71842478527735,147.77973943738715 -96.54280943468076,32.71782149495856,147.77973943738715</coordinates>
                    </LinearRing>
                  </outerBoundaryIs>
                </Polygon>
                <Polygon>
                  <altitudeMode>absolute</altitudeMode>
                  <outerBoundaryIs>
                    <LinearRing>
                      <coordinates>-96.54333904130766,32.71782149495856,118.70973943738716 -96.54333904130766,32.71782149495856,147.77973943738715 -96.54333904130766,32.71842478527735,147.77973943738715 -96.54333904130766,32.71842478527735,118.70973943738716</coordinates>
                    </LinearRing>
                  </outerBoundaryIs>
                </Polygon>
                <Polygon>
                  <altitudeMode>absolute</altitudeMode>
                  <outerBoundaryIs>
                    <LinearRing>
                      <coordinates>-96.54333904130766,32.71842478527735,118.70973943738716 -96.54333904130766,32.71842478527735,147.77973943738715 -96.54280943468076,32.71842478527735,147.77973943738715 -96.54280943468076,32.71842478527735,118.70973943738716</coordinates>
                    </LinearRing>
                  </outerBoundaryIs>
                </Polygon>
                <Polygon>
                  <altitudeMode>absolute</altitudeMode>
                  <outerBoundaryIs>
                    <LinearRing>
                      <coordinates>-96.54280943468076,32.71842478527735,118.70973943738716 -96.54280943468076,32.71842478527735,147.77973943738715 -96.54280943468076,32.71782149495856,147.77973943738715 -96.54280943468076,32.71782149495856,118.70973943738716</coordinates>
                    </LinearRing>
                  </outerBoundaryIs>
                </Polygon>
                <Polygon>
                  <altitudeMode>absolute</altitudeMode>
                  <outerBoundaryIs>
                    <LinearRing>
                      <coordinates>-96.54280943468076,32.71782149495856,118.70973943738716 -96.54280943468076,32.71782149495856,147.77973943738715 -96.54333904130766,32.71782149495856,147.77973943738715 -96.54333904130766,32.71782149495856,118.70973943738716</coordinates>
                    </LinearRing>
                  </outerBoundaryIs>
                </Polygon>
              </MultiGeometry>
            </Placemark>
          </Folder>
          <Folder>
            <name>E143: uss2_core interuss.automated_testing.flight_planning.v1.UpsertFlightPlan</name>
            <Folder>
              <name>Activity Completed, flight Planned</name>
              <Placemark>
                <name>Volume 0</name>
                <styleUrl>#Planned_Nominal</styleUrl>
                <TimeSpan>
                  <begin>2026-10-08T16:10:15.586024+00:00</begin>
                  <end>2026-10-08T16:55:16.586024+00:00</end>
                </TimeSpan>
                <MultiGeometry>
                  <Polygon>
                    <altitudeMode>absolute</altitudeMode>
                    <outerBoundaryIs>
                      <LinearRing>
                        <coordinates>-96.5433184133351,32.71806464808114,118.70976468151365 -96.54280943468076,32.71782149495855,118.70976468151365 -96.54290067464845,32.71826207106433,118.70976468151365 -96.54333904130766,32.71842478527735,118.70976468151365</coordinates>
                      </LinearRing>
                    </outerBoundaryIs>
                  </Polygon>
                  <Polygon>
                    <altitudeMode>absolute</altitudeMode>
                    <outerBoundaryIs>
                      <LinearRing>
                        <coordinates>-96.5433184133351,32.71806464808114,147.77976468151365 -96.54280943468076,32.71782149495855,147.77976468151365 -96.54290067464845,32.71826207106433,147.77976468151365 -96.54333904130766,32.71842478527735,147.77976468151365</coordinates>
                      </LinearRing>
                    </outerBoundaryIs>
                  </Polygon>
                  <Polygon>
                    <altitudeMode>absolute</altitudeMode>
                    <outerBoundaryIs>
                      <LinearRing>
                        <coordinates>-96.5433184133351,32.71806464808114,118.70976468151365 -96.5433184133351,32.71806464808114,147.77976468151365 -96.54280943468076,32.71782149495855,147.77976468151365 -96.54280943468076,32.71782149495855,118.70976468151365</coordinates>
                      </LinearRing>
                    </outerBoundaryIs>
                  </Polygon>
                  <Polygon>
                    <altitudeMode>absolute</altitudeMode>
                    <outerBoundaryIs>
                      <LinearRing>
                        <coordinates>-96.54280943468076,32.71782149495855,118.70976468151365 -96.54280943468076,32.71782149495855,147.77976468151365 -96.54290067464845,32.71826207106433,147.77976468151365 -96.54290067464845,32.71826207106433,118.70976468151365</coordinates>
                      </LinearRing>
                    </outerBoundaryIs>
                  </Polygon>
                  <Polygon>
                    <altitudeMode>absolute</altitudeMode>
                    <outerBoundaryIs>
                      <LinearRing>
                        <coordinates>-96.54290067464845,32.71826207106433,118.70976468151365 -96.54290067464845,32.71826207106433,147.77976468151365 -96.54333904130766,32.71842478527735,147.77976468151365 -96.54333904130766,32.71842478527735,118.70976468151365</coordinates>
                      </LinearRing>
                    </outerBoundaryIs>
                  </Polygon>
                  <Polygon>
                    <altitudeMode>absolute</altitudeMode>
                    <outerBoundaryIs>
                      <LinearRing>
                        <coordinates>-96.54333904130766,32.71842478527735,118.70976468151365 -96.54333904130766,32.71842478527735,147.77976468151365 -96.5433184133351,32.71806464808114,147.77976468151365 -96.5433184133351,32.71806464808114,118.70976468151365</coordinates>
                      </LinearRing>
                    </outerBoundaryIs>
                  </Polygon>
                </MultiGeometry>
              </Placemark>
            </Folder>
          </Folder>
          <Folder>
            <name>E147: uss1_dss astm.f3548.v21.dss.queryOperationalIntentReferences</name>
            <Placemark>
              <name>area_of_interest</name>
              <styleUrl>#QueryArea</styleUrl>
              <description><![CDATA[<ul><li>uss2's Activated 6f1caf0c-9fb3-4f5c-83fe-dde7c9eb1ff7[2]</li><li>uss2's Accepted dbde5010-506a-4c77-b31d-0bad0aac0633[1]</li></ul>]]></description>
              <TimeSpan>
                <begin>2026-10-08T16:10:15.586024+00:00</begin>
                <end>2026-10-08T16:55:16.586024+00:00</end>
              </TimeSpan>
              <MultiGeometry>
                <Polygon>
                  <altitudeMode>absolute</altitudeMode>
                  <outerBoundaryIs>
                    <LinearRing>
                      <coordinates>-96.54333904130766,32.71782149495856,118.70973943738716 -96.54333904130766,32.71842478527735,118.70973943738716 -96.54280943468076,32.71842478527735,118.70973943738716 -96.54280943468076,32.71782149495856,118.70973943738716</coordinates>
                    </LinearRing>
                  </outerBoundaryIs>
                </Polygon>
                <Polygon>
                  <altitudeMode>absolute</altitudeMode>
                  <outerBoundaryIs>
                    <LinearRing>
                      <coordinates>-96.54333904130766,32.71782149495856,147.77973943738715 -96.54333904130766,32.71842478527735,147.77973943738715 -96.54280943468076,32.71842478527735,147.77973943738715 -96.54280943468076,32.71782149495856,147.77973943738715</coordinates>
                    </LinearRing>
                  </outerBoundaryIs>
                </Polygon>
                <Polygon>
                  <altitudeMode>absolute</altitudeMode>
                  <outerBoundaryIs>
                    <LinearRing>
                      <coordinates>-96.54333904130766,32.71782149495856,118.70973943738716 -96.54333904130766,32.71782149495856,147.77973943738715 -96.54333904130766,32.71842478527735,147.77973943738715 -96.54333904130766,32.71842478527735,118.70973943738716</coordinates>
                    </LinearRing>
                  </outerBoundaryIs>
                </Polygon>
                <Polygon>
                  <altitudeMode>absolute</altitudeMode>
                  <outerBoundaryIs>
                    <LinearRing>
                      <coordinates>-96.54333904130766,32.71842478527735,118.70973943738716 -96.54333904130766,32.71842478527735,147.77973943738715 -96.54280943468076,32.71842478527735,147.77973943738715 -96.54280943468076,32.71842478527735,118.70973943738716</coordinates>
                    </LinearRing>
                  </outerBoundaryIs>
                </Polygon>
                <Polygon>
                  <altitudeMode>absolute</altitudeMode>
                  <outerBoundaryIs>
                    <LinearRing>
                      <coordinates>-96.54280943468076,32.71842478527735,118.70973943738716 -96.54280943468076,32.71842478527735,147.77973943738715 -96.54280943468076,32.71782149495856,147.77973943738715 -96.54280943468076,32.71782149495856,118.70973943738716</coordinates>
                    </LinearRing>
                  </outerBoundaryIs>
                </Polygon>
                <Polygon>
                  <altitudeMode>absolute</altitudeMode>
                  <outerBoundaryIs>
                    <LinearRing>
                      <coordinates>-96.54280943468076,32.71782149495856,118.70973943738716 -96.54280943468076,32.71782149495856,147.77973943738715 -96.54333904130766,32.71782149495856,147.77973943738715 -96.54333904130766,32.71782149495856,118.70973943738716</coordinates>
                    </LinearRing>
                  </outerBoundaryIs>
                </Polygon>
              </MultiGeometry>
            </Placemark>
          </Folder>
          <Folder>
            <name>E151: uss2_core astm.f3548.v21.uss.getOperationalIntentDetails</name>
            <Folder>
              <name>uss2's P100 Accepted dbde5010-506a-4c77-b31d-0bad0aac0633[1] @ bLjUduEc0Z.5nTgxL4.koJQWhu5f65Wk4Z9DWjv.0Zs_</name>
              <Placemark>
                <name>Nominal volume 0</name>
                <styleUrl>#F3548v21Accepted</styleUrl>
                <TimeSpan>
                  <begin>2026-10-08T16:10:16.608620+00:00</begin>
                  <end>2026-10-08T16:55:16.586024+00:00</end>
                </TimeSpan>
                <MultiGeometry>
                  <Polygon>
                    <altitudeMode>absolute</altitudeMode>
                    <outerBoundaryIs>
                      <LinearRing>
                        <coordinates>-96.5433184133351,32.71806464808114,118.70976468151365 -96.54280943468076,32.71782149495855,118.70976468151365 -96.54290067464845,32.71826207106433,118.70976468151365 -96.54333904130766,32.71842478527735,118.70976468151365</coordinates>
                      </LinearRing>
                    </outerBoundaryIs>
                  </Polygon>
                  <Polygon>
                    <altitudeMode>absolute</altitudeMode>
                    <outerBoundaryIs>
                      <LinearRing>
                        <coordinates>-96.5433184133351,32.71806464808114,147.77976468151365 -96.54280943468076,32.71782149495855,147.77976468151365 -96.54290067464845,32.71826207106433,147.77976468151365 -96.54333904130766,32.71842478527735,147.77976468151365</coordinates>
                      </LinearRing>
                    </outerBoundaryIs>
                  </Polygon>
                  <Polygon>
                    <altitudeMode>absolute</altitudeMode>
                    <outerBoundaryIs>
                      <LinearRing>
                        <coordinates>-96.5433184133351,32.71806464808114,118.70976468151365 -96.5433184133351,32.71806464808114,147.77976468151365 -96.54280943468076,32.71782149495855,147.77976468151365 -96.54280943468076,32.71782149495855,118.70976468151365</coordinates>
                      </LinearRing>
                    </outerBoundaryIs>
                  </Polygon>
                  <Polygon>
                    <altitudeMode>absolute</altitudeMode>
                    <outerBoundaryIs>
                      <LinearRing>
                        <coordinates>-96.54280943468076,32.71782149495855,118.70976468151365 -96.54280943468076,32.71782149495855,147.77976468151365 -96.54290067464845,32.71826207106433,147.77976468151365 -96.54290067464845,32.71826207106433,118.70976468151365</coordinates>
                      </LinearRing>
                    </outerBoundaryIs>
                  </Polygon>
                  <Polygon>
                    <altitudeMode>absolute</altitudeMode>
                    <outerBoundaryIs>
                      <LinearRing>
                        <coordinates>-96.54290067464845,32.71826207106433,118.70976468151365 -96.54290067464845,32.71826207106433,147.77976468151365 -96.54333904130766,32.71842478527735,147.77976468151365 -96.54333904130766,32.71842478527735,118.70976468151365</coordinates>
                      </LinearRing>
                    </outerBoundaryIs>
                  </Polygon>
                  <Polygon>
                    <altitudeMode>absolute</altitudeMode>
                    <outerBoundaryIs>
                      <LinearRing>
                        <coordinates>-96.54333904130766,32.71842478527735,118.70976468151365 -96.54333904130766,32.71842478527735,147.77976468151365 -96.5433184133351,32.71806464808114,147.77976468151365 -96.5433184133351,32.71806464808114,118.70976468151365</coordinates>
                      </LinearRing>
                    </outerBoundaryIs>
                  </Polygon>
                </MultiGeometry>
              </Placemark>
            </Folder>
          </Folder>
        </Folder>
        <Folder>
          <name>Activate Flight 2</name>
          <Folder>
            <name>E164: uss1_dss astm.f3548.v21.dss.queryOperationalIntentReferences</name>
            <Placemark>
              <name>area_of_interest</name>
              <styleUrl>#QueryArea</styleUrl>
              <description><![CDATA[<ul><li>uss2's Activated 6f1caf0c-9fb3-4f5c-83fe-dde7c9eb1ff7[2]</li><li>uss2's Accepted dbde5010-506a-4c77-b31d-0bad0aac0633[1]</li></ul>]]></description>
              <TimeSpan>
                <begin>2026-10-08T16:10:15.761581+00:00</begin>
                <end>2026-10-08T16:55:16.761581+00:00</end>
              </TimeSpan>
              <MultiGeometry>
                <Polygon>
                  <altitudeMode>absolute</altitudeMode>
                  <outerBoundaryIs>
                    <LinearRing>
                      <coordinates>-96.54333904130766,32.71782149495856,119.85973943738715 -96.54333904130766,32.71842478527735,119.85973943738715 -96.54280943468076,32.71842478527735,119.85973943738715 -96.54280943468076,32.71782149495856,119.85973943738715</coordinates>
                    </LinearRing>
                  </outerBoundaryIs>
                </Polygon>
                <Polygon>
                  <altitudeMode>absolute</altitudeMode>
                  <outerBoundaryIs>
                    <LinearRing>
                      <coordinates>-96.54333904130766,32.71782149495856,147.77973943738715 -96.54333904130766,32.71842478527735,147.77973943738715 -96.54280943468076,32.71842478527735,147.77973943738715 -96.54280943468076,32.71782149495856,147.77973943738715</coordinates>
                    </LinearRing>
                  </outerBoundaryIs>
                </Polygon>
                <Polygon>
                  <altitudeMode>absolute</altitudeMode>
                  <outerBoundaryIs>
                    <LinearRing>
                      <coordinates>-96.54333904130766,32.71782149495856,119.85973943738715 -96.54333904130766,32.71782149495856,147.77973943738715 -96.54333904130766,32.71842478527735,147.77973943738715 -96.54333904130766,32.71842478527735,119.85973943738715</coordinates>
                    </LinearRing>
                  </outerBoundaryIs>
                </Polygon>
                <Polygon>
                  <altitudeMode>absolute</altitudeMode>
                  <outerBoundaryIs>
                    <LinearRing>
                      <coordinates>-96.54333904130766,32.71842478527735,119.85973943738715 -96.54333904130766,32.71842478527735,147.77973943738715 -96.54280943468076,32.71842478527735,147.77973943738715 -96.54280943468076,32.71842478527735,119.85973943738715</coordinates>
                    </LinearRing>
                  </outerBoundaryIs>
                </Polygon>
                <Polygon>
                  <altitudeMode>absolute</altitudeMode>
                  <outerBoundaryIs>
                    <LinearRing>
                      <coordinates>-96.54280943468076,32.71842478527735,119.85973943738715 -96.54280943468076,32.71842478527735,147.77973943738715 -96.54280943468076,32.71782149495856,147.77973943738715 -96.54280943468076,32.71782149495856,119.85973943738715</coordinates>
                    </LinearRing>
                  </outerBoundaryIs>
                </Polygon>
                <Polygon>
                  <altitudeMode>absolute</altitudeMode>
                  <outerBoundaryIs>
                    <LinearRing>
                      <coordinates>-96.54280943468076,32.71782149495856,119.85973943738715 -96.54280943468076,32.71782149495856,147.77973943738715 -96.54333904130766,32.71782149495856,147.77973943738715 -96.54333904130766,32.71782149495856,119.85973943738715</coordinates>
                    </LinearRing>
                  </outerBoundaryIs>
                </Polygon>
              </MultiGeometry>
            </Placemark>
          </Folder>
          <Folder>
            <name>E166: uss2_core interuss.automated_testing.flight_planning.v1.UpsertFlightPlan</name>
            <Folder>
              <name>Activity Completed, flight OkToFly</name>
              <Placemark>
                <name>Volume 0</name>
                <styleUrl>#InUse_Nominal</styleUrl>
                <TimeSpan>
                  <begin>2026-10-08T16:10:15.761581+00:00</begin>
                  <end>2026-10-08T16:55:16.761581+00:00</end>
                </TimeSpan>
                <MultiGeometry>
                  <Polygon>
                    <altitudeMode>absolute</altitudeMode>
                    <outerBoundaryIs>
                      <LinearRing>
                        <coordinates>-96.5433184133351,32.71806464808114,119.85976468151364 -96.54280943468076,32.71782149495855,119.85976468151364 -96.54290067464845,32.71826207106433,119.85976468151364 -96.54333904130766,32.71842478527735,119.85976468151364</coordinates>
                      </LinearRing>
                    </outerBoundaryIs>
                  </Polygon>
                  <Polygon>
                    <altitudeMode>absolute</altitudeMode>
                    <outerBoundaryIs>
                      <LinearRing>
                        <coordinates>-96.5433184133351,32.71806464808114,147.77976468151365 -96.54280943468076,32.71782149495855,147.77976468151365 -96.54290067464845,32.71826207106433,147.77976468151365 -96.54333904130766,32.71842478527735,147.77976468151365</coordinates>
                      </LinearRing>
                    </outerBoundaryIs>
                  </Polygon>
                  <Polygon>
                    <altitudeMode>absolute</altitudeMode>
                    <outerBoundaryIs>
                      <LinearRing>
                        <coordinates>-96.5433184133351,32.71806464808114,119.85976468151364 -96.5433184133351,32.71806464808114,147.77976468151365 -96.54280943468076,32.71782149495855,147.77976468151365 -96.54280943468076,32.71782149495855,119.85976468151364</coordinates>
                      </LinearRing>
                    </outerBoundaryIs>
                  </Polygon>
                  <Polygon>
                    <altitudeMode>absolute</altitudeMode>
                    <outerBoundaryIs>
                      <LinearRing>
                        <coordinates>-96.54280943468076,32.71782149495855,119.85976468151364 -96.54280943468076,32.71782149495855,147.77976468151365 -96.54290067464845,32.71826207106433,147.77976468151365 -96.54290067464845,32.71826207106433,119.85976468151364</coordinates>
                      </LinearRing>
                    </outerBoundaryIs>
                  </Polygon>
                  <Polygon>
                    <altitudeMode>absolute</altitudeMode>
                    <outerBoundaryIs>
                      <LinearRing>
                        <coordinates>-96.54290067464845,32.71826207106433,119.85976468151364 -96.54290067464845,32.71826207106433,147.77976468151365 -96.54333904130766,32.71842478527735,147.77976468151365 -96.54333904130766,32.71842478527735,119.85976468151364</coordinates>
                      </LinearRing>
                    </outerBoundaryIs>
                  </Polygon>
                  <Polygon>
                    <altitudeMode>absolute</altitudeMode>
                    <outerBoundaryIs>
                      <LinearRing>
                        <coordinates>-96.54333904130766,32.71842478527735,119.85976468151364 -96.54333904130766,32.71842478527735,147.77976468151365 -96.5433184133351,32.71806464808114,147.77976468151365 -96.5433184133351,32.71806464808114,119.85976468151364</coordinates>
                      </LinearRing>
                    </outerBoundaryIs>
                  </Polygon>
                </MultiGeometry>
              </Placemark>
            </Folder>
          </Folder>
          <Folder>
            <name>E170: uss1_dss astm.f3548.v21.dss.queryOperationalIntentReferences</name>
            <Placemark>
              <name>area_of_interest</name>
              <styleUrl>#QueryArea</styleUrl>
              <description><![CDATA[<ul><li>uss2's Activated 6f1caf0c-9fb3-4f5c-83fe-dde7c9eb1ff7[2]</li><li>uss2's Activated dbde5010-506a-4c77-b31d-0bad0aac0633[2]</li></ul>]]></description>
              <TimeSpan>
                <begin>2026-10-08T16:10:15.761581+00:00</begin>
                <end>2026-10-08T16:55:16.761581+00:00</end>
              </TimeSpan>
              <MultiGeometry>
                <Polygon>
                  <altitudeMode>absolute</altitudeMode>
                  <outerBoundaryIs>
                    <LinearRing>
                      <coordinates>-96.54333904130766,32.71782149495856,119.85973943738715 -96.54333904130766,32.71842478527735,119.85973943738715 -96.54280943468076,32.71842478527735,119.85973943738715 -96.54280943468076,32.71782149495856,119.85973943738715</coordinates>
                    </LinearRing>
                  </outerBoundaryIs>
                </Polygon>
                <Polygon>
                  <altitudeMode>absolute</altitudeMode>
                  <outerBoundaryIs>
                    <LinearRing>
                      <coordinates>-96.54333904130766,32.71782149495856,147.77973943738715 -96.54333904130766,32.71842478527735,147.77973943738715 -96.54280943468076,32.71842478527735,147.77973943738715 -96.54280943468076,32.71782149495856,147.77973943738715</coordinates>
                    </LinearRing>
                  </outerBoundaryIs>
                </Polygon>
                <Polygon>
                  <altitudeMode>absolute</altitudeMode>
                  <outerBoundaryIs>
                    <LinearRing>
                      <coordinates>-96.54333904130766,32.71782149495856,119.85973943738715 -96.54333904130766,32.71782149495856,147.77973943738715 -96.54333904130766,32.71842478527735,147.77973943738715 -96.54333904130766,32.71842478527735,119.85973943738715</coordinates>
                    </LinearRing>
                  </outerBoundaryIs>
                </Polygon>
                <Polygon>
                  <altitudeMode>absolute</altitudeMode>
                  <outerBoundaryIs>
                    <LinearRing>
                      <coordinates>-96.54333904130766,32.71842478527735,119.85973943738715 -96.54333904130766,32.71842478527735,147.77973943738715 -96.54280943468076,32.71842478527735,147.77973943738715 -96.54280943468076,32.71842478527735,119.85973943738715</coordinates>
                    </LinearRing>
                  </outerBoundaryIs>
                </Polygon>
                <Polygon>
                  <altitudeMode>absolute</altitudeMode>
                  <outerBoundaryIs>
                    <LinearRing>
                      <coordinates>-96.54280943468076,32.71842478527735,119.85973943738715 -96.54280943468076,32.71842478527735,147.77973943738715 -96.54280943468076,32.71782149495856,147.77973943738715 -96.54280943468076,32.71782149495856,119.85973943738715</coordinates>
                    </LinearRing>
                  </outerBoundaryIs>
                </Polygon>
                <Polygon>
                  <altitudeMode>absolute</altitudeMode>
                  <outerBoundaryIs>
                    <LinearRing>
                      <coordinates>-96.54280943468076,32.71782149495856,119.85973943738715 -96.54280943468076,32.71782149495856,147.77973943738715 -96.54333904130766,32.71782149495856,147.77973943738715 -96.54333904130766,32.71782149495856,119.85973943738715</coordinates>
                    </LinearRing>
                  </outerBoundaryIs>
                </Polygon>
              </MultiGeometry>
            </Placemark>
          </Folder>
          <Folder>
            <name>E175: uss2_core astm.f3548.v21.uss.getOperationalIntentDetails</name>
            <Folder>
              <name>uss2's P100 Activated dbde5010-506a-4c77-b31d-0bad0aac0633[2] @ eZ0.opTXRwniLt44iKjBVOJM8ZLiVOI.LbuRLuMorSs_</name>
              <Placemark>
                <name>Nominal volume 0</name>
                <styleUrl>#F3548v21Activated</styleUrl>
                <TimeSpan>
                  <begin>2026-10-08T16:10:16.789726+00:00</begin>
                  <end>2026-10-08T16:55:16.761581+00:00</end>
                </TimeSpan>
                <MultiGeometry>
                  <Polygon>
                    <altitudeMode>absolute</altitudeMode>
                    <outerBoundaryIs>
                      <LinearRing>
                        <coordinates>-96.5433184133351,32.71806464808114,119.85976468151364 -96.54280943468076,32.71782149495855,119.85976468151364 -96.54290067464845,32.71826207106433,119.85976468151364 -96.54333904130766,32.71842478527735,119.85976468151364</coordinates>
                      </LinearRing>
                    </outerBoundaryIs>
                  </Polygon>
                  <Polygon>
                    <altitudeMode>absolute</altitudeMode>
                    <outerBoundaryIs>
                      <LinearRing>
                        <coordinates>-96.5433184133351,32.71806464808114,147.77976468151365 -96.54280943468076,32.71782149495855,147.77976468151365 -96.54290067464845,32.71826207106433,147.77976468151365 -96.54333904130766,32.71842478527735,147.77976468151365</coordinates>
                      </LinearRing>
                    </outerBoundaryIs>
                  </Polygon>
                  <Polygon>
                    <altitudeMode>absolute</altitudeMode>
                    <outerBoundaryIs>
                      <LinearRing>
                        <coordinates>-96.5433184133351,32.71806464808114,119.85976468151364 -96.5433184133351,32.71806464808114,147.77976468151365 -96.54280943468076,32.71782149495855,147.77976468151365 -96.54280943468076,32.71782149495855,119.85976468151364</coordinates>
                      </LinearRing>
                    </outerBoundaryIs>
                  </Polygon>
                  <Polygon>
                    <altitudeMode>absolute</altitudeMode>
                    <outerBoundaryIs>
                      <LinearRing>
                        <coordinates>-96.54280943468076,32.71782149495855,119.85976468151364 -96.54280943468076,32.71782149495855,147.77976468151365 -96.54290067464845,32.71826207106433,147.77976468151365 -96.54290067464845,32.71826207106433,119.85976468151364</coordinates>
                      </LinearRing>
                    </outerBoundaryIs>
                  </Polygon>
                  <Polygon>
                    <altitudeMode>absolute</altitudeMode>
                    <outerBoundaryIs>
                      <LinearRing>
                        <coordinates>-96.54290067464845,32.71826207106433,119.85976468151364 -96.54290067464845,32.71826207106433,147.77976468151365 -96.54333904130766,32.71842478527735,147.77976468151365 -96.54333904130766,32.71842478527735,119.85976468151364</coordinates>
                      </LinearRing>
                    </outerBoundaryIs>
                  </Polygon>
                  <Polygon>
                    <altitudeMode>absolute</altitudeMode>
                    <outerBoundaryIs>
                      <LinearRing>
                        <coordinates>-96.54333904130766,32.71842478527735,119.85976468151364 -96.54333904130766,32.71842478527735,147.77976468151365 -96.5433184133351,32.71806464808114,147.77976468151365 -96.5433184133351,32.71806464808114,119.85976468151364</coordinates>
                      </LinearRing>
                    </outerBoundaryIs>
                  </Polygon>
                </MultiGeometry>
              </Placemark>
            </Folder>
          </Folder>
        </Folder>
        <Folder>
          <name>Check for conflict notifications</name>
        </Folder>
        <Folder>
          <name>Modify activated Flight 1 in conflict with activated Flight 2</name>
          <Folder>
            <name>E190: uss1_dss astm.f3548.v21.dss.queryOperationalIntentReferences</name>
            <Placemark>
              <name>area_of_interest</name>
              <styleUrl>#QueryArea</styleUrl>
              <description><![CDATA[<ul><li>uss2's Activated 6f1caf0c-9fb3-4f5c-83fe-dde7c9eb1ff7[2]</li><li>uss2's Activated dbde5010-506a-4c77-b31d-0bad0aac0633[2]</li></ul>]]></description>
              <TimeSpan>
                <begin>2026-10-08T16:10:15.966562+00:00</begin>
                <end>2026-10-08T16:55:16.966562+00:00</end>
              </TimeSpan>
              <MultiGeometry>
                <Polygon>
                  <altitudeMode>absolute</altitudeMode>
                  <outerBoundaryIs>
                    <LinearRing>
                      <coordinates>-96.54319999519082,32.717772598729226,89.72907867636025 -96.54319999519082,32.718400082519715,89.72907867636025 -96.54228359029405,32.718400082519715,89.72907867636025 -96.54228359029405,32.717772598729226,89.72907867636025</coordinates>
                    </LinearRing>
                  </outerBoundaryIs>
                </Polygon>
                <Polygon>
                  <altitudeMode>absolute</altitudeMode>
                  <outerBoundaryIs>
                    <LinearRing>
                      <coordinates>-96.54319999519082,32.717772598729226,149.77907867636026 -96.54319999519082,32.718400082519715,149.77907867636026 -96.54228359029405,32.718400082519715,149.77907867636026 -96.54228359029405,32.717772598729226,149.77907867636026</coordinates>
                    </LinearRing>
                  </outerBoundaryIs>
                </Polygon>
                <Polygon>
                  <altitudeMode>absolute</altitudeMode>
                  <outerBoundaryIs>
                    <LinearRing>
                      <coordinates>-96.54319999519082,32.717772598729226,89.72907867636025 -96.54319999519082,32.717772598729226,149.77907867636026 -96.54319999519082,32.718400082519715,149.77907867636026 -96.54319999519082,32.718400082519715,89.72907867636025</coordinates>
                    </LinearRing>
                  </outerBoundaryIs>
                </Polygon>
                <Polygon>
                  <altitudeMode>absolute</altitudeMode>
                  <outerBoundaryIs>
                    <LinearRing>
                      <coordinates>-96.54319999519082,32.718400082519715,89.72907867636025 -96.54319999519082,32.718400082519715,149.77907867636026 -96.54228359029405,32.718400082519715,149.77907867636026 -96.54228359029405,32.718400082519715,89.72907867636025</coordinates>
                    </LinearRing>
                  </outerBoundaryIs>
                </Polygon>
                <Polygon>
                  <altitudeMode>absolute</altitudeMode>
                  <outerBoundaryIs>
                    <LinearRing>
                      <coordinates>-96.54228359029405,32.718400082519715,89.72907867636025 -96.54228359029405,32.718400082519715,149.77907867636026 -96.54228359029405,32.717772598729226,149.77907867636026 -96.54228359029405,32.717772598729226,89.72907867636025</coordinates>
                    </LinearRing>
                  </outerBoundaryIs>
                </Polygon>
                <Polygon>
                  <altitudeMode>absolute</altitudeMode>
                  <outerBoundaryIs>
                    <LinearRing>
                      <coordinates>-96.54228359029405,32.717772598729226,89.72907867636025 -96.54228359029405,32.717772598729226,149.77907867636026 -96.54319999519082,32.717772598729226,149.77907867636026 -96.54319999519082,32.717772598729226,89.72907867636025</coordinates>
                    </LinearRing>
                  </outerBoundaryIs>
                </Polygon>
              </MultiGeometry>
            </Placemark>
          </Folder>
          <Folder>
            <name>E192: uss2_core interuss.automated_testing.flight_planning.v1.UpsertFlightPlan</name>
            <Folder>
              <name>Activity Completed, flight OkToFly</name>
              <Placemark>
                <name>Volume 0</name>
                <styleUrl>#InUse_Nominal</styleUrl>
                <TimeSpan>
                  <begin>2026-10-08T16:10:15.966562+00:00</begin>
                  <end>2026-10-08T16:55:16.966562+00:00</end>
                </TimeSpan>
                <MultiGeometry>
                  <Polygon>
                    <altitudeMode>absolute</altitudeMode>
                    <outerBoundaryIs>
                      <LinearRing>
                        <coordinates>-96.542749133763,32.717921124727155,89.72883774244173 -96.54296097562744,32.7181624412232,89.72883774244173 -96.5425785426701,32.718400082519715,89.72883774244173 -96.54228359029405,32.718148250809556,89.72883774244173</coordinates>
                      </LinearRing>
                    </outerBoundaryIs>
                  </Polygon>
                  <Polygon>
                    <altitudeMode>absolute</altitudeMode>
                    <outerBoundaryIs>
                      <LinearRing>
                        <coordinates>-96.542749133763,32.717921124727155,149.77883774244174 -96.54296097562744,32.7181624412232,149.77883774244174 -96.5425785426701,32.718400082519715,149.77883774244174 -96.54228359029405,32.718148250809556,149.77883774244174</coordinates>
                      </LinearRing>
                    </outerBoundaryIs>
                  </Polygon>
                  <Polygon>
                    <altitudeMode>absolute</altitudeMode>
                    <outerBoundaryIs>
                      <LinearRing>
                        <coordinates>-96.542749133763,32.717921124727155,89.72883774244173 -96.542749133763,32.717921124727155,149.77883774244174 -96.54296097562744,32.7181624412232,149.77883774244174 -96.54296097562744,32.7181624412232,89.72883774244173</coordinates>
                      </LinearRing>
                    </outerBoundaryIs>
                  </Polygon>
                  <Polygon>
                    <altitudeMode>absolute</altitudeMode>
                    <outerBoundaryIs>
                      <LinearRing>
                        <coordinates>-96.54296097562744,32.7181624412232,89.72883774244173 -96.54296097562744,32.7181624412232,149.77883774244174 -96.5425785426701,32.718400082519715,149.77883774244174 -96.5425785426701,32.718400082519715,89.72883774244173</coordinates>
                      </LinearRing>
                    </outerBoundaryIs>
                  </Polygon>
                  <Polygon>
                    <altitudeMode>absolute</altitudeMode>
                    <outerBoundaryIs>
                      <LinearRing>
                        <coordinates>-96.5425785426701,32.718400082519715,89.72883774244173 -96.5425785426701,32.718400082519715,149.77883774244174 -96.54228359029405,32.718148250809556,149.77883774244174 -96.54228359029405,32.718148250809556,89.72883774244173</coordinates>
                      </LinearRing>
                    </outerBoundaryIs>
                  </Polygon>
                  <Polygon>
                    <altitudeMode>absolute</altitudeMode>
                    <outerBoundaryIs>
                      <LinearRing>
                        <coordinates>-96.54228359029405,32.718148250809556,89.72883774244173 -96.54228359029405,32.718148250809556,149.77883774244174 -96.542749133763,32.717921124727155,149.77883774244174 -96.542749133763,32.717921124727155,89.72883774244173</coordinates>
                      </LinearRing>
                    </outerBoundaryIs>
                  </Polygon>
                </MultiGeometry>
              </Placemark>
            </Folder>
          </Folder>
          <Folder>
            <name>E197: uss1_dss astm.f3548.v21.dss.queryOperationalIntentReferences</name>
            <Placemark>
              <name>area_of_interest</name>
              <styleUrl>#QueryArea</styleUrl>
              <description><![CDATA[<ul><li>uss2's Activated 6f1caf0c-9fb3-4f5c-83fe-dde7c9eb1ff7[3]</li><li>uss2's Activated dbde5010-506a-4c77-b31d-0bad0aac0633[2]</li></ul>]]></description>
              <TimeSpan>
                <begin>2026-10-08T16:10:15.966562+00:00</begin>
                <end>2026-10-08T16:55:16.966562+00:00</end>
              </TimeSpan>
              <MultiGeometry>
                <Polygon>
                  <altitudeMode>absolute</altitudeMode>
                  <outerBoundaryIs>
                    <LinearRing>
                      <coordinates>-96.54319999519082,32.717772598729226,89.72907867636025 -96.54319999519082,32.718400082519715,89.72907867636025 -96.54228359029405,32.718400082519715,89.72907867636025 -96.54228359029405,32.717772598729226,89.72907867636025</coordinates>
                    </LinearRing>
                  </outerBoundaryIs>
                </Polygon>
                <Polygon>
                  <altitudeMode>absolute</altitudeMode>
                  <outerBoundaryIs>
                    <LinearRing>
                      <coordinates>-96.54319999519082,32.717772598729226,149.77907867636026 -96.54319999519082,32.718400082519715,149.77907867636026 -96.54228359029405,32.718400082519715,149.77907867636026 -96.54228359029405,32.717772598729226,149.77907867636026</coordinates>
                    </LinearRing>
                  </outerBoundaryIs>
                </Polygon>
                <Polygon>
                  <altitudeMode>absolute</altitudeMode>
                  <outerBoundaryIs>
                    <LinearRing>
                      <coordinates>-96.54319999519082,32.717772598729226,89.72907867636025 -96.54319999519082,32.717772598729226,149.77907867636026 -96.54319999519082,32.718400082519715,149.77907867636026 -96.54319999519082,32.718400082519715,89.72907867636025</coordinates>
                    </LinearRing>
                  </outerBoundaryIs>
                </Polygon>
                <Polygon>
                  <altitudeMode>absolute</altitudeMode>
                  <outerBoundaryIs>
                    <LinearRing>
                      <coordinates>-96.54319999519082,32.718400082519715,89.72907867636025 -96.54319999519082,32.718400082519715,149.77907867636026 -96.54228359029405,32.718400082519715,149.77907867636026 -96.54228359029405,32.718400082519715,89.72907867636025</coordinates>
                    </LinearRing>
                  </outerBoundaryIs>
                </Polygon>
                <Polygon>
                  <altitudeMode>absolute</altitudeMode>
                  <outerBoundaryIs>
                    <LinearRing>
                      <coordinates>-96.54228359029405,32.718400082519715,89.72907867636025 -96.54228359029405,32.718400082519715,149.77907867636026 -96.54228359029405,32.717772598729226,149.77907867636026 -96.54228359029405,32.717772598729226,89.72907867636025</coordinates>
                    </LinearRing>
                  </outerBoundaryIs>
                </Polygon>
                <Polygon>
                  <altitudeMode>absolute</altitudeMode>
                  <outerBoundaryIs>
                    <LinearRing>
                      <coordinates>-96.54228359029405,32.717772598729226,89.72907867636025 -96.54228359029405,32.717772598729226,149.77907867636026 -96.54319999519082,32.717772598729226,149.77907867636026 -96.54319999519082,32.717772598729226,89.72907867636025</coordinates>
                    </LinearRing>
                  </outerBoundaryIs>
                </Polygon>
              </MultiGeometry>
            </Placemark>
          </Folder>
          <Folder>
            <name>E202: uss2_core astm.f3548.v21.uss.getOperationalIntentDetails</name>
            <Folder>
              <name>uss2's P0 Activated 6f1caf0c-9fb3-4f5c-83fe-dde7c9eb1ff7[3] @ DLxUqQXGPbgz0-p8X.Qjlb0bLGD7NGvxDf2ghorr2nM_</name>
              <Placemark>
                <name>Nominal volume 0</name>
                <styleUrl>#F3548v21Activated</styleUrl>
                <TimeSpan>
                  <begin>2026-10-08T16:10:16.992203+00:00</begin>
                  <end>2026-10-08T16:55:16.966562+00:00</end>
                </TimeSpan>
                <MultiGeometry>
                  <Polygon>
                    <altitudeMode>absolute</altitudeMode>
                    <outerBoundaryIs>
                      <LinearRing>
                        <coordinates>-96.542749133763,32.717921124727155,89.72883774244173 -96.54296097562744,32.7181624412232,89.72883774244173 -96.5425785426701,32.718400082519715,89.72883774244173 -96.54228359029405,32.718148250809556,89.72883774244173</coordinates>
                      </LinearRing>
                    </outerBoundaryIs>
                  </Polygon>
                  <Polygon>
                    <altitudeMode>absolute</altitudeMode>
                    <outerBoundaryIs>
                      <LinearRing>
                        <coordinates>-96.542749133763,32.717921124727155,149.77883774244174 -96.54296097562744,32.7181624412232,149.77883774244174 -96.5425785426701,32.718400082519715,149.77883774244174 -96.54228359029405,32.718148250809556,149.77883774244174</coordinates>
                      </LinearRing>
                    </outerBoundaryIs>
                  </Polygon>
                  <Polygon>
                    <altitudeMode>absolute</altitudeMode>
                    <outerBoundaryIs>
                      <LinearRing>
                        <coordinates>-96.542749133763,32.717921124727155,89.72883774244173 -96.542749133763,32.717921124727155,149.77883774244174 -96.54296097562744,32.7181624412232,149.77883774244174 -96.54296097562744,32.7181624412232,89.72883774244173</coordinates>
                      </LinearRing>
                    </outerBoundaryIs>
                  </Polygon>
                  <Polygon>
                    <altitudeMode>absolute</altitudeMode>
                    <outerBoundaryIs>
                      <LinearRing>
                        <coordinates>-96.54296097562744,32.7181624412232,89.72883774244173 -96.54296097562744,32.7181624412232,149.77883774244174 -96.5425785426701,32.718400082519715,149.77883774244174 -96.5425785426701,32.718400082519715,89.72883774244173</coordinates>
                      </LinearRing>
                    </outerBoundaryIs>
                  </Polygon>
                  <Polygon>
                    <altitudeMode>absolute</altitudeMode>
                    <outerBoundaryIs>
                      <LinearRing>
                        <coordinates>-96.5425785426701,32.718400082519715,89.72883774244173 -96.5425785426701,32.718400082519715,149.77883774244174 -96.54228359029405,32.718148250809556,149.77883774244174 -96.54228359029405,32.718148250809556,89.72883774244173</coordinates>
                      </LinearRing>
                    </outerBoundaryIs>
                  </Polygon>
                  <Polygon>
                    <altitudeMode>absolute</altitudeMode>
                    <outerBoundaryIs>
                      <LinearRing>
                        <coordinates>-96.54228359029405,32.718148250809556,89.72883774244173 -96.54228359029405,32.718148250809556,149.77883774244174 -96.542749133763,32.717921124727155,149.77883774244174 -96.542749133763,32.717921124727155,89.72883774244173</coordinates>
                      </LinearRing>
                    </outerBoundaryIs>
                  </Polygon>
                </MultiGeometry>
              </Placemark>
            </Folder>
          </Folder>
        </Folder>
      </Folder>
      <Folder>
        <name>Attempt to modify activated flight into conflict</name>
        <Folder>
          <name>Modify activated Flight 2 to not conflict with activated Flight 1</name>
          <Folder>
            <name>E211: uss1_dss astm.f3548.v21.dss.queryOperationalIntentReferences</name>
            <Placemark>
              <name>area_of_interest</name>
              <styleUrl>#QueryArea</styleUrl>
              <description><![CDATA[<ul><li>uss2's Activated 6f1caf0c-9fb3-4f5c-83fe-dde7c9eb1ff7[3]</li><li>uss2's Activated dbde5010-506a-4c77-b31d-0bad0aac0633[2]</li></ul>]]></description>
              <TimeSpan>
                <begin>2026-10-08T16:10:16.185476+00:00</begin>
                <end>2026-10-08T16:55:17.185476+00:00</end>
              </TimeSpan>
              <MultiGeometry>
                <Polygon>
                  <altitudeMode>absolute</altitudeMode>
                  <outerBoundaryIs>
                    <LinearRing>
                      <coordinates>-96.54333904130766,32.71806464808114,116.68957103111411 -96.54333904130766,32.71842478527735,116.68957103111411 -96.54270945813059,32.71842478527735,116.68957103111411 -96.54270945813059,32.71806464808114,116.68957103111411</coordinates>
                    </LinearRing>
                  </outerBoundaryIs>
                </Polygon>
                <Polygon>
                  <altitudeMode>absolute</altitudeMode>
                  <outerBoundaryIs>
                    <LinearRing>
                      <coordinates>-96.54333904130766,32.71806464808114,169.77957103111413 -96.54333904130766,32.71842478527735,169.77957103111413 -96.54270945813059,32.71842478527735,169.77957103111413 -96.54270945813059,32.71806464808114,169.77957103111413</coordinates>
                    </LinearRing>
                  </outerBoundaryIs>
                </Polygon>
                <Polygon>
                  <altitudeMode>absolute</altitudeMode>
                  <outerBoundaryIs>
                    <LinearRing>
                      <coordinates>-96.54333904130766,32.71806464808114,116.68957103111411 -96.54333904130766,32.71806464808114,169.77957103111413 -96.54333904130766,32.71842478527735,169.77957103111413 -96.54333904130766,32.71842478527735,116.68957103111411</coordinates>
                    </LinearRing>
                  </outerBoundaryIs>
                </Polygon>
                <Polygon>
                  <altitudeMode>absolute</altitudeMode>
                  <outerBoundaryIs>
                    <LinearRing>
                      <coordinates>-96.54333904130766,32.71842478527735,116.68957103111411 -96.54333904130766,32.71842478527735,169.77957103111413 -96.54270945813059,32.71842478527735,169.77957103111413 -96.54270945813059,32.71842478527735,116.68957103111411</coordinates>
                    </LinearRing>
                  </outerBoundaryIs>
                </Polygon>
                <Polygon>
                  <altitudeMode>absolute</altitudeMode>
                  <outerBoundaryIs>
                    <LinearRing>
                      <coordinates>-96.54270945813059,32.71842478527735,116.68957103111411 -96.54270945813059,32.71842478527735,169.77957103111413 -96.54270945813059,32.71806464808114,169.77957103111413 -96.54270945813059,32.71806464808114,116.68957103111411</coordinates>
                    </LinearRing>
                  </outerBoundaryIs>
                </Polygon>
                <Polygon>
                  <altitudeMode>absolute</altitudeMode>
                  <outerBoundaryIs>
                    <LinearRing>
                      <coordinates>-96.54270945813059,32.71806464808114,116.68957103111411 -96.54270945813059,32.71806464808114,169.77957103111413 -96.54333904130766,32.71806464808114,169.77957103111413 -96.54333904130766,32.71806464808114,116.68957103111411</coordinates>
                    </LinearRing>
                  </outerBoundaryIs>
                </Polygon>
              </MultiGeometry>
            </Placemark>
          </Folder>
          <Folder>
            <name>E213: uss2_core interuss.automated_testing.flight_planning.v1.UpsertFlightPlan</name>
            <Folder>
              <name>Activity Completed, flight OkToFly</name>
              <Placemark>
                <name>Volume 0</name>
                <styleUrl>#InUse_Nominal</styleUrl>
                <TimeSpan>
                  <begin>2026-10-08T16:10:16.185476+00:00</begin>
                  <end>2026-10-08T16:55:17.185476+00:00</end>
                </TimeSpan>
                <MultiGeometry>
                  <Polygon>
                    <altitudeMode>absolute</altitudeMode>
                    <outerBoundaryIs>
                      <LinearRing>
                        <coordinates>-96.5433184133351,32.71806464808114,116.68974723573206 -96.54270945813057,32.71838089176617,116.68974723573206 -96.54333904130766,32.71842478527735,116.68974723573206</coordinates>
                      </LinearRing>
                    </outerBoundaryIs>
                  </Polygon>
                  <Polygon>
                    <altitudeMode>absolute</altitudeMode>
                    <outerBoundaryIs>
                      <LinearRing>
                        <coordinates>-96.5433184133351,32.71806464808114,169.77974723573206 -96.54270945813057,32.71838089176617,169.77974723573206 -96.54333904130766,32.71842478527735,169.77974723573206</coordinates>
                      </LinearRing>
                    </outerBoundaryIs>
                  </Polygon>
                  <Polygon>
                    <altitudeMode>absolute</altitudeMode>
                    <outerBoundaryIs>
                      <LinearRing>
                        <coordinates>-96.5433184133351,32.71806464808114,116.68974723573206 -96.5433184133351,32.71806464808114,169.77974723573206 -96.54270945813057,32.71838089176617,169.77974723573206 -96.54270945813057,32.71838089176617,116.68974723573206</coordinates>
                      </LinearRing>
                    </outerBoundaryIs>
                  </Polygon>
                  <Polygon>
                    <altitudeMode>absolute</altitudeMode>
                    <outerBoundaryIs>
                      <LinearRing>
                        <coordinates>-96.54270945813057,32.71838089176617,116.68974723573206 -96.54270945813057,32.71838089176617,169.77974723573206 -96.54333904130766,32.71842478527735,169.77974723573206 -96.54333904130766,32.71842478527735,116.68974723573206</coordinates>
                      </LinearRing>
                    </outerBoundaryIs>
                  </Polygon>
                  <Polygon>
                    <altitudeMode>absolute</altitudeMode>
                    <outerBoundaryIs>
                      <LinearRing>
                        <coordinates>-96.54333904130766,32.71842478527735,116.68974723573206 -96.54333904130766,32.71842478527735,169.77974723573206 -96.5433184133351,32.71806464808114,169.77974723573206 -96.5433184133351,32.71806464808114,116.68974723573206</coordinates>
                      </LinearRing>
                    </outerBoundaryIs>
                  </Polygon>
                </MultiGeometry>
              </Placemark>
            </Folder>
          </Folder>
          <Folder>
            <name>E217: uss1_dss astm.f3548.v21.dss.queryOperationalIntentReferences</name>
            <Placemark>
              <name>area_of_interest</name>
              <styleUrl>#QueryArea</styleUrl>
              <description><![CDATA[<ul><li>uss2's Activated 6f1caf0c-9fb3-4f5c-83fe-dde7c9eb1ff7[3]</li><li>uss2's Activated dbde5010-506a-4c77-b31d-0bad0aac0633[3]</li></ul>]]></description>
              <TimeSpan>
                <begin>2026-10-08T16:10:16.185476+00:00</begin>
                <end>2026-10-08T16:55:17.185476+00:00</end>
              </TimeSpan>
              <MultiGeometry>
                <Polygon>
                  <altitudeMode>absolute</altitudeMode>
                  <outerBoundaryIs>
                    <LinearRing>
                      <coordinates>-96.54333904130766,32.71806464808114,116.68957103111411 -96.54333904130766,32.71842478527735,116.68957103111411 -96.54270945813059,32.71842478527735,116.68957103111411 -96.54270945813059,32.71806464808114,116.68957103111411</coordinates>
                    </LinearRing>
                  </outerBoundaryIs>
                </Polygon>
                <Polygon>
                  <altitudeMode>absolute</altitudeMode>
                  <outerBoundaryIs>
                    <LinearRing>
                      <coordinates>-96.54333904130766,32.71806464808114,169.77957103111413 -96.54333904130766,32.71842478527735,169.77957103111413 -96.54270945813059,32.71842478527735,169.77957103111413 -96.54270945813059,32.71806464808114,169.77957103111413</coordinates>
                    </LinearRing>
                  </outerBoundaryIs>
                </Polygon>
                <Polygon>
                  <altitudeMode>absolute</altitudeMode>
                  <outerBoundaryIs>
                    <LinearRing>
                      <coordinates>-96.54333904130766,32.71806464808114,116.68957103111411 -96.54333904130766,32.71806464808114,169.77957103111413 -96.54333904130766,32.71842478527735,169.77957103111413 -96.54333904130766,32.71842478527735,116.68957103111411</coordinates>
                    </LinearRing>
                  </outerBoundaryIs>
                </Polygon>
                <Polygon>
                  <altitudeMode>absolute</altitudeMode>
                  <outerBoundaryIs>
                    <LinearRing>
                      <coordinates>-96.54333904130766,32.71842478527735,116.68957103111411 -96.54333904130766,32.71842478527735,169.77957103111413 -96.54270945813059,32.71842478527735,169.77957103111413 -96.54270945813059,32.71842478527735,116.68957103111411</coordinates>
                    </LinearRing>
                  </outerBoundaryIs>
                </Polygon>
                <Polygon>
                  <altitudeMode>absolute</altitudeMode>
                  <outerBoundaryIs>
                    <LinearRing>
                      <coordinates>-96.54270945813059,32.71842478527735,116.68957103111411 -96.54270945813059,32.71842478527735,169.77957103111413 -96.54270945813059,32.71806464808114,169.77957103111413 -96.54270945813059,32.71806464808114,116.68957103111411</coordinates>
                    </LinearRing>
                  </outerBoundaryIs>
                </Polygon>
                <Polygon>
                  <altitudeMode>absolute</altitudeMode>
                  <outerBoundaryIs>
                    <LinearRing>
                      <coordinates>-96.54270945813059,32.71806464808114,116.68957103111411 -96.54270945813059,32.71806464808114,169.77957103111413 -96.54333904130766,32.71806464808114,169.77957103111413 -96.54333904130766,32.71806464808114,116.68957103111411</coordinates>
                    </LinearRing>
                  </outerBoundaryIs>
                </Polygon>
              </MultiGeometry>
            </Placemark>
          </Folder>
          <Folder>
            <name>E222: uss2_core astm.f3548.v21.uss.getOperationalIntentDetails</name>
            <Folder>
              <name>uss2's P100 Activated dbde5010-506a-4c77-b31d-0bad0aac0633[3] @ 4dmiiUxXmEPUH97qTAx-bhmH45Vof32tX77W07VJCZY_</name>
              <Placemark>
                <name>Nominal volume 0</name>
                <styleUrl>#F3548v21Activated</styleUrl>
                <TimeSpan>
                  <begin>2026-10-08T16:10:17.211689+00:00</begin>
                  <end>2026-10-08T16:55:17.185476+00:00</end>
                </TimeSpan>
                <MultiGeometry>
                  <Polygon>
                    <altitudeMode>absolute</altitudeMode>
                    <outerBoundaryIs>
                      <LinearRing>
                        <coordinates>-96.5433184133351,32.71806464808114,116.68974723573206 -96.54270945813057,32.71838089176617,116.68974723573206 -96.54333904130766,32.71842478527735,116.68974723573206</coordinates>
                      </LinearRing>
                    </outerBoundaryIs>
                  </Polygon>
                  <Polygon>
                    <altitudeMode>absolute</altitudeMode>
                    <outerBoundaryIs>
                      <LinearRing>
                        <coordinates>-96.5433184133351,32.71806464808114,169.77974723573206 -96.54270945813057,32.71838089176617,169.77974723573206 -96.54333904130766,32.71842478527735,169.77974723573206</coordinates>
                      </LinearRing>
                    </outerBoundaryIs>
                  </Polygon>
                  <Polygon>
                    <altitudeMode>absolute</altitudeMode>
                    <outerBoundaryIs>
                      <LinearRing>
                        <coordinates>-96.5433184133351,32.71806464808114,116.68974723573206 -96.5433184133351,32.71806464808114,169.77974723573206 -96.54270945813057,32.71838089176617,169.77974723573206 -96.54270945813057,32.71838089176617,116.68974723573206</coordinates>
                      </LinearRing>
                    </outerBoundaryIs>
                  </Polygon>
                  <Polygon>
                    <altitudeMode>absolute</altitudeMode>
                    <outerBoundaryIs>
                      <LinearRing>
                        <coordinates>-96.54270945813057,32.71838089176617,116.68974723573206 -96.54270945813057,32.71838089176617,169.77974723573206 -96.54333904130766,32.71842478527735,169.77974723573206 -96.54333904130766,32.71842478527735,116.68974723573206</coordinates>
                      </LinearRing>
                    </outerBoundaryIs>
                  </Polygon>
                  <Polygon>
                    <altitudeMode>absolute</altitudeMode>
                    <outerBoundaryIs>
                      <LinearRing>
                        <coordinates>-96.54333904130766,32.71842478527735,116.68974723573206 -96.54333904130766,32.71842478527735,169.77974723573206 -96.5433184133351,32.71806464808114,169.77974723573206 -96.5433184133351,32.71806464808114,116.68974723573206</coordinates>
                      </LinearRing>
                    </outerBoundaryIs>
                  </Polygon>
                </MultiGeometry>
              </Placemark>
            </Folder>
          </Folder>
        </Folder>
        <Folder>
          <name>Attempt to modify activated Flight 1 into conflict</name>
          <Folder>
            <name>E231: uss1_dss astm.f3548.v21.dss.queryOperationalIntentReferences</name>
            <Placemark>
              <name>area_of_interest</name>
              <styleUrl>#QueryArea</styleUrl>
              <description><![CDATA[<ul><li>uss2's Activated 6f1caf0c-9fb3-4f5c-83fe-dde7c9eb1ff7[3]</li><li>uss2's Activated dbde5010-506a-4c77-b31d-0bad0aac0633[3]</li></ul>]]></description>
              <TimeSpan>
                <begin>2026-10-08T16:10:16.446284+00:00</begin>
                <end>2026-10-08T16:55:17.446284+00:00</end>
              </TimeSpan>
              <MultiGeometry>
                <Polygon>
                  <altitudeMode>absolute</altitudeMode>
                  <outerBoundaryIs>
                    <LinearRing>
                      <coordinates>-96.54305221669254,32.717921124727155,89.72883208314559 -96.54305221669254,32.71860301721923,89.72883208314559 -96.54228359029405,32.71860301721923,89.72883208314559 -96.54228359029405,32.717921124727155,89.72883208314559</coordinates>
                    </LinearRing>
                  </outerBoundaryIs>
                </Polygon>
                <Polygon>
                  <altitudeMode>absolute</altitudeMode>
                  <outerBoundaryIs>
                    <LinearRing>
                      <coordinates>-96.54305221669254,32.717921124727155,154.7788320831456 -96.54305221669254,32.71860301721923,154.7788320831456 -96.54228359029405,32.71860301721923,154.7788320831456 -96.54228359029405,32.717921124727155,154.7788320831456</coordinates>
                    </LinearRing>
                  </outerBoundaryIs>
                </Polygon>
                <Polygon>
                  <altitudeMode>absolute</altitudeMode>
                  <outerBoundaryIs>
                    <LinearRing>
                      <coordinates>-96.54305221669254,32.717921124727155,89.72883208314559 -96.54305221669254,32.717921124727155,154.7788320831456 -96.54305221669254,32.71860301721923,154.7788320831456 -96.54305221669254,32.71860301721923,89.72883208314559</coordinates>
                    </LinearRing>
                  </outerBoundaryIs>
                </Polygon>
                <Polygon>
                  <altitudeMode>absolute</altitudeMode>
                  <outerBoundaryIs>
                    <LinearRing>
                      <coordinates>-96.54305221669254,32.71860301721923,89.72883208314559 -96.54305221669254,32.71860301721923,154.7788320831456 -96.54228359029405,32.71860301721923,154.7788320831456 -96.54228359029405,32.71860301721923,89.72883208314559</coordinates>
                    </LinearRing>
                  </outerBoundaryIs>
                </Polygon>
                <Polygon>
                  <altitudeMode>absolute</altitudeMode>
                  <outerBoundaryIs>
                    <LinearRing>
                      <coordinates>-96.54228359029405,32.71860301721923,89.72883208314559 -96.54228359029405,32.71860301721923,154.7788320831456 -96.54228359029405,32.717921124727155,154.7788320831456 -96.54228359029405,32.717921124727155,89.72883208314559</coordinates>
                    </LinearRing>
                  </outerBoundaryIs>
                </Polygon>
                <Polygon>
                  <altitudeMode>absolute</altitudeMode>
                  <outerBoundaryIs>
                    <LinearRing>
                      <coordinates>-96.54228359029405,32.717921124727155,89.72883208314559 -96.54228359029405,32.717921124727155,154.7788320831456 -96.54305221669254,32.717921124727155,154.7788320831456 -96.54305221669254,32.717921124727155,89.72883208314559</coordinates>
                    </LinearRing>
                  </outerBoundaryIs>
                </Polygon>
              </MultiGeometry>
            </Placemark>
          </Folder>
          <Folder>
            <name>E233: uss2_core interuss.automated_testing.flight_planning.v1.UpsertFlightPlan</name>
            <Folder>
              <name>Activity Rejected, flight OkToFly</name>
              <Placemark>
                <name>Volume 0</name>
                <styleUrl>#InUse_Nominal</styleUrl>
                <TimeSpan>
                  <begin>2026-10-08T16:10:16.446284+00:00</begin>
                  <end>2026-10-08T16:55:17.446284+00:00</end>
                </TimeSpan>
                <MultiGeometry>
                  <Polygon>
                    <altitudeMode>absolute</altitudeMode>
                    <outerBoundaryIs>
                      <LinearRing>
                        <coordinates>-96.54255791777425,32.71803994519902,119.83871070320222 -96.54305221669254,32.71860301721923,119.83871070320222 -96.5425785426701,32.718400082519715,119.83871070320222 -96.54228359029405,32.718148250809556,119.83871070320222</coordinates>
                      </LinearRing>
                    </outerBoundaryIs>
                  </Polygon>
                  <Polygon>
                    <altitudeMode>absolute</altitudeMode>
                    <outerBoundaryIs>
                      <LinearRing>
                        <coordinates>-96.54255791777425,32.71803994519902,154.77871070320222 -96.54305221669254,32.71860301721923,154.77871070320222 -96.5425785426701,32.718400082519715,154.77871070320222 -96.54228359029405,32.718148250809556,154.77871070320222</coordinates>
                      </LinearRing>
                    </outerBoundaryIs>
                  </Polygon>
                  <Polygon>
                    <altitudeMode>absolute</altitudeMode>
                    <outerBoundaryIs>
                      <LinearRing>
                        <coordinates>-96.54255791777425,32.71803994519902,119.83871070320222 -96.54255791777425,32.71803994519902,154.77871070320222 -96.54305221669254,32.71860301721923,154.77871070320222 -96.54305221669254,32.71860301721923,119.83871070320222</coordinates>
                      </LinearRing>
                    </outerBoundaryIs>
                  </Polygon>
                  <Polygon>
                    <altitudeMode>absolute</altitudeMode>
                    <outerBoundaryIs>
                      <LinearRing>
                        <coordinates>-96.54305221669254,32.71860301721923,119.83871070320222 -96.54305221669254,32.71860301721923,154.77871070320222 -96.5425785426701,32.718400082519715,154.77871070320222 -96.5425785426701,32.718400082519715,119.83871070320222</coordinates>
                      </LinearRing>
                    </outerBoundaryIs>
                  </Polygon>
                  <Polygon>
                    <altitudeMode>absolute</altitudeMode>
                    <outerBoundaryIs>
                      <LinearRing>
                        <coordinates>-96.5425785426701,32.718400082519715,119.83871070320222 -96.5425785426701,32.718400082519715,154.77871070320222 -96.54228359029405,32.718148250809556,154.77871070320222 -96.54228359029405,32.718148250809556,119.83871070320222</coordinates>
                      </LinearRing>
                    </outerBoundaryIs>
                  </Polygon>
                  <Polygon>
                    <altitudeMode>absolute</altitudeMode>
                    <outerBoundaryIs>
                      <LinearRing>
                        <coordinates>-96.54228359029405,32.718148250809556,119.83871070320222 -96.54228359029405,32.718148250809556,154.77871070320222 -96.54255791777425,32.71803994519902,154.77871070320222 -96.54255791777425,32.71803994519902,119.83871070320222</coordinates>
                      </LinearRing>
                    </outerBoundaryIs>
                  </Polygon>
                </MultiGeometry>
              </Placemark>
            </Folder>
          </Folder>
          <Folder>
            <name>E236: uss1_dss astm.f3548.v21.dss.queryOperationalIntentReferences</name>
            <Placemark>
              <name>area_of_interest</name>
              <styleUrl>#QueryArea</styleUrl>
              <description><![CDATA[<ul><li>uss2's Activated 6f1caf0c-9fb3-4f5c-83fe-dde7c9eb1ff7[3]</li><li>uss2's Activated dbde5010-506a-4c77-b31d-0bad0aac0633[3]</li></ul>]]></description>
              <TimeSpan>
                <begin>2026-10-08T16:10:16.446284+00:00</begin>
                <end>2026-10-08T16:55:17.446284+00:00</end>
              </TimeSpan>
              <MultiGeometry>
                <Polygon>
                  <altitudeMode>absolute</altitudeMode>
                  <outerBoundaryIs>
                    <LinearRing>
                      <coordinates>-96.54305221669254,32.717921124727155,89.72883208314559 -96.54305221669254,32.71860301721923,89.72883208314559 -96.54228359029405,32.71860301721923,89.72883208314559 -96.54228359029405,32.717921124727155,89.72883208314559</coordinates>
                    </LinearRing>
                  </outerBoundaryIs>
                </Polygon>
                <Polygon>
                  <altitudeMode>absolute</altitudeMode>
                  <outerBoundaryIs>
                    <LinearRing>
                      <coordinates>-96.54305221669254,32.717921124727155,154.7788320831456 -96.54305221669254,32.71860301721923,154.7788320831456 -96.54228359029405,32.71860301721923,154.7788320831456 -96.54228359029405,32.717921124727155,154.7788320831456</coordinates>
                    </LinearRing>
                  </outerBoundaryIs>
                </Polygon>
                <Polygon>
                  <altitudeMode>absolute</altitudeMode>
                  <outerBoundaryIs>
                    <LinearRing>
                      <coordinates>-96.54305221669254,32.717921124727155,89.72883208314559 -96.54305221669254,32.717921124727155,154.7788320831456 -96.54305221669254,32.71860301721923,154.7788320831456 -96.54305221669254,32.71860301721923,89.72883208314559</coordinates>
                    </LinearRing>
                  </outerBoundaryIs>
                </Polygon>
                <Polygon>
                  <altitudeMode>absolute</altitudeMode>
                  <outerBoundaryIs>
                    <LinearRing>
                      <coordinates>-96.54305221669254,32.71860301721923,89.72883208314559 -96.54305221669254,32.71860301721923,154.7788320831456 -96.54228359029405,32.71860301721923,154.7788320831456 -96.54228359029405,32.71860301721923,89.72883208314559</coordinates>
                    </LinearRing>
                  </outerBoundaryIs>
                </Polygon>
                <Polygon>
                  <altitudeMode>absolute</altitudeMode>
                  <outerBoundaryIs>
                    <LinearRing>
                      <coordinates>-96.54228359029405,32.71860301721923,89.72883208314559 -96.54228359029405,32.71860301721923,154.7788320831456 -96.54228359029405,32.717921124727155,154.7788320831456 -96.54228359029405,32.717921124727155,89.72883208314559</coordinates>
                    </LinearRing>
                  </outerBoundaryIs>
                </Polygon>
                <Polygon>
                  <altitudeMode>absolute</altitudeMode>
                  <outerBoundaryIs>
                    <LinearRing>
                      <coordinates>-96.54228359029405,32.717921124727155,89.72883208314559 -96.54228359029405,32.717921124727155,154.7788320831456 -96.54305221669254,32.717921124727155,154.7788320831456 -96.54305221669254,32.717921124727155,89.72883208314559</coordinates>
                    </LinearRing>
                  </outerBoundaryIs>
                </Polygon>
              </MultiGeometry>
            </Placemark>
          </Folder>
        </Folder>
      </Folder>
      <Folder>
        <name/>
        <Folder>
          <name>Cleanup</name>
        </Folder>
      </Folder>
    </Folder>
  </Document>
</kml>
